2026-09-02 16:15:05,959 - INFO - Monitoring system started.
2026-09-02 16:15:49,062 - INFO - Website opened: https://books.toscrape.com/
2026-09-02 16:15:49,062 - INFO - Scraping page 1
2026-09-02 16:15:49,249 - INFO - Product: A Light in the Attic | Price: 51.77 | Availability: In stock | Status: NO CHANGE
2026-09-02 16:15:49,357 - INFO - Product: Tipping the Velvet | Price: 53.74 | Availability: In stock | Status: NO CHANGE
2026-09-02 16:15:49,458 - INFO - Product: Soumission | Price: 50.1 | Availability: In stock | Status: NO CHANGE
2026-09-02 16:15:49,561 - INFO - Product: Sharp Objects | Price: 47.82 | Availability: In stock | Status: NO CHANGE
2026-09-02 16:15:49,669 - INFO - Product: Sapiens: A Brief History of Humankind | Price: 54.23 | Availability: In stock | Status: NO CHANGE
2026-09-02 16:15:49,786 - INFO - Product: The Requiem Red | Price: 22.65 | Availability: In stock | Status: NO CHANGE
2026-09-02 16:15:49,899 - INFO - Product: The Dirty Little Secrets of Getting Your Dream Job | Price: 33.34 | Availability: In stock | Status: NO CHANGE
2026-09-02 16:15:50,008 - INFO - Product: The Coming Woman: A Novel Based on the Life of the Infamous Feminist, Victoria Woodhull | Price: 17.93 | Availability: In stock | Status: NO CHANGE
2026-09-02 16:15:50,127 - INFO - Product: The Boys in the Boat: Nine Americans and Their Epic Quest for Gold at the 1936 Berlin Olympics | Price: 22.6 | Availability: In stock | Status: NO CHANGE
2026-09-02 16:15:50,230 - INFO - Product: The Black Maria | Price: 52.15 | Availability: In stock | Status: NO CHANGE
2026-09-02 16:15:50,325 - INFO - Product: Starving Hearts (Triangular Trade Trilogy, #1) | Price: 13.99 | Availability: In stock | Status: NO CHANGE
2026-09-02 16:15:50,445 - INFO - Product: Shakespeare's Sonnets | Price: 20.66 | Availability: In stock | Status: NO CHANGE
2026-09-02 16:15:50,590 - INFO - Product: Set Me Free | Price: 17.46 | Availability: In stock | Status: NO CHANGE
2026-09-02 16:15:50,724 - INFO - Product: Scott Pilgrim's Precious Little Life (Scott Pilgrim #1) | Price: 52.29 | Availability: In stock | Status: NO CHANGE
2026-09-02 16:15:50,805 - INFO - Product: Rip it Up and Start Again | Price: 35.02 | Availability: In stock | Status: NO CHANGE
2026-09-02 16:15:50,906 - INFO - Product: Our Band Could Be Your Life: Scenes from the American Indie Underground, 1981-1991 | Price: 57.25 | Availability: In stock | Status: NO CHANGE
2026-09-02 16:15:50,984 - INFO - Product: Olio | Price: 23.88 | Availability: In stock | Status: NO CHANGE
2026-09-02 16:15:51,075 - INFO - Product: Mesaerion: The Best Science Fiction Stories 1800-1849 | Price: 37.59 | Availability: In stock | Status: NO CHANGE
2026-09-02 16:15:51,169 - INFO - Product: Libertarianism for Beginners | Price: 51.33 | Availability: In stock | Status: NO CHANGE
2026-09-02 16:15:51,256 - INFO - Product: It's Only the Himalayas | Price: 45.17 | Availability: In stock | Status: NO CHANGE
2026-09-02 16:15:51,269 - INFO - Moving from page 1 to next page.
2026-09-02 16:15:59,470 - INFO - Scraping page 2
2026-09-02 16:15:59,597 - INFO - Product: In Her Wake | Price: 12.84 | Availability: In stock | Status: NO CHANGE
2026-09-02 16:15:59,728 - INFO - Product: How Music Works | Price: 37.32 | Availability: In stock | Status: NO CHANGE
2026-09-02 16:15:59,884 - INFO - Product: Foolproof Preserving: A Guide to Small Batch Jams, Jellies, Pickles, Condiments, and More: A Foolproof Guide to Making Small Batch Jams, Jellies, Pickles, Condiments, and More | Price: 30.52 | Availability: In stock | Status: NO CHANGE
2026-09-02 16:16:00,064 - INFO - Product: Chase Me (Paris Nights #2) | Price: 25.27 | Availability: In stock | Status: NO CHANGE
2026-09-02 16:16:00,221 - INFO - Product: Black Dust | Price: 34.53 | Availability: In stock | Status: NO CHANGE
2026-09-02 16:16:00,322 - INFO - Product: Birdsong: A Story in Pictures | Price: 54.64 | Availability: In stock | Status: NO CHANGE
2026-09-02 16:16:00,429 - INFO - Product: America's Cradle of Quarterbacks: Western Pennsylvania's Football Factory from Johnny Unitas to Joe Montana | Price: 22.5 | Availability: In stock | Status: NO CHANGE
2026-09-02 16:16:00,572 - INFO - Product: Aladdin and His Wonderful Lamp | Price: 53.13 | Availability: In stock | Status: NO CHANGE
2026-09-02 16:16:00,673 - INFO - Product: Worlds Elsewhere: Journeys Around Shakespeare’s Globe | Price: 40.3 | Availability: In stock | Status: NO CHANGE
2026-09-02 16:16:00,763 - INFO - Product: Wall and Piece | Price: 44.18 | Availability: In stock | Status: NO CHANGE
2026-09-02 16:16:00,876 - INFO - Product: The Four Agreements: A Practical Guide to Personal Freedom | Price: 17.66 | Availability: In stock | Status: NO CHANGE
2026-09-02 16:16:00,977 - INFO - Product: The Five Love Languages: How to Express Heartfelt Commitment to Your Mate | Price: 31.05 | Availability: In stock | Status: NO CHANGE
2026-09-02 16:16:01,184 - INFO - Product: The Elephant Tree | Price: 23.82 | Availability: In stock | Status: NO CHANGE
2026-09-02 16:16:01,282 - INFO - Product: The Bear and the Piano | Price: 36.89 | Availability: In stock | Status: NO CHANGE
2026-09-02 16:16:01,377 - INFO - Product: Sophie's World | Price: 15.94 | Availability: In stock | Status: NO CHANGE
2026-09-02 16:16:01,460 - INFO - Product: Penny Maybe | Price: 33.29 | Availability: In stock | Status: NO CHANGE
2026-09-02 16:16:01,547 - INFO - Product: Maude (1883-1993):She Grew Up with the country | Price: 18.02 | Availability: In stock | Status: NO CHANGE
2026-09-02 16:16:01,658 - INFO - Product: In a Dark, Dark Wood | Price: 19.63 | Availability: In stock | Status: NO CHANGE
2026-09-02 16:16:01,737 - INFO - Product: Behind Closed Doors | Price: 52.22 | Availability: In stock | Status: NO CHANGE
2026-09-02 16:16:01,831 - INFO - Product: You can't bury them all: Poems | Price: 33.63 | Availability: In stock | Status: NO CHANGE
2026-09-02 16:16:01,841 - INFO - Moving from page 2 to next page.
2026-09-02 16:16:07,691 - INFO - Scraping page 3
2026-09-02 16:16:07,832 - INFO - Product: Slow States of Collapse: Poems | Price: 57.31 | Availability: In stock | Status: NO CHANGE
2026-09-02 16:16:07,906 - INFO - Product: Reasons to Stay Alive | Price: 26.41 | Availability: In stock | Status: NO CHANGE
2026-09-02 16:16:08,017 - INFO - Product: Private Paris (Private #10) | Price: 47.61 | Availability: In stock | Status: NO CHANGE
2026-09-02 16:16:08,110 - INFO - Product: #HigherSelfie: Wake Up Your Life. Free Your Soul. Find Your Tribe. | Price: 23.11 | Availability: In stock | Status: NO CHANGE
2026-09-02 16:16:08,184 - INFO - Product: Without Borders (Wanderlove #1) | Price: 45.07 | Availability: In stock | Status: NO CHANGE
2026-09-02 16:16:08,262 - INFO - Product: When We Collided | Price: 31.77 | Availability: In stock | Status: NO CHANGE
2026-09-02 16:16:08,337 - INFO - Product: We Love You, Charlie Freeman | Price: 50.27 | Availability: In stock | Status: NO CHANGE
2026-09-02 16:16:08,416 - INFO - Product: Untitled Collection: Sabbath Poems 2014 | Price: 14.27 | Availability: In stock | Status: NO CHANGE
2026-09-02 16:16:08,487 - INFO - Product: Unseen City: The Majesty of Pigeons, the Discreet Charm of Snails & Other Wonders of the Urban Wilderness | Price: 44.18 | Availability: In stock | Status: NO CHANGE
2026-09-02 16:16:08,556 - INFO - Product: Unicorn Tracks | Price: 18.78 | Availability: In stock | Status: NO CHANGE
2026-09-02 16:16:08,622 - INFO - Product: Unbound: How Eight Technologies Made Us Human, Transformed Society, and Brought Our World to the Brink | Price: 25.52 | Availability: In stock | Status: NO CHANGE
2026-09-02 16:16:08,689 - INFO - Product: Tsubasa: WoRLD CHRoNiCLE 2 (Tsubasa WoRLD CHRoNiCLE #2) | Price: 16.28 | Availability: In stock | Status: NO CHANGE
2026-09-02 16:16:08,764 - INFO - Product: Throwing Rocks at the Google Bus: How Growth Became the Enemy of Prosperity | Price: 31.12 | Availability: In stock | Status: NO CHANGE
2026-09-02 16:16:08,881 - INFO - Product: This One Summer | Price: 19.49 | Availability: In stock | Status: NO CHANGE
2026-09-02 16:16:08,966 - INFO - Product: Thirst | Price: 17.27 | Availability: In stock | Status: NO CHANGE
2026-09-02 16:16:09,063 - INFO - Product: The Torch Is Passed: A Harding Family Story | Price: 19.09 | Availability: In stock | Status: NO CHANGE
2026-09-02 16:16:09,165 - INFO - Product: The Secret of Dreadwillow Carse | Price: 56.13 | Availability: In stock | Status: NO CHANGE
2026-09-02 16:16:09,257 - INFO - Product: The Pioneer Woman Cooks: Dinnertime: Comfort Classics, Freezer Food, 16-Minute Meals, and Other Delicious Ways to Solve Supper! | Price: 56.41 | Availability: In stock | Status: NO CHANGE
2026-09-02 16:16:09,332 - INFO - Product: The Past Never Ends | Price: 56.5 | Availability: In stock | Status: NO CHANGE
2026-09-02 16:16:09,405 - INFO - Product: The Natural History of Us (The Fine Art of Pretending #2) | Price: 45.22 | Availability: In stock | Status: NO CHANGE
2026-09-02 16:16:09,412 - INFO - Moving from page 3 to next page.
2026-09-02 16:16:17,012 - INFO - Scraping page 4
2026-09-02 16:16:17,130 - INFO - Product: The Nameless City (The Nameless City #1) | Price: 38.16 | Availability: In stock | Status: NO CHANGE
2026-09-02 16:16:17,244 - INFO - Product: The Murder That Never Was (Forensic Instincts #5) | Price: 54.11 | Availability: In stock | Status: NO CHANGE
2026-09-02 16:16:17,353 - INFO - Product: The Most Perfect Thing: Inside (and Outside) a Bird's Egg | Price: 42.96 | Availability: In stock | Status: NO CHANGE
2026-09-02 16:16:17,475 - INFO - Product: The Mindfulness and Acceptance Workbook for Anxiety: A Guide to Breaking Free from Anxiety, Phobias, and Worry Using Acceptance and Commitment Therapy | Price: 23.89 | Availability: In stock | Status: NO CHANGE
2026-09-02 16:16:17,553 - INFO - Product: The Life-Changing Magic of Tidying Up: The Japanese Art of Decluttering and Organizing | Price: 16.77 | Availability: In stock | Status: NO CHANGE
2026-09-02 16:16:17,635 - INFO - Product: The Inefficiency Assassin: Time Management Tactics for Working Smarter, Not Longer | Price: 20.59 | Availability: In stock | Status: NO CHANGE
2026-09-02 16:16:17,710 - INFO - Product: The Gutsy Girl: Escapades for Your Life of Epic Adventure | Price: 37.13 | Availability: In stock | Status: NO CHANGE
2026-09-02 16:16:17,826 - INFO - Product: The Electric Pencil: Drawings from Inside State Hospital No. 3 | Price: 56.06 | Availability: In stock | Status: NO CHANGE
2026-09-02 16:16:17,914 - INFO - Product: The Death of Humanity: and the Case for Life | Price: 58.11 | Availability: In stock | Status: NO CHANGE
2026-09-02 16:16:18,007 - INFO - Product: The Bulletproof Diet: Lose up to a Pound a Day, Reclaim Energy and Focus, Upgrade Your Life | Price: 49.05 | Availability: In stock | Status: NO CHANGE
2026-09-02 16:16:18,114 - INFO - Product: The Art Forger | Price: 40.76 | Availability: In stock | Status: NO CHANGE
2026-09-02 16:16:18,219 - INFO - Product: The Age of Genius: The Seventeenth Century and the Birth of the Modern Mind | Price: 19.73 | Availability: In stock | Status: NO CHANGE
2026-09-02 16:16:18,329 - INFO - Product: The Activist's Tao Te Ching: Ancient Advice for a Modern Revolution | Price: 32.24 | Availability: In stock | Status: NO CHANGE
2026-09-02 16:16:18,433 - INFO - Product: Spark Joy: An Illustrated Master Class on the Art of Organizing and Tidying Up | Price: 41.83 | Availability: In stock | Status: NO CHANGE
2026-09-02 16:16:18,525 - INFO - Product: Soul Reader | Price: 39.58 | Availability: In stock | Status: NO CHANGE
2026-09-02 16:16:18,592 - INFO - Product: Security | Price: 39.25 | Availability: In stock | Status: NO CHANGE
2026-09-02 16:16:18,708 - INFO - Product: Saga, Volume 6 (Saga (Collected Editions) #6) | Price: 25.02 | Availability: In stock | Status: NO CHANGE
2026-09-02 16:16:18,794 - INFO - Product: Saga, Volume 5 (Saga (Collected Editions) #5) | Price: 51.04 | Availability: In stock | Status: NO CHANGE
2026-09-02 16:16:18,901 - INFO - Product: Reskilling America: Learning to Labor in the Twenty-First Century | Price: 19.83 | Availability: In stock | Status: NO CHANGE
2026-09-02 16:16:19,013 - INFO - Product: Rat Queens, Vol. 3: Demons (Rat Queens (Collected Editions) #11-15) | Price: 50.4 | Availability: In stock | Status: NO CHANGE
2026-09-02 16:16:19,030 - INFO - Moving from page 4 to next page.
2026-09-02 16:16:35,818 - INFO - Scraping page 5
2026-09-02 16:16:35,915 - INFO - Product: Princess Jellyfish 2-in-1 Omnibus, Vol. 01 (Princess Jellyfish 2-in-1 Omnibus #1) | Price: 13.61 | Availability: In stock | Status: NO CHANGE
2026-09-02 16:16:36,000 - INFO - Product: Princess Between Worlds (Wide-Awake Princess #5) | Price: 13.34 | Availability: In stock | Status: NO CHANGE
2026-09-02 16:16:36,070 - INFO - Product: Pop Gun War, Volume 1: Gift | Price: 18.97 | Availability: In stock | Status: NO CHANGE
2026-09-02 16:16:36,142 - INFO - Product: Political Suicide: Missteps, Peccadilloes, Bad Calls, Backroom Hijinx, Sordid Pasts, Rotten Breaks, and Just Plain Dumb Mistakes in the Annals of American Politics | Price: 36.28 | Availability: In stock | Status: NO CHANGE
2026-09-02 16:16:36,221 - INFO - Product: Patience | Price: 10.16 | Availability: In stock | Status: NO CHANGE
2026-09-02 16:16:36,285 - INFO - Product: Outcast, Vol. 1: A Darkness Surrounds Him (Outcast #1) | Price: 15.44 | Availability: In stock | Status: NO CHANGE
2026-09-02 16:16:36,387 - INFO - Product: orange: The Complete Collection 1 (orange: The Complete Collection #1) | Price: 48.41 | Availability: In stock | Status: NO CHANGE
2026-09-02 16:16:36,465 - INFO - Product: Online Marketing for Busy Authors: A Step-By-Step Guide | Price: 46.35 | Availability: In stock | Status: NO CHANGE
2026-09-02 16:16:36,542 - INFO - Product: On a Midnight Clear | Price: 14.07 | Availability: In stock | Status: NO CHANGE
2026-09-02 16:16:36,650 - INFO - Product: Obsidian (Lux #1) | Price: 14.86 | Availability: In stock | Status: NO CHANGE
2026-09-02 16:16:36,763 - INFO - Product: My Paris Kitchen: Recipes and Stories | Price: 33.37 | Availability: In stock | Status: NO CHANGE
2026-09-02 16:16:36,865 - INFO - Product: Masks and Shadows | Price: 56.4 | Availability: In stock | Status: NO CHANGE
2026-09-02 16:16:36,973 - INFO - Product: Mama Tried: Traditional Italian Cooking for the Screwed, Crude, Vegan, and Tattooed | Price: 14.02 | Availability: In stock | Status: NO CHANGE
2026-09-02 16:16:37,040 - INFO - Product: Lumberjanes, Vol. 2: Friendship to the Max (Lumberjanes #5-8) | Price: 46.91 | Availability: In stock | Status: NO CHANGE
2026-09-02 16:16:37,147 - INFO - Product: Lumberjanes, Vol. 1: Beware the Kitten Holy (Lumberjanes #1-4) | Price: 45.61 | Availability: In stock | Status: NO CHANGE
2026-09-02 16:16:37,290 - INFO - Product: Lumberjanes Vol. 3: A Terrible Plan (Lumberjanes #9-12) | Price: 19.92 | Availability: In stock | Status: NO CHANGE
2026-09-02 16:16:37,446 - INFO - Product: Layered: Baking, Building, and Styling Spectacular Cakes | Price: 40.11 | Availability: In stock | Status: NO CHANGE
2026-09-02 16:16:37,554 - INFO - Product: Judo: Seven Steps to Black Belt (an Introductory Guide for Beginners) | Price: 53.9 | Availability: In stock | Status: NO CHANGE
2026-09-02 16:16:37,623 - INFO - Product: Join | Price: 35.67 | Availability: In stock | Status: NO CHANGE
2026-09-02 16:16:37,701 - INFO - Product: In the Country We Love: My Family Divided | Price: 22.0 | Availability: In stock | Status: NO CHANGE
2026-09-02 16:16:37,708 - INFO - Moving from page 5 to next page.
2026-09-02 16:16:48,393 - INFO - Scraping page 6
2026-09-02 16:16:48,497 - INFO - Product: Immunity: How Elie Metchnikoff Changed the Course of Modern Medicine | Price: 57.36 | Availability: In stock | Status: NO CHANGE
2026-09-02 16:16:48,582 - INFO - Product: I Hate Fairyland, Vol. 1: Madly Ever After (I Hate Fairyland (Compilations) #1-5) | Price: 29.17 | Availability: In stock | Status: NO CHANGE
2026-09-02 16:16:48,650 - INFO - Product: I am a Hero Omnibus Volume 1 | Price: 54.63 | Availability: In stock | Status: NO CHANGE
2026-09-02 16:16:48,722 - INFO - Product: How to Be Miserable: 40 Strategies You Already Use | Price: 46.03 | Availability: In stock | Status: NO CHANGE
2026-09-02 16:16:48,790 - INFO - Product: Her Backup Boyfriend (The Sorensen Family #1) | Price: 33.97 | Availability: In stock | Status: NO CHANGE
2026-09-02 16:16:48,857 - INFO - Product: Giant Days, Vol. 2 (Giant Days #5-8) | Price: 22.11 | Availability: In stock | Status: NO CHANGE
2026-09-02 16:16:48,918 - INFO - Product: Forever and Forever: The Courtship of Henry Longfellow and Fanny Appleton | Price: 29.69 | Availability: In stock | Status: NO CHANGE
2026-09-02 16:16:48,983 - INFO - Product: First and First (Five Boroughs #3) | Price: 15.97 | Availability: In stock | Status: NO CHANGE
2026-09-02 16:16:49,059 - INFO - Product: Fifty Shades Darker (Fifty Shades #2) | Price: 21.96 | Availability: In stock | Status: NO CHANGE
2026-09-02 16:16:49,129 - INFO - Product: Everydata: The Misinformation Hidden in the Little Data You Consume Every Day | Price: 54.35 | Availability: In stock | Status: NO CHANGE
2026-09-02 16:16:49,201 - INFO - Product: Don't Be a Jerk: And Other Practical Advice from Dogen, Japan's Greatest Zen Master | Price: 37.97 | Availability: In stock | Status: NO CHANGE
2026-09-02 16:16:49,277 - INFO - Product: Danganronpa Volume 1 | Price: 51.99 | Availability: In stock | Status: NO CHANGE
2026-09-02 16:16:49,335 - INFO - Product: Crown of Midnight (Throne of Glass #2) | Price: 43.29 | Availability: In stock | Status: NO CHANGE
2026-09-02 16:16:49,425 - INFO - Product: Codename Baboushka, Volume 1: The Conclave of Death | Price: 36.72 | Availability: In stock | Status: NO CHANGE
2026-09-02 16:16:49,487 - INFO - Product: Camp Midnight | Price: 17.08 | Availability: In stock | Status: NO CHANGE
2026-09-02 16:16:49,585 - INFO - Product: Call the Nurse: True Stories of a Country Nurse on a Scottish Isle | Price: 29.14 | Availability: In stock | Status: NO CHANGE
2026-09-02 16:16:49,658 - INFO - Product: Burning | Price: 28.81 | Availability: In stock | Status: NO CHANGE
2026-09-02 16:16:49,729 - INFO - Product: Bossypants | Price: 49.46 | Availability: In stock | Status: NO CHANGE
2026-09-02 16:16:49,800 - INFO - Product: Bitch Planet, Vol. 1: Extraordinary Machine (Bitch Planet (Collected Editions)) | Price: 37.92 | Availability: In stock | Status: NO CHANGE
2026-09-02 16:16:49,866 - INFO - Product: Avatar: The Last Airbender: Smoke and Shadow, Part 3 (Smoke and Shadow #3) | Price: 28.09 | Availability: In stock | Status: NO CHANGE
2026-09-02 16:16:49,874 - INFO - Moving from page 6 to next page.
2026-09-02 16:16:55,725 - INFO - Scraping page 7
2026-09-02 16:16:55,848 - INFO - Product: Algorithms to Live By: The Computer Science of Human Decisions | Price: 30.81 | Availability: In stock | Status: NO CHANGE
2026-09-02 16:16:55,940 - INFO - Product: A World of Flavor: Your Gluten Free Passport | Price: 42.95 | Availability: In stock | Status: NO CHANGE
2026-09-02 16:16:56,010 - INFO - Product: A Piece of Sky, a Grain of Rice: A Memoir in Four Meditations | Price: 56.76 | Availability: In stock | Status: NO CHANGE
2026-09-02 16:16:56,085 - INFO - Product: A Murder in Time | Price: 16.64 | Availability: In stock | Status: NO CHANGE
2026-09-02 16:16:56,153 - INFO - Product: A Flight of Arrows (The Pathfinders #2) | Price: 55.53 | Availability: In stock | Status: NO CHANGE
2026-09-02 16:16:56,262 - INFO - Product: A Fierce and Subtle Poison | Price: 28.13 | Availability: In stock | Status: NO CHANGE
2026-09-02 16:16:56,325 - INFO - Product: A Court of Thorns and Roses (A Court of Thorns and Roses #1) | Price: 52.37 | Availability: In stock | Status: NO CHANGE
2026-09-02 16:16:56,390 - INFO - Product: (Un)Qualified: How God Uses Broken People to Do Big Things | Price: 54.0 | Availability: In stock | Status: NO CHANGE
2026-09-02 16:16:56,465 - INFO - Product: You Are What You Love: The Spiritual Power of Habit | Price: 21.87 | Availability: In stock | Status: NO CHANGE
2026-09-02 16:16:56,556 - INFO - Product: William Shakespeare's Star Wars: Verily, A New Hope (William Shakespeare's Star Wars #4) | Price: 43.3 | Availability: In stock | Status: NO CHANGE
2026-09-02 16:16:56,635 - INFO - Product: Tuesday Nights in 1980 | Price: 21.04 | Availability: In stock | Status: NO CHANGE
2026-09-02 16:16:56,703 - INFO - Product: Tracing Numbers on a Train | Price: 41.6 | Availability: In stock | Status: NO CHANGE
2026-09-02 16:16:56,771 - INFO - Product: Throne of Glass (Throne of Glass #1) | Price: 35.07 | Availability: In stock | Status: NO CHANGE
2026-09-02 16:16:56,846 - INFO - Product: Thomas Jefferson and the Tripoli Pirates: The Forgotten War That Changed American History | Price: 59.64 | Availability: In stock | Status: NO CHANGE
2026-09-02 16:16:56,916 - INFO - Product: Thirteen Reasons Why | Price: 52.72 | Availability: In stock | Status: NO CHANGE
2026-09-02 16:16:56,998 - INFO - Product: The White Cat and the Monk: A Retelling of the Poem “Pangur Bán” | Price: 58.08 | Availability: In stock | Status: NO CHANGE
2026-09-02 16:16:57,105 - INFO - Product: The Wedding Dress | Price: 24.12 | Availability: In stock | Status: NO CHANGE
2026-09-02 16:16:57,184 - INFO - Product: The Vacationers | Price: 42.15 | Availability: In stock | Status: NO CHANGE
2026-09-02 16:16:57,266 - INFO - Product: The Third Wave: An Entrepreneur’s Vision of the Future | Price: 12.61 | Availability: In stock | Status: NO CHANGE
2026-09-02 16:16:57,381 - INFO - Product: The Stranger | Price: 17.44 | Availability: In stock | Status: NO CHANGE
2026-09-02 16:16:57,410 - INFO - Moving from page 7 to next page.
2026-09-02 16:17:01,826 - INFO - Scraping page 8
2026-09-02 16:17:01,956 - INFO - Product: The Shadow Hero (The Shadow Hero) | Price: 33.14 | Availability: In stock | Status: NO CHANGE
2026-09-02 16:17:02,072 - INFO - Product: The Secret (The Secret #1) | Price: 27.37 | Availability: In stock | Status: NO CHANGE
2026-09-02 16:17:02,177 - INFO - Product: The Regional Office Is Under Attack! | Price: 51.36 | Availability: In stock | Status: NO CHANGE
2026-09-02 16:17:02,252 - INFO - Product: The Psychopath Test: A Journey Through the Madness Industry | Price: 36.0 | Availability: In stock | Status: NO CHANGE
2026-09-02 16:17:02,343 - INFO - Product: The Project | Price: 10.65 | Availability: In stock | Status: NO CHANGE
2026-09-02 16:17:02,448 - INFO - Product: The Power of Now: A Guide to Spiritual Enlightenment | Price: 43.54 | Availability: In stock | Status: NO CHANGE
2026-09-02 16:17:02,527 - INFO - Product: The Omnivore's Dilemma: A Natural History of Four Meals | Price: 38.21 | Availability: In stock | Status: NO CHANGE
2026-09-02 16:17:02,598 - INFO - Product: The Nerdy Nummies Cookbook: Sweet Treats for the Geek in All of Us | Price: 37.34 | Availability: In stock | Status: NO CHANGE
2026-09-02 16:17:02,658 - INFO - Product: The Murder of Roger Ackroyd (Hercule Poirot #4) | Price: 44.1 | Availability: In stock | Status: NO CHANGE
2026-09-02 16:17:02,721 - INFO - Product: The Mistake (Off-Campus #2) | Price: 43.29 | Availability: In stock | Status: NO CHANGE
2026-09-02 16:17:02,798 - INFO - Product: The Matchmaker's Playbook (Wingmen Inc. #1) | Price: 55.85 | Availability: In stock | Status: NO CHANGE
2026-09-02 16:17:02,879 - INFO - Product: The Love and Lemons Cookbook: An Apple-to-Zucchini Celebration of Impromptu Cooking | Price: 37.6 | Availability: In stock | Status: NO CHANGE
2026-09-02 16:17:02,959 - INFO - Product: The Long Shadow of Small Ghosts: Murder and Memory in an American City | Price: 10.97 | Availability: In stock | Status: NO CHANGE
2026-09-02 16:17:03,029 - INFO - Product: The Kite Runner | Price: 41.82 | Availability: In stock | Status: NO CHANGE
2026-09-02 16:17:03,118 - INFO - Product: The House by the Lake | Price: 36.95 | Availability: In stock | Status: NO CHANGE
2026-09-02 16:17:03,246 - INFO - Product: The Glittering Court (The Glittering Court #1) | Price: 44.28 | Availability: In stock | Status: NO CHANGE
2026-09-02 16:17:03,313 - INFO - Product: The Girl on the Train | Price: 55.02 | Availability: In stock | Status: NO CHANGE
2026-09-02 16:17:03,376 - INFO - Product: The Genius of Birds | Price: 17.24 | Availability: In stock | Status: NO CHANGE
2026-09-02 16:17:03,438 - INFO - Product: The Emerald Mystery | Price: 23.15 | Availability: In stock | Status: NO CHANGE
2026-09-02 16:17:03,535 - INFO - Product: The Cookies & Cups Cookbook: 125+ sweet & savory recipes reminding you to Always Eat Dessert First | Price: 41.25 | Availability: In stock | Status: NO CHANGE
2026-09-02 16:17:03,543 - INFO - Moving from page 8 to next page.
2026-09-02 16:17:08,051 - INFO - Scraping page 9
2026-09-02 16:17:08,125 - INFO - Product: The Bridge to Consciousness: I'm Writing the Bridge Between Science and Our Old and New Beliefs. | Price: 32.0 | Availability: In stock | Status: NO CHANGE
2026-09-02 16:17:08,205 - INFO - Product: The Artist's Way: A Spiritual Path to Higher Creativity | Price: 38.49 | Availability: In stock | Status: NO CHANGE
2026-09-02 16:17:08,267 - INFO - Product: The Art of War | Price: 33.34 | Availability: In stock | Status: NO CHANGE
2026-09-02 16:17:08,379 - INFO - Product: The Argonauts | Price: 10.93 | Availability: In stock | Status: NO CHANGE
2026-09-02 16:17:08,497 - INFO - Product: The 10% Entrepreneur: Live Your Startup Dream Without Quitting Your Day Job | Price: 27.55 | Availability: In stock | Status: NO CHANGE
2026-09-02 16:17:08,632 - INFO - Product: Suddenly in Love (Lake Haven #1) | Price: 55.99 | Availability: In stock | Status: NO CHANGE
2026-09-02 16:17:08,705 - INFO - Product: Something More Than This | Price: 16.24 | Availability: In stock | Status: NO CHANGE
2026-09-02 16:17:08,778 - INFO - Product: Soft Apocalypse | Price: 26.12 | Availability: In stock | Status: NO CHANGE
2026-09-02 16:17:08,848 - INFO - Product: So You've Been Publicly Shamed | Price: 12.23 | Availability: In stock | Status: NO CHANGE
2026-09-02 16:17:08,914 - INFO - Product: Shoe Dog: A Memoir by the Creator of NIKE | Price: 23.99 | Availability: In stock | Status: NO CHANGE
2026-09-02 16:17:08,981 - INFO - Product: Shobu Samurai, Project Aryoku (#3) | Price: 29.06 | Availability: In stock | Status: NO CHANGE
2026-09-02 16:17:09,047 - INFO - Product: Secrets and Lace (Fatal Hearts #1) | Price: 20.27 | Availability: In stock | Status: NO CHANGE
2026-09-02 16:17:09,118 - INFO - Product: Scarlett Epstein Hates It Here | Price: 43.55 | Availability: In stock | Status: NO CHANGE
2026-09-02 16:17:09,205 - INFO - Product: Romero and Juliet: A Tragic Tale of Love and Zombies | Price: 36.94 | Availability: In stock | Status: NO CHANGE
2026-09-02 16:17:09,291 - INFO - Product: Redeeming Love | Price: 20.47 | Availability: In stock | Status: NO CHANGE
2026-09-02 16:17:09,370 - INFO - Product: Poses for Artists Volume 1 - Dynamic and Sitting Poses: An Essential Reference for Figure Drawing and the Human Form | Price: 41.06 | Availability: In stock | Status: NO CHANGE
2026-09-02 16:17:09,443 - INFO - Product: Poems That Make Grown Women Cry | Price: 14.19 | Availability: In stock | Status: NO CHANGE
2026-09-02 16:17:09,501 - INFO - Product: Nightingale, Sing | Price: 38.28 | Availability: In stock | Status: NO CHANGE
2026-09-02 16:17:09,610 - INFO - Product: Night Sky with Exit Wounds | Price: 41.05 | Availability: In stock | Status: NO CHANGE
2026-09-02 16:17:09,717 - INFO - Product: Mrs. Houdini | Price: 30.25 | Availability: In stock | Status: NO CHANGE
2026-09-02 16:17:09,725 - INFO - Moving from page 9 to next page.
2026-09-02 16:17:13,290 - INFO - Scraping page 10
2026-09-02 16:17:13,405 - INFO - Product: Modern Romance | Price: 28.26 | Availability: In stock | Status: NO CHANGE
2026-09-02 16:17:13,520 - INFO - Product: Miss Peregrine’s Home for Peculiar Children (Miss Peregrine’s Peculiar Children #1) | Price: 10.76 | Availability: In stock | Status: NO CHANGE
2026-09-02 16:17:13,611 - INFO - Product: Louisa: The Extraordinary Life of Mrs. Adams | Price: 16.85 | Availability: In stock | Status: NO CHANGE
2026-09-02 16:17:13,716 - INFO - Product: Little Red | Price: 13.47 | Availability: In stock | Status: NO CHANGE
2026-09-02 16:17:13,865 - INFO - Product: Library of Souls (Miss Peregrine’s Peculiar Children #3) | Price: 48.56 | Availability: In stock | Status: NO CHANGE
2026-09-02 16:17:13,984 - INFO - Product: Large Print Heart of the Pride | Price: 19.15 | Availability: In stock | Status: NO CHANGE
2026-09-02 16:17:14,051 - INFO - Product: I Had a Nice Time And Other Lies...: How to find love & sh*t like that | Price: 57.36 | Availability: In stock | Status: NO CHANGE
2026-09-02 16:17:14,194 - INFO - Product: Hollow City (Miss Peregrine’s Peculiar Children #2) | Price: 42.98 | Availability: In stock | Status: NO CHANGE
2026-09-02 16:17:14,278 - INFO - Product: Grumbles | Price: 22.16 | Availability: In stock | Status: NO CHANGE
2026-09-02 16:17:14,361 - INFO - Product: Full Moon over Noah’s Ark: An Odyssey to Mount Ararat and Beyond | Price: 49.43 | Availability: In stock | Status: NO CHANGE
2026-09-02 16:17:14,429 - INFO - Product: Frostbite (Vampire Academy #2) | Price: 29.99 | Availability: In stock | Status: NO CHANGE
2026-09-02 16:17:14,528 - INFO - Product: Follow You Home | Price: 21.36 | Availability: In stock | Status: NO CHANGE
2026-09-02 16:17:14,622 - INFO - Product: First Steps for New Christians (Print Edition) | Price: 29.0 | Availability: In stock | Status: NO CHANGE
2026-09-02 16:17:14,693 - INFO - Product: Finders Keepers (Bill Hodges Trilogy #2) | Price: 53.53 | Availability: In stock | Status: NO CHANGE
2026-09-02 16:17:14,763 - INFO - Product: Fables, Vol. 1: Legends in Exile (Fables #1) | Price: 41.62 | Availability: In stock | Status: NO CHANGE
2026-09-02 16:17:14,824 - INFO - Product: Eureka Trivia 6.0 | Price: 54.59 | Availability: In stock | Status: NO CHANGE
2026-09-02 16:17:14,885 - INFO - Product: Drive: The Surprising Truth About What Motivates Us | Price: 34.95 | Availability: In stock | Status: NO CHANGE
2026-09-02 16:17:14,951 - INFO - Product: Done Rubbed Out (Reightman & Bailey #1) | Price: 37.72 | Availability: In stock | Status: NO CHANGE
2026-09-02 16:17:15,035 - INFO - Product: Doing It Over (Most Likely To #1) | Price: 35.61 | Availability: In stock | Status: NO CHANGE
2026-09-02 16:17:15,099 - INFO - Product: Deliciously Ella Every Day: Quick and Easy Recipes for Gluten-Free Snacks, Packed Lunches, and Simple Meals | Price: 42.16 | Availability: In stock | Status: NO CHANGE
2026-09-02 16:17:15,123 - INFO - Moving from page 10 to next page.
2026-09-02 16:17:18,795 - INFO - Scraping page 11
2026-09-02 16:17:18,901 - INFO - Product: Dark Notes | Price: 19.19 | Availability: In stock | Status: NO CHANGE
2026-09-02 16:17:18,968 - INFO - Product: Daring Greatly: How the Courage to Be Vulnerable Transforms the Way We Live, Love, Parent, and Lead | Price: 19.43 | Availability: In stock | Status: NO CHANGE
2026-09-02 16:17:19,040 - INFO - Product: Close to You | Price: 49.46 | Availability: In stock | Status: NO CHANGE
2026-09-02 16:17:19,112 - INFO - Product: Chasing Heaven: What Dying Taught Me About Living | Price: 37.8 | Availability: In stock | Status: NO CHANGE
2026-09-02 16:17:19,187 - INFO - Product: Big Magic: Creative Living Beyond Fear | Price: 30.8 | Availability: In stock | Status: NO CHANGE
2026-09-02 16:17:19,259 - INFO - Product: Becoming Wise: An Inquiry into the Mystery and Art of Living | Price: 27.43 | Availability: In stock | Status: NO CHANGE
2026-09-02 16:17:19,325 - INFO - Product: Beauty Restored (Riley Family Legacy Novellas #3) | Price: 11.11 | Availability: In stock | Status: NO CHANGE
2026-09-02 16:17:19,397 - INFO - Product: Batman: The Long Halloween (Batman) | Price: 36.5 | Availability: In stock | Status: NO CHANGE
2026-09-02 16:17:19,466 - INFO - Product: Batman: The Dark Knight Returns (Batman) | Price: 15.38 | Availability: In stock | Status: NO CHANGE
2026-09-02 16:17:19,589 - INFO - Product: Ayumi's Violin | Price: 15.48 | Availability: In stock | Status: NO CHANGE
2026-09-02 16:17:19,703 - INFO - Product: Anonymous | Price: 46.82 | Availability: In stock | Status: NO CHANGE
2026-09-02 16:17:19,842 - INFO - Product: Amy Meets the Saints and Sages | Price: 18.46 | Availability: In stock | Status: NO CHANGE
2026-09-02 16:17:19,913 - INFO - Product: Amid the Chaos | Price: 36.58 | Availability: In stock | Status: NO CHANGE
2026-09-02 16:17:19,987 - INFO - Product: Amatus | Price: 50.54 | Availability: In stock | Status: NO CHANGE
2026-09-02 16:17:20,094 - INFO - Product: Agnostic: A Spirited Manifesto | Price: 12.51 | Availability: In stock | Status: NO CHANGE
2026-09-02 16:17:20,170 - INFO - Product: Zealot: The Life and Times of Jesus of Nazareth | Price: 24.7 | Availability: In stock | Status: NO CHANGE
2026-09-02 16:17:20,253 - INFO - Product: You (You #1) | Price: 43.61 | Availability: In stock | Status: NO CHANGE
2026-09-02 16:17:20,321 - INFO - Product: Wonder Woman: Earth One, Volume One (Wonder Woman: Earth One #1) | Price: 37.34 | Availability: In stock | Status: NO CHANGE
2026-09-02 16:17:20,395 - INFO - Product: Wild Swans | Price: 14.36 | Availability: In stock | Status: NO CHANGE
2026-09-02 16:17:20,465 - INFO - Product: Why the Right Went Wrong: Conservatism--From Goldwater to the Tea Party and Beyond | Price: 52.65 | Availability: In stock | Status: NO CHANGE
2026-09-02 16:17:20,473 - INFO - Moving from page 11 to next page.
2026-09-02 16:17:24,086 - INFO - Scraping page 12
2026-09-02 16:17:24,222 - INFO - Product: Whole Lotta Creativity Going On: 60 Fun and Unusual Exercises to Awaken and Strengthen Your Creativity | Price: 38.2 | Availability: In stock | Status: NO CHANGE
2026-09-02 16:17:24,346 - INFO - Product: What's It Like in Space?: Stories from Astronauts Who've Been There | Price: 19.6 | Availability: In stock | Status: NO CHANGE
2026-09-02 16:17:24,464 - INFO - Product: We Are Robin, Vol. 1: The Vigilante Business (We Are Robin #1) | Price: 53.9 | Availability: In stock | Status: NO CHANGE
2026-09-02 16:17:24,536 - INFO - Product: Walt Disney's Alice in Wonderland | Price: 12.96 | Availability: In stock | Status: NO CHANGE
2026-09-02 16:17:24,616 - INFO - Product: V for Vendetta (V for Vendetta Complete) | Price: 37.1 | Availability: In stock | Status: NO CHANGE
2026-09-02 16:17:24,685 - INFO - Product: Until Friday Night (The Field Party #1) | Price: 46.31 | Availability: In stock | Status: NO CHANGE
2026-09-02 16:17:24,767 - INFO - Product: Unbroken: A World War II Story of Survival, Resilience, and Redemption | Price: 45.95 | Availability: In stock | Status: NO CHANGE
2026-09-02 16:17:24,840 - INFO - Product: Twenty Yawns | Price: 22.08 | Availability: In stock | Status: NO CHANGE
2026-09-02 16:17:24,957 - INFO - Product: Through the Woods | Price: 25.38 | Availability: In stock | Status: NO CHANGE
2026-09-02 16:17:25,043 - INFO - Product: This Is Where It Ends | Price: 27.12 | Availability: In stock | Status: NO CHANGE
2026-09-02 16:17:25,111 - INFO - Product: The Year of Magical Thinking | Price: 43.04 | Availability: In stock | Status: NO CHANGE
2026-09-02 16:17:25,175 - INFO - Product: The Wright Brothers | Price: 56.8 | Availability: In stock | Status: NO CHANGE
2026-09-02 16:17:25,248 - INFO - Product: The White Queen (The Cousins' War #1) | Price: 25.91 | Availability: In stock | Status: NO CHANGE
2026-09-02 16:17:25,323 - INFO - Product: The Wedding Pact (The O'Malleys #2) | Price: 32.61 | Availability: In stock | Status: NO CHANGE
2026-09-02 16:17:25,397 - INFO - Product: The Time Keeper | Price: 27.88 | Availability: In stock | Status: NO CHANGE
2026-09-02 16:17:25,509 - INFO - Product: The Testament of Mary | Price: 52.67 | Availability: In stock | Status: NO CHANGE
2026-09-02 16:17:25,583 - INFO - Product: The Star-Touched Queen | Price: 46.02 | Availability: In stock | Status: NO CHANGE
2026-09-02 16:17:25,663 - INFO - Product: The Songs of the Gods | Price: 44.48 | Availability: In stock | Status: NO CHANGE
2026-09-02 16:17:25,741 - INFO - Product: The Song of Achilles | Price: 37.4 | Availability: In stock | Status: NO CHANGE
2026-09-02 16:17:25,845 - INFO - Product: The Rosie Project (Don Tillman #1) | Price: 54.04 | Availability: In stock | Status: NO CHANGE
2026-09-02 16:17:25,854 - INFO - Moving from page 12 to next page.
2026-09-02 16:17:30,203 - INFO - Scraping page 13
2026-09-02 16:17:30,382 - INFO - Product: The Power of Habit: Why We Do What We Do in Life and Business | Price: 16.88 | Availability: In stock | Status: NO CHANGE
2026-09-02 16:17:30,534 - INFO - Product: The Marriage of Opposites | Price: 28.08 | Availability: In stock | Status: NO CHANGE
2026-09-02 16:17:30,631 - INFO - Product: The Lucifer Effect: Understanding How Good People Turn Evil | Price: 10.4 | Availability: In stock | Status: NO CHANGE
2026-09-02 16:17:30,706 - INFO - Product: The Long Haul (Diary of a Wimpy Kid #9) | Price: 44.07 | Availability: In stock | Status: NO CHANGE
2026-09-02 16:17:30,780 - INFO - Product: The Loney | Price: 23.4 | Availability: In stock | Status: NO CHANGE
2026-09-02 16:17:30,888 - INFO - Product: The Literature Book (Big Ideas Simply Explained) | Price: 17.43 | Availability: In stock | Status: NO CHANGE
2026-09-02 16:17:31,007 - INFO - Product: The Last Mile (Amos Decker #2) | Price: 54.21 | Availability: In stock | Status: NO CHANGE
2026-09-02 16:17:31,098 - INFO - Product: The Immortal Life of Henrietta Lacks | Price: 40.67 | Availability: In stock | Status: NO CHANGE
2026-09-02 16:17:31,231 - INFO - Product: The Hidden Oracle (The Trials of Apollo #1) | Price: 52.26 | Availability: In stock | Status: NO CHANGE
2026-09-02 16:17:31,330 - INFO - Product: The Help Yourself Cookbook for Kids: 60 Easy Plant-Based Recipes Kids Can Make to Stay Healthy and Save the Earth | Price: 28.77 | Availability: In stock | Status: NO CHANGE
2026-09-02 16:17:31,408 - INFO - Product: The Guilty (Will Robie #4) | Price: 13.82 | Availability: In stock | Status: NO CHANGE
2026-09-02 16:17:31,497 - INFO - Product: The First Hostage (J.B. Collins #2) | Price: 25.85 | Availability: In stock | Status: NO CHANGE
2026-09-02 16:17:31,566 - INFO - Product: The Dovekeepers | Price: 48.78 | Availability: In stock | Status: NO CHANGE
2026-09-02 16:17:31,628 - INFO - Product: The Darkest Lie | Price: 35.35 | Availability: In stock | Status: NO CHANGE
2026-09-02 16:17:31,704 - INFO - Product: The Bane Chronicles (The Bane Chronicles #1-11) | Price: 44.73 | Availability: In stock | Status: NO CHANGE
2026-09-02 16:17:31,832 - INFO - Product: The Bad-Ass Librarians of Timbuktu: And Their Race to Save the World’s Most Precious Manuscripts | Price: 15.77 | Availability: In stock | Status: NO CHANGE
2026-09-02 16:17:31,934 - INFO - Product: The 14th Colony (Cotton Malone #11) | Price: 39.24 | Availability: In stock | Status: NO CHANGE
2026-09-02 16:17:32,021 - INFO - Product: That Darkness (Gardiner and Renner #1) | Price: 13.92 | Availability: In stock | Status: NO CHANGE
2026-09-02 16:17:32,104 - INFO - Product: Tastes Like Fear (DI Marnie Rome #3) | Price: 10.69 | Availability: In stock | Status: NO CHANGE
2026-09-02 16:17:32,185 - INFO - Product: Take Me with You | Price: 45.21 | Availability: In stock | Status: NO CHANGE
2026-09-02 16:17:32,195 - INFO - Moving from page 13 to next page.
2026-09-02 16:17:35,812 - INFO - Scraping page 14
2026-09-02 16:17:35,934 - INFO - Product: Swell: A Year of Waves | Price: 45.58 | Availability: In stock | Status: NO CHANGE
2026-09-02 16:17:36,010 - INFO - Product: Superman Vol. 1: Before Truth (Superman by Gene Luen Yang #1) | Price: 11.89 | Availability: In stock | Status: NO CHANGE
2026-09-02 16:17:36,132 - INFO - Product: Still Life with Bread Crumbs | Price: 26.41 | Availability: In stock | Status: NO CHANGE
2026-09-02 16:17:36,241 - INFO - Product: Steve Jobs | Price: 39.5 | Availability: In stock | Status: NO CHANGE
2026-09-02 16:17:36,326 - INFO - Product: Sorting the Beef from the Bull: The Science of Food Fraud Forensics | Price: 44.74 | Availability: In stock | Status: NO CHANGE
2026-09-02 16:17:36,400 - INFO - Product: Someone Like You (The Harrisons #2) | Price: 52.79 | Availability: In stock | Status: NO CHANGE
2026-09-02 16:17:36,470 - INFO - Product: So Cute It Hurts!!, Vol. 6 (So Cute It Hurts!! #6) | Price: 35.43 | Availability: In stock | Status: NO CHANGE
2026-09-02 16:17:36,540 - INFO - Product: Shtum | Price: 55.84 | Availability: In stock | Status: NO CHANGE
2026-09-02 16:17:36,641 - INFO - Product: See America: A Celebration of Our National Parks & Treasured Sites | Price: 48.87 | Availability: In stock | Status: NO CHANGE
2026-09-02 16:17:36,709 - INFO - Product: salt. | Price: 46.78 | Availability: In stock | Status: NO CHANGE
2026-09-02 16:17:36,779 - INFO - Product: Robin War | Price: 47.82 | Availability: In stock | Status: NO CHANGE
2026-09-02 16:17:36,852 - INFO - Product: Red Hood/Arsenal, Vol. 1: Open for Business (Red Hood/Arsenal #1) | Price: 25.48 | Availability: In stock | Status: NO CHANGE
2026-09-02 16:17:36,918 - INFO - Product: Rain Fish | Price: 23.57 | Availability: In stock | Status: NO CHANGE
2026-09-02 16:17:37,014 - INFO - Product: Quarter Life Poetry: Poems for the Young, Broke and Hangry | Price: 50.89 | Availability: In stock | Status: NO CHANGE
2026-09-02 16:17:37,112 - INFO - Product: Pet Sematary | Price: 10.56 | Availability: In stock | Status: NO CHANGE
2026-09-02 16:17:37,212 - INFO - Product: Overload: How to Unplug, Unwind, and Unleash Yourself from the Pressure of Stress | Price: 52.15 | Availability: In stock | Status: NO CHANGE
2026-09-02 16:17:37,317 - INFO - Product: Once Was a Time | Price: 18.28 | Availability: In stock | Status: NO CHANGE
2026-09-02 16:17:37,387 - INFO - Product: Old School (Diary of a Wimpy Kid #10) | Price: 11.83 | Availability: In stock | Status: NO CHANGE
2026-09-02 16:17:37,464 - INFO - Product: No Dream Is Too High: Life Lessons From a Man Who Walked on the Moon | Price: 21.95 | Availability: In stock | Status: NO CHANGE
2026-09-02 16:17:37,592 - INFO - Product: Naruto (3-in-1 Edition), Vol. 14: Includes Vols. 40, 41 & 42 (Naruto: Omnibus #14) | Price: 38.39 | Availability: In stock | Status: NO CHANGE
2026-09-02 16:17:37,597 - INFO - Moving from page 14 to next page.
2026-09-02 16:17:40,841 - INFO - Scraping page 15
2026-09-02 16:17:40,940 - INFO - Product: My Name Is Lucy Barton | Price: 41.56 | Availability: In stock | Status: NO CHANGE
2026-09-02 16:17:41,010 - INFO - Product: My Mrs. Brown | Price: 24.48 | Availability: In stock | Status: NO CHANGE
2026-09-02 16:17:41,094 - INFO - Product: My Kind of Crazy | Price: 40.36 | Availability: In stock | Status: NO CHANGE
2026-09-02 16:17:41,163 - INFO - Product: Mr. Mercedes (Bill Hodges Trilogy #1) | Price: 28.9 | Availability: In stock | Status: NO CHANGE
2026-09-02 16:17:41,243 - INFO - Product: More Than Music (Chasing the Dream #1) | Price: 37.61 | Availability: In stock | Status: NO CHANGE
2026-09-02 16:17:41,314 - INFO - Product: Made to Stick: Why Some Ideas Survive and Others Die | Price: 38.85 | Availability: In stock | Status: NO CHANGE
2026-09-02 16:17:41,459 - INFO - Product: Luis Paints the World | Price: 53.95 | Availability: In stock | Status: NO CHANGE
2026-09-02 16:17:41,564 - INFO - Product: Luckiest Girl Alive | Price: 49.83 | Availability: In stock | Status: NO CHANGE
2026-09-02 16:17:41,690 - INFO - Product: Lowriders to the Center of the Earth (Lowriders in Space #2) | Price: 51.51 | Availability: In stock | Status: NO CHANGE
2026-09-02 16:17:41,800 - INFO - Product: Love Is a Mix Tape (Music #1) | Price: 18.03 | Availability: In stock | Status: NO CHANGE
2026-09-02 16:17:41,886 - INFO - Product: Looking for Lovely: Collecting the Moments that Matter | Price: 29.14 | Availability: In stock | Status: NO CHANGE
2026-09-02 16:17:41,967 - INFO - Product: Living Leadership by Insight: A Good Leader Achieves, a Great Leader Builds Monuments | Price: 46.91 | Availability: In stock | Status: NO CHANGE
2026-09-02 16:17:42,040 - INFO - Product: Let It Out: A Journey Through Journaling | Price: 26.79 | Availability: In stock | Status: NO CHANGE
2026-09-02 16:17:42,117 - INFO - Product: Lady Midnight (The Dark Artifices #1) | Price: 16.28 | Availability: In stock | Status: NO CHANGE
2026-09-02 16:17:42,186 - INFO - Product: It's All Easy: Healthy, Delicious Weeknight Meals in under 30 Minutes | Price: 19.55 | Availability: In stock | Status: NO CHANGE
2026-09-02 16:17:42,253 - INFO - Product: Island of Dragons (Unwanteds #7) | Price: 29.65 | Availability: In stock | Status: NO CHANGE
2026-09-02 16:17:42,322 - INFO - Product: I Know What I'm Doing -- and Other Lies I Tell Myself: Dispatches from a Life Under Construction | Price: 25.98 | Availability: In stock | Status: NO CHANGE
2026-09-02 16:17:42,390 - INFO - Product: I Am Pilgrim (Pilgrim #1) | Price: 10.6 | Availability: In stock | Status: NO CHANGE
2026-09-02 16:17:42,457 - INFO - Product: Hyperbole and a Half: Unfortunate Situations, Flawed Coping Mechanisms, Mayhem, and Other Things That Happened | Price: 14.75 | Availability: In stock | Status: NO CHANGE
2026-09-02 16:17:42,529 - INFO - Product: Hush, Hush (Hush, Hush #1) | Price: 47.02 | Availability: In stock | Status: NO CHANGE
2026-09-02 16:17:42,543 - INFO - Moving from page 15 to next page.
2026-09-02 16:17:46,829 - INFO - Scraping page 16
2026-09-02 16:17:46,926 - INFO - Product: Hold Your Breath (Search and Rescue #1) | Price: 28.82 | Availability: In stock | Status: NO CHANGE
2026-09-02 16:17:47,016 - INFO - Product: Hamilton: The Revolution | Price: 58.79 | Availability: In stock | Status: NO CHANGE
2026-09-02 16:17:47,088 - INFO - Product: Greek Mythic History | Price: 10.23 | Availability: In stock | Status: NO CHANGE
2026-09-02 16:17:47,161 - INFO - Product: God: The Most Unpleasant Character in All Fiction | Price: 30.03 | Availability: In stock | Status: NO CHANGE
2026-09-02 16:17:47,250 - INFO - Product: Glory over Everything: Beyond The Kitchen House | Price: 45.84 | Availability: In stock | Status: NO CHANGE
2026-09-02 16:17:47,334 - INFO - Product: Feathers: Displays of Brilliant Plumage | Price: 49.05 | Availability: In stock | Status: NO CHANGE
2026-09-02 16:17:47,419 - INFO - Product: Far & Away: Places on the Brink of Change: Seven Continents, Twenty-Five Years | Price: 15.06 | Availability: In stock | Status: NO CHANGE
2026-09-02 16:17:47,525 - INFO - Product: Every Last Word | Price: 46.47 | Availability: In stock | Status: NO CHANGE
2026-09-02 16:17:47,630 - INFO - Product: Eligible (The Austen Project #4) | Price: 27.09 | Availability: In stock | Status: NO CHANGE
2026-09-02 16:17:47,713 - INFO - Product: El Deafo | Price: 57.62 | Availability: In stock | Status: NO CHANGE
2026-09-02 16:17:47,783 - INFO - Product: Eight Hundred Grapes | Price: 14.39 | Availability: In stock | Status: NO CHANGE
2026-09-02 16:17:47,846 - INFO - Product: Eaternity: More than 150 Deliciously Easy Vegan Recipes for a Long, Healthy, Satisfied, Joyful Life | Price: 51.75 | Availability: In stock | Status: NO CHANGE
2026-09-02 16:17:47,916 - INFO - Product: Eat Fat, Get Thin | Price: 54.07 | Availability: In stock | Status: NO CHANGE
2026-09-02 16:17:47,989 - INFO - Product: Don't Get Caught | Price: 55.35 | Availability: In stock | Status: NO CHANGE
2026-09-02 16:17:48,134 - INFO - Product: Doctor Sleep (The Shining #2) | Price: 40.12 | Availability: In stock | Status: NO CHANGE
2026-09-02 16:17:48,210 - INFO - Product: Demigods & Magicians: Percy and Annabeth Meet the Kanes (Percy Jackson & Kane Chronicles Crossover #1-3) | Price: 37.51 | Availability: In stock | Status: NO CHANGE
2026-09-02 16:17:48,336 - INFO - Product: Dear Mr. Knightley | Price: 11.21 | Availability: In stock | Status: NO CHANGE
2026-09-02 16:17:48,421 - INFO - Product: Daily Fantasy Sports | Price: 36.58 | Availability: In stock | Status: NO CHANGE
2026-09-02 16:17:48,496 - INFO - Product: Crazy Love: Overwhelmed by a Relentless God | Price: 47.72 | Availability: In stock | Status: NO CHANGE
2026-09-02 16:17:48,573 - INFO - Product: Cometh the Hour (The Clifton Chronicles #6) | Price: 25.01 | Availability: In stock | Status: NO CHANGE
2026-09-02 16:17:48,579 - INFO - Moving from page 16 to next page.
2026-09-02 16:17:54,544 - INFO - Scraping page 17
2026-09-02 16:17:54,656 - INFO - Product: Code Name Verity (Code Name Verity #1) | Price: 22.13 | Availability: In stock | Status: NO CHANGE
2026-09-02 16:17:54,737 - INFO - Product: Clockwork Angel (The Infernal Devices #1) | Price: 44.14 | Availability: In stock | Status: NO CHANGE
2026-09-02 16:17:54,805 - INFO - Product: City of Glass (The Mortal Instruments #3) | Price: 56.02 | Availability: In stock | Status: NO CHANGE
2026-09-02 16:17:54,850 - INFO - Product: City of Fallen Angels (The Mortal Instruments #4) | Price: 11.23 | Availability: In stock | Status: NO CHANGE
2026-09-02 16:17:54,950 - INFO - Product: City of Bones (The Mortal Instruments #1) | Price: 43.28 | Availability: In stock | Status: NO CHANGE
2026-09-02 16:17:55,027 - INFO - Product: City of Ashes (The Mortal Instruments #2) | Price: 47.27 | Availability: In stock | Status: NO CHANGE
2026-09-02 16:17:55,093 - INFO - Product: Cell | Price: 20.29 | Availability: In stock | Status: NO CHANGE
2026-09-02 16:17:55,162 - INFO - Product: Catching Jordan (Hundred Oaks) | Price: 50.83 | Availability: In stock | Status: NO CHANGE
2026-09-02 16:17:55,228 - INFO - Product: Carry On, Warrior: Thoughts on Life Unarmed | Price: 31.85 | Availability: In stock | Status: NO CHANGE
2026-09-02 16:17:55,328 - INFO - Product: Carrie | Price: 46.23 | Availability: In stock | Status: NO CHANGE
2026-09-02 16:17:55,426 - INFO - Product: Buying In: The Secret Dialogue Between What We Buy and Who We Are | Price: 37.8 | Availability: In stock | Status: NO CHANGE
2026-09-02 16:17:55,503 - INFO - Product: Brain on Fire: My Month of Madness | Price: 49.32 | Availability: In stock | Status: NO CHANGE
2026-09-02 16:17:55,578 - INFO - Product: Batman: Europa | Price: 32.01 | Availability: In stock | Status: NO CHANGE
2026-09-02 16:17:55,669 - INFO - Product: Barefoot Contessa Back to Basics | Price: 28.01 | Availability: In stock | Status: NO CHANGE
2026-09-02 16:17:55,768 - INFO - Product: Barefoot Contessa at Home: Everyday Recipes You'll Make Over and Over Again | Price: 50.62 | Availability: In stock | Status: NO CHANGE
2026-09-02 16:17:55,863 - INFO - Product: Balloon Animals | Price: 17.03 | Availability: In stock | Status: NO CHANGE
2026-09-02 16:17:55,933 - INFO - Product: Art Ops Vol. 1 | Price: 48.8 | Availability: In stock | Status: NO CHANGE
2026-09-02 16:17:55,998 - INFO - Product: Aristotle and Dante Discover the Secrets of the Universe (Aristotle and Dante Discover the Secrets of the Universe #1) | Price: 58.14 | Availability: In stock | Status: NO CHANGE
2026-09-02 16:17:56,041 - INFO - Product: Angels Walking (Angels Walking #1) | Price: 34.2 | Availability: In stock | Status: NO CHANGE
2026-09-02 16:17:56,115 - INFO - Product: Angels & Demons (Robert Langdon #1) | Price: 51.48 | Availability: In stock | Status: NO CHANGE
2026-09-02 16:17:56,124 - INFO - Moving from page 17 to next page.
2026-09-02 16:18:00,712 - INFO - Scraping page 18
2026-09-02 16:18:00,840 - INFO - Product: All the Light We Cannot See | Price: 29.87 | Availability: In stock | Status: NO CHANGE
2026-09-02 16:18:00,908 - INFO - Product: Adulthood Is a Myth: A "Sarah's Scribbles" Collection | Price: 10.9 | Availability: In stock | Status: NO CHANGE
2026-09-02 16:18:00,974 - INFO - Product: Abstract City | Price: 56.37 | Availability: In stock | Status: NO CHANGE
2026-09-02 16:18:01,063 - INFO - Product: A Time of Torment (Charlie Parker #14) | Price: 48.35 | Availability: In stock | Status: NO CHANGE
2026-09-02 16:18:01,125 - INFO - Product: A Study in Scarlet (Sherlock Holmes #1) | Price: 16.73 | Availability: In stock | Status: NO CHANGE
2026-09-02 16:18:01,179 - INFO - Product: A Series of Catastrophes and Miracles: A True Story of Love, Science, and Cancer | Price: 56.48 | Availability: In stock | Status: NO CHANGE
2026-09-02 16:18:01,251 - INFO - Product: A People's History of the United States | Price: 40.79 | Availability: In stock | Status: NO CHANGE
2026-09-02 16:18:01,358 - INFO - Product: A Man Called Ove | Price: 39.72 | Availability: In stock | Status: NO CHANGE
2026-09-02 16:18:01,440 - INFO - Product: A Distant Mirror: The Calamitous 14th Century | Price: 14.58 | Availability: In stock | Status: NO CHANGE
2026-09-02 16:18:01,512 - INFO - Product: A Brush of Wings (Angels Walking #3) | Price: 55.51 | Availability: In stock | Status: NO CHANGE
2026-09-02 16:18:01,556 - INFO - Product: 1491: New Revelations of the Americas Before Columbus | Price: 21.8 | Availability: In stock | Status: NO CHANGE
2026-09-02 16:18:01,655 - INFO - Product: The Three Searches, Meaning, and the Story | Price: 13.33 | Availability: In stock | Status: NO CHANGE
2026-09-02 16:18:01,723 - INFO - Product: Searching for Meaning in Gailana | Price: 38.73 | Availability: In stock | Status: NO CHANGE
2026-09-02 16:18:01,823 - INFO - Product: Rook | Price: 37.86 | Availability: In stock | Status: NO CHANGE
2026-09-02 16:18:01,917 - INFO - Product: My Kitchen Year: 136 Recipes That Saved My Life | Price: 11.53 | Availability: In stock | Status: NO CHANGE
2026-09-02 16:18:02,020 - INFO - Product: 13 Hours: The Inside Account of What Really Happened In Benghazi | Price: 27.06 | Availability: In stock | Status: NO CHANGE
2026-09-02 16:18:02,096 - INFO - Product: Will You Won't You Want Me? | Price: 13.86 | Availability: In stock | Status: NO CHANGE
2026-09-02 16:18:02,174 - INFO - Product: Tipping Point for Planet Earth: How Close Are We to the Edge? | Price: 37.55 | Availability: In stock | Status: NO CHANGE
2026-09-02 16:18:02,266 - INFO - Product: The Star-Touched Queen | Price: 32.3 | Availability: In stock | Status: NO CHANGE
2026-09-02 16:18:02,333 - INFO - Product: The Silent Sister (Riley MacPherson #1) | Price: 46.29 | Availability: In stock | Status: NO CHANGE
2026-09-02 16:18:02,339 - INFO - Moving from page 18 to next page.
2026-09-02 16:18:06,312 - INFO - Scraping page 19
2026-09-02 16:18:06,408 - INFO - Product: The Midnight Watch: A Novel of the Titanic and the Californian | Price: 26.2 | Availability: In stock | Status: NO CHANGE
2026-09-02 16:18:06,526 - INFO - Product: The Lonely City: Adventures in the Art of Being Alone | Price: 33.26 | Availability: In stock | Status: NO CHANGE
2026-09-02 16:18:06,631 - INFO - Product: The Gray Rhino: How to Recognize and Act on the Obvious Dangers We Ignore | Price: 59.15 | Availability: In stock | Status: NO CHANGE
2026-09-02 16:18:06,781 - INFO - Product: The Golden Condom: And Other Essays on Love Lost and Found | Price: 39.43 | Availability: In stock | Status: NO CHANGE
2026-09-02 16:18:06,933 - INFO - Product: The Epidemic (The Program 0.6) | Price: 14.44 | Availability: In stock | Status: NO CHANGE
2026-09-02 16:18:07,094 - INFO - Product: The Dinner Party | Price: 56.54 | Availability: In stock | Status: NO CHANGE
2026-09-02 16:18:07,209 - INFO - Product: The Diary of a Young Girl | Price: 59.9 | Availability: In stock | Status: NO CHANGE
2026-09-02 16:18:07,285 - INFO - Product: The Children | Price: 11.88 | Availability: In stock | Status: NO CHANGE
2026-09-02 16:18:07,357 - INFO - Product: Stars Above (The Lunar Chronicles #4.5) | Price: 48.05 | Availability: In stock | Status: NO CHANGE
2026-09-02 16:18:07,423 - INFO - Product: Snatched: How A Drug Queen Went Undercover for the DEA and Was Kidnapped By Colombian Guerillas | Price: 21.21 | Availability: In stock | Status: NO CHANGE
2026-09-02 16:18:07,492 - INFO - Product: Raspberry Pi Electronics Projects for the Evil Genius | Price: 49.67 | Availability: In stock | Status: NO CHANGE
2026-09-02 16:18:07,567 - INFO - Product: Quench Your Own Thirst: Business Lessons Learned Over a Beer or Two | Price: 43.14 | Availability: In stock | Status: NO CHANGE
2026-09-02 16:18:07,653 - INFO - Product: Psycho: Sanitarium (Psycho #1.5) | Price: 36.97 | Availability: In stock | Status: NO CHANGE
2026-09-02 16:18:07,724 - INFO - Product: Poisonous (Max Revere Novels #3) | Price: 26.8 | Availability: In stock | Status: NO CHANGE
2026-09-02 16:18:07,835 - INFO - Product: One with You (Crossfire #5) | Price: 15.71 | Availability: In stock | Status: NO CHANGE
2026-09-02 16:18:07,930 - INFO - Product: No Love Allowed (Dodge Cove #1) | Price: 54.65 | Availability: In stock | Status: NO CHANGE
2026-09-02 16:18:08,020 - INFO - Product: Murder at the 42nd Street Library (Raymond Ambler #1) | Price: 54.36 | Availability: In stock | Status: NO CHANGE
2026-09-02 16:18:08,116 - INFO - Product: Most Wanted | Price: 35.28 | Availability: In stock | Status: NO CHANGE
2026-09-02 16:18:08,193 - INFO - Product: Love, Lies and Spies | Price: 20.55 | Availability: In stock | Status: NO CHANGE
2026-09-02 16:18:08,269 - INFO - Product: How to Speak Golf: An Illustrated Guide to Links Lingo | Price: 58.32 | Availability: In stock | Status: NO CHANGE
2026-09-02 16:18:08,276 - INFO - Moving from page 19 to next page.
2026-09-02 16:18:11,862 - INFO - Scraping page 20
2026-09-02 16:18:11,963 - INFO - Product: Hide Away (Eve Duncan #20) | Price: 11.84 | Availability: In stock | Status: NO CHANGE
2026-09-02 16:18:12,033 - INFO - Product: Furiously Happy: A Funny Book About Horrible Things | Price: 41.46 | Availability: In stock | Status: NO CHANGE
2026-09-02 16:18:12,098 - INFO - Product: Everyday Italian: 125 Simple and Delicious Recipes | Price: 20.1 | Availability: In stock | Status: NO CHANGE
2026-09-02 16:18:12,171 - INFO - Product: Equal Is Unfair: America's Misguided Fight Against Income Inequality | Price: 56.86 | Availability: In stock | Status: NO CHANGE
2026-09-02 16:18:12,230 - INFO - Product: Eleanor & Park | Price: 56.51 | Availability: In stock | Status: NO CHANGE
2026-09-02 16:18:12,313 - INFO - Product: Dirty (Dive Bar #1) | Price: 40.83 | Availability: In stock | Status: NO CHANGE
2026-09-02 16:18:12,380 - INFO - Product: Can You Keep a Secret? (Fear Street Relaunch #4) | Price: 48.64 | Availability: In stock | Status: NO CHANGE
2026-09-02 16:18:12,442 - INFO - Product: Boar Island (Anna Pigeon #19) | Price: 59.48 | Availability: In stock | Status: NO CHANGE
2026-09-02 16:18:12,524 - INFO - Product: A Paris Apartment | Price: 39.01 | Availability: In stock | Status: NO CHANGE
2026-09-02 16:18:12,594 - INFO - Product: A la Mode: 120 Recipes in 60 Pairings: Pies, Tarts, Cakes, Crisps, and More Topped with Ice Cream, Gelato, Frozen Custard, and More | Price: 38.77 | Availability: In stock | Status: NO CHANGE
2026-09-02 16:18:12,652 - INFO - Product: Troublemaker: Surviving Hollywood and Scientology | Price: 48.39 | Availability: In stock | Status: NO CHANGE
2026-09-02 16:18:12,727 - INFO - Product: The Widow | Price: 27.26 | Availability: In stock | Status: NO CHANGE
2026-09-02 16:18:12,815 - INFO - Product: The Sleep Revolution: Transforming Your Life, One Night at a Time | Price: 11.68 | Availability: In stock | Status: NO CHANGE
2026-09-02 16:18:12,877 - INFO - Product: The Improbability of Love | Price: 59.45 | Availability: In stock | Status: NO CHANGE
2026-09-02 16:18:12,937 - INFO - Product: The Art of Startup Fundraising | Price: 21.0 | Availability: In stock | Status: NO CHANGE
2026-09-02 16:18:13,016 - INFO - Product: Take Me Home Tonight (Rock Star Romance #3) | Price: 53.98 | Availability: In stock | Status: NO CHANGE
2026-09-02 16:18:13,075 - INFO - Product: Sleeping Giants (Themis Files #1) | Price: 48.74 | Availability: In stock | Status: NO CHANGE
2026-09-02 16:18:13,136 - INFO - Product: Setting the World on Fire: The Brief, Astonishing Life of St. Catherine of Siena | Price: 21.15 | Availability: In stock | Status: NO CHANGE
2026-09-02 16:18:13,228 - INFO - Product: Playing with Fire | Price: 13.71 | Availability: In stock | Status: NO CHANGE
2026-09-02 16:18:13,329 - INFO - Product: Off the Hook (Fishing for Trouble #1) | Price: 47.67 | Availability: In stock | Status: NO CHANGE
2026-09-02 16:18:13,359 - INFO - Moving from page 20 to next page.
2026-09-02 16:18:16,263 - INFO - Scraping page 21
2026-09-02 16:18:16,376 - INFO - Product: Mothering Sunday | Price: 13.34 | Availability: In stock | Status: NO CHANGE
2026-09-02 16:18:16,463 - INFO - Product: Mother, Can You Not? | Price: 16.89 | Availability: In stock | Status: NO CHANGE
2026-09-02 16:18:16,538 - INFO - Product: M Train | Price: 27.18 | Availability: In stock | Status: NO CHANGE
2026-09-02 16:18:16,649 - INFO - Product: Lilac Girls | Price: 17.28 | Availability: In stock | Status: NO CHANGE
2026-09-02 16:18:16,716 - INFO - Product: Lies and Other Acts of Love | Price: 45.14 | Availability: In stock | Status: NO CHANGE
2026-09-02 16:18:16,784 - INFO - Product: Lab Girl | Price: 40.85 | Availability: In stock | Status: NO CHANGE
2026-09-02 16:18:16,867 - INFO - Product: Keep Me Posted | Price: 20.46 | Availability: In stock | Status: NO CHANGE
2026-09-02 16:18:16,929 - INFO - Product: It Didn't Start with You: How Inherited Family Trauma Shapes Who We Are and How to End the Cycle | Price: 56.27 | Availability: In stock | Status: NO CHANGE
2026-09-02 16:18:16,978 - INFO - Product: Grey (Fifty Shades #4) | Price: 48.49 | Availability: In stock | Status: NO CHANGE
2026-09-02 16:18:17,048 - INFO - Product: Exit, Pursued by a Bear | Price: 51.34 | Availability: In stock | Status: NO CHANGE
2026-09-02 16:18:17,117 - INFO - Product: Daredevils | Price: 16.34 | Availability: In stock | Status: NO CHANGE
2026-09-02 16:18:17,187 - INFO - Product: Cravings: Recipes for What You Want to Eat | Price: 20.5 | Availability: In stock | Status: NO CHANGE
2026-09-02 16:18:17,253 - INFO - Product: Born for This: How to Find the Work You Were Meant to Do | Price: 21.59 | Availability: In stock | Status: NO CHANGE
2026-09-02 16:18:17,318 - INFO - Product: Arena | Price: 21.36 | Availability: In stock | Status: NO CHANGE
2026-09-02 16:18:17,391 - INFO - Product: Adultery | Price: 20.88 | Availability: In stock | Status: NO CHANGE
2026-09-02 16:18:17,456 - INFO - Product: A Mother's Reckoning: Living in the Aftermath of Tragedy | Price: 19.53 | Availability: In stock | Status: NO CHANGE
2026-09-02 16:18:17,531 - INFO - Product: A Gentleman's Position (Society of Gentlemen #3) | Price: 14.75 | Availability: In stock | Status: NO CHANGE
2026-09-02 16:18:17,600 - INFO - Product: 11/22/63 | Price: 48.48 | Availability: In stock | Status: NO CHANGE
2026-09-02 16:18:17,700 - INFO - Product: 10% Happier: How I Tamed the Voice in My Head, Reduced Stress Without Losing My Edge, and Found Self-Help That Actually Works | Price: 24.57 | Availability: In stock | Status: NO CHANGE
2026-09-02 16:18:17,768 - INFO - Product: 10-Day Green Smoothie Cleanse: Lose Up to 15 Pounds in 10 Days! | Price: 49.71 | Availability: In stock | Status: NO CHANGE
2026-09-02 16:18:17,775 - INFO - Moving from page 21 to next page.
2026-09-02 16:18:20,994 - INFO - Scraping page 22
2026-09-02 16:18:21,121 - INFO - Product: Without Shame | Price: 48.27 | Availability: In stock | Status: NO CHANGE
2026-09-02 16:18:21,218 - INFO - Product: Watchmen | Price: 58.05 | Availability: In stock | Status: NO CHANGE
2026-09-02 16:18:21,292 - INFO - Product: Unlimited Intuition Now | Price: 58.87 | Availability: In stock | Status: NO CHANGE
2026-09-02 16:18:21,367 - INFO - Product: Underlying Notes | Price: 11.82 | Availability: In stock | Status: NO CHANGE
2026-09-02 16:18:21,429 - INFO - Product: The Shack | Price: 28.03 | Availability: In stock | Status: NO CHANGE
2026-09-02 16:18:21,471 - INFO - Product: The New Brand You: Your New Image Makes the Sale for You | Price: 44.05 | Availability: In stock | Status: NO CHANGE
2026-09-02 16:18:21,565 - INFO - Product: The Moosewood Cookbook: Recipes from Moosewood Restaurant, Ithaca, New York | Price: 12.34 | Availability: In stock | Status: NO CHANGE
2026-09-02 16:18:21,634 - INFO - Product: The Flowers Lied | Price: 16.68 | Availability: In stock | Status: NO CHANGE
2026-09-02 16:18:21,701 - INFO - Product: The Fabric of the Cosmos: Space, Time, and the Texture of Reality | Price: 55.91 | Availability: In stock | Status: NO CHANGE
2026-09-02 16:18:21,772 - INFO - Product: The Book of Mormon | Price: 24.57 | Availability: In stock | Status: NO CHANGE
2026-09-02 16:18:21,864 - INFO - Product: The Art and Science of Low Carbohydrate Living | Price: 52.98 | Availability: In stock | Status: NO CHANGE
2026-09-02 16:18:21,957 - INFO - Product: The Alien Club | Price: 54.4 | Availability: In stock | Status: NO CHANGE
2026-09-02 16:18:22,033 - INFO - Product: Suzie Snowflake: One beautiful flake (a self-esteem story) | Price: 54.81 | Availability: In stock | Status: NO CHANGE
2026-09-02 16:18:22,096 - INFO - Product: Nap-a-Roo | Price: 25.08 | Availability: In stock | Status: NO CHANGE
2026-09-02 16:18:22,160 - INFO - Product: NaNo What Now? Finding your editing process, revising your NaNoWriMo book and building a writing career through publishing and beyond | Price: 10.41 | Availability: In stock | Status: NO CHANGE
2026-09-02 16:18:22,230 - INFO - Product: Modern Day Fables | Price: 47.44 | Availability: In stock | Status: NO CHANGE
2026-09-02 16:18:22,301 - INFO - Product: If I Gave You God's Phone Number....: Searching for Spirituality in America | Price: 20.91 | Availability: In stock | Status: NO CHANGE
2026-09-02 16:18:22,369 - INFO - Product: Fruits Basket, Vol. 9 (Fruits Basket #9) | Price: 33.95 | Availability: In stock | Status: NO CHANGE
2026-09-02 16:18:22,431 - INFO - Product: Dress Your Family in Corduroy and Denim | Price: 43.68 | Availability: In stock | Status: NO CHANGE
2026-09-02 16:18:22,496 - INFO - Product: Don't Forget Steven | Price: 33.23 | Availability: In stock | Status: NO CHANGE
2026-09-02 16:18:22,503 - INFO - Moving from page 22 to next page.
2026-09-02 16:18:25,768 - INFO - Scraping page 23
2026-09-02 16:18:25,875 - INFO - Product: Chernobyl 01:23:40: The Incredible True Story of the World's Worst Nuclear Disaster | Price: 35.92 | Availability: In stock | Status: NO CHANGE
2026-09-02 16:18:25,955 - INFO - Product: Art and Fear: Observations on the Perils (and Rewards) of Artmaking | Price: 48.63 | Availability: In stock | Status: NO CHANGE
2026-09-02 16:18:26,112 - INFO - Product: A Shard of Ice (The Black Symphony Saga #1) | Price: 56.63 | Availability: In stock | Status: NO CHANGE
2026-09-02 16:18:26,187 - INFO - Product: A Hero's Curse (The Unseen Chronicles #1) | Price: 50.49 | Availability: In stock | Status: NO CHANGE
2026-09-02 16:18:26,289 - INFO - Product: 23 Degrees South: A Tropical Tale of Changing Whether... | Price: 35.79 | Availability: In stock | Status: NO CHANGE
2026-09-02 16:18:26,357 - INFO - Product: Zero to One: Notes on Startups, or How to Build the Future | Price: 34.06 | Availability: In stock | Status: NO CHANGE
2026-09-02 16:18:26,416 - INFO - Product: Why Not Me? | Price: 17.76 | Availability: In stock | Status: NO CHANGE
2026-09-02 16:18:26,493 - INFO - Product: When Breath Becomes Air | Price: 39.36 | Availability: In stock | Status: NO CHANGE
2026-09-02 16:18:26,567 - INFO - Product: Vagabonding: An Uncommon Guide to the Art of Long-Term World Travel | Price: 36.94 | Availability: In stock | Status: NO CHANGE
2026-09-02 16:18:26,631 - INFO - Product: The Unlikely Pilgrimage of Harold Fry (Harold Fry #1) | Price: 43.62 | Availability: In stock | Status: NO CHANGE
2026-09-02 16:18:26,712 - INFO - Product: The New Drawing on the Right Side of the Brain | Price: 43.02 | Availability: In stock | Status: NO CHANGE
2026-09-02 16:18:26,797 - INFO - Product: The Midnight Assassin: Panic, Scandal, and the Hunt for America's First Serial Killer | Price: 28.45 | Availability: In stock | Status: NO CHANGE
2026-09-02 16:18:26,903 - INFO - Product: The Martian (The Martian #1) | Price: 41.39 | Availability: In stock | Status: NO CHANGE
2026-09-02 16:18:26,986 - INFO - Product: The High Mountains of Portugal | Price: 51.15 | Availability: In stock | Status: NO CHANGE
2026-09-02 16:18:27,063 - INFO - Product: The Grownup | Price: 35.88 | Availability: In stock | Status: NO CHANGE
2026-09-02 16:18:27,137 - INFO - Product: The E-Myth Revisited: Why Most Small Businesses Don't Work and What to Do About It | Price: 36.91 | Availability: In stock | Status: NO CHANGE
2026-09-02 16:18:27,227 - INFO - Product: South of Sunshine | Price: 28.93 | Availability: In stock | Status: NO CHANGE
2026-09-02 16:18:27,316 - INFO - Product: Smarter Faster Better: The Secrets of Being Productive in Life and Business | Price: 38.89 | Availability: In stock | Status: NO CHANGE
2026-09-02 16:18:27,385 - INFO - Product: Silence in the Dark (Logan Point #4) | Price: 58.33 | Availability: In stock | Status: NO CHANGE
2026-09-02 16:18:27,472 - INFO - Product: Shadows of the Past (Logan Point #1) | Price: 39.67 | Availability: In stock | Status: NO CHANGE
2026-09-02 16:18:27,479 - INFO - Moving from page 23 to next page.
2026-09-02 16:18:39,870 - INFO - Scraping page 24
2026-09-02 16:18:40,011 - INFO - Product: Roller Girl | Price: 14.1 | Availability: In stock | Status: NO CHANGE
2026-09-02 16:18:40,100 - INFO - Product: Rising Strong | Price: 21.82 | Availability: In stock | Status: NO CHANGE
2026-09-02 16:18:40,185 - INFO - Product: Proofs of God: Classical Arguments from Tertullian to Barth | Price: 54.21 | Availability: In stock | Status: NO CHANGE
2026-09-02 16:18:40,290 - INFO - Product: Please Kill Me: The Uncensored Oral History of Punk | Price: 31.19 | Availability: In stock | Status: NO CHANGE
2026-09-02 16:18:40,429 - INFO - Product: Out of Print: City Lights Spotlight No. 14 | Price: 53.64 | Availability: In stock | Status: NO CHANGE
2026-09-02 16:18:40,532 - INFO - Product: My Life Next Door (My Life Next Door ) | Price: 36.39 | Availability: In stock | Status: NO CHANGE
2026-09-02 16:18:40,613 - INFO - Product: Miller's Valley | Price: 58.54 | Availability: In stock | Status: NO CHANGE
2026-09-02 16:18:40,691 - INFO - Product: Man's Search for Meaning | Price: 29.48 | Availability: In stock | Status: NO CHANGE
2026-09-02 16:18:40,778 - INFO - Product: Love That Boy: What Two Presidents, Eight Road Trips, and My Son Taught Me About a Parent's Expectations | Price: 25.06 | Availability: In stock | Status: NO CHANGE
2026-09-02 16:18:40,878 - INFO - Product: Living Forward: A Proven Plan to Stop Drifting and Get the Life You Want | Price: 12.55 | Availability: In stock | Status: NO CHANGE
2026-09-02 16:18:41,034 - INFO - Product: Les Fleurs du Mal | Price: 29.04 | Availability: In stock | Status: NO CHANGE
2026-09-02 16:18:41,118 - INFO - Product: Left Behind (Left Behind #1) | Price: 40.72 | Availability: In stock | Status: NO CHANGE
2026-09-02 16:18:41,190 - INFO - Product: Kill 'Em and Leave: Searching for James Brown and the American Soul | Price: 45.05 | Availability: In stock | Status: NO CHANGE
2026-09-02 16:18:41,264 - INFO - Product: Kierkegaard: A Christian Missionary to Christians | Price: 47.13 | Availability: In stock | Status: NO CHANGE
2026-09-02 16:18:41,334 - INFO - Product: John Vassos: Industrial Design for Modern Life | Price: 20.22 | Availability: In stock | Status: NO CHANGE
2026-09-02 16:18:41,418 - INFO - Product: I'll Give You the Sun | Price: 56.48 | Availability: In stock | Status: NO CHANGE
2026-09-02 16:18:41,478 - INFO - Product: I Will Find You | Price: 44.21 | Availability: In stock | Status: NO CHANGE
2026-09-02 16:18:41,543 - INFO - Product: Hystopia: A Novel | Price: 21.96 | Availability: In stock | Status: NO CHANGE
2026-09-02 16:18:41,603 - INFO - Product: Howl and Other Poems | Price: 40.45 | Availability: In stock | Status: NO CHANGE
2026-09-02 16:18:41,666 - INFO - Product: History of Beauty | Price: 10.29 | Availability: In stock | Status: NO CHANGE
2026-09-02 16:18:41,674 - INFO - Moving from page 24 to next page.
2026-09-02 16:19:02,319 - INFO - Scraping page 25
2026-09-02 16:19:02,401 - INFO - Product: Heaven is for Real: A Little Boy's Astounding Story of His Trip to Heaven and Back | Price: 52.86 | Availability: In stock | Status: NO CHANGE
2026-09-02 16:19:02,482 - INFO - Product: Future Shock (Future Shock #1) | Price: 55.65 | Availability: In stock | Status: NO CHANGE
2026-09-02 16:19:02,596 - INFO - Product: Ender's Game (The Ender Quintet #1) | Price: 43.64 | Availability: In stock | Status: NO CHANGE
2026-09-02 16:19:02,706 - INFO - Product: Diary of a Citizen Scientist: Chasing Tiger Beetles and Other New Ways of Engaging the World | Price: 28.41 | Availability: In stock | Status: NO CHANGE
2026-09-02 16:19:02,808 - INFO - Product: Death by Leisure: A Cautionary Tale | Price: 37.51 | Availability: In stock | Status: NO CHANGE
2026-09-02 16:19:02,887 - INFO - Product: Brilliant Beacons: A History of the American Lighthouse | Price: 11.45 | Availability: In stock | Status: NO CHANGE
2026-09-02 16:19:02,965 - INFO - Product: Brazen: The Courage to Find the You That's Been Hiding | Price: 19.22 | Availability: In stock | Status: NO CHANGE
2026-09-02 16:19:03,037 - INFO - Product: Between the World and Me | Price: 56.91 | Availability: In stock | Status: NO CHANGE
2026-09-02 16:19:03,112 - INFO - Product: Being Mortal: Medicine and What Matters in the End | Price: 55.06 | Availability: In stock | Status: NO CHANGE
2026-09-02 16:19:03,180 - INFO - Product: A Murder Over a Girl: Justice, Gender, Junior High | Price: 13.2 | Availability: In stock | Status: NO CHANGE
2026-09-02 16:19:03,248 - INFO - Product: 32 Yolks | Price: 53.63 | Availability: In stock | Status: NO CHANGE
2026-09-02 16:19:03,329 - INFO - Product: "Most Blessed of the Patriarchs": Thomas Jefferson and the Empire of the Imagination | Price: 44.48 | Availability: In stock | Status: NO CHANGE
2026-09-02 16:19:03,419 - INFO - Product: You Are a Badass: How to Stop Doubting Your Greatness and Start Living an Awesome Life | Price: 12.08 | Availability: In stock | Status: NO CHANGE
2026-09-02 16:19:03,487 - INFO - Product: Wildlife of New York: A Five-Borough Coloring Book | Price: 22.14 | Availability: In stock | Status: NO CHANGE
2026-09-02 16:19:03,562 - INFO - Product: What Happened on Beale Street (Secrets of the South Mysteries #2) | Price: 25.37 | Availability: In stock | Status: NO CHANGE
2026-09-02 16:19:03,645 - INFO - Product: Unreasonable Hope: Finding Faith in the God Who Brings Purpose to Your Pain | Price: 46.33 | Availability: In stock | Status: NO CHANGE
2026-09-02 16:19:03,724 - INFO - Product: Under the Tuscan Sun | Price: 37.33 | Availability: In stock | Status: NO CHANGE
2026-09-02 16:19:03,805 - INFO - Product: Toddlers Are A**holes: It's Not Your Fault | Price: 25.55 | Availability: In stock | Status: NO CHANGE
2026-09-02 16:19:03,875 - INFO - Product: The Year of Living Biblically: One Man's Humble Quest to Follow the Bible as Literally as Possible | Price: 34.72 | Availability: In stock | Status: NO CHANGE
2026-09-02 16:19:03,952 - INFO - Product: The Whale | Price: 35.96 | Availability: In stock | Status: NO CHANGE
2026-09-02 16:19:03,958 - INFO - Moving from page 25 to next page.
2026-09-02 16:19:10,251 - INFO - Scraping page 26
2026-09-02 16:19:10,381 - INFO - Product: The Story of Art | Price: 41.14 | Availability: In stock | Status: NO CHANGE
2026-09-02 16:19:10,461 - INFO - Product: The Origin of Species | Price: 10.01 | Availability: In stock | Status: NO CHANGE
2026-09-02 16:19:10,527 - INFO - Product: The Great Gatsby | Price: 36.05 | Availability: In stock | Status: NO CHANGE
2026-09-02 16:19:10,594 - INFO - Product: The Good Girl | Price: 49.03 | Availability: In stock | Status: NO CHANGE
2026-09-02 16:19:10,697 - INFO - Product: The Glass Castle | Price: 16.24 | Availability: In stock | Status: NO CHANGE
2026-09-02 16:19:10,786 - INFO - Product: The Faith of Christopher Hitchens: The Restless Soul of the World's Most Notorious Atheist | Price: 39.55 | Availability: In stock | Status: NO CHANGE
2026-09-02 16:19:10,858 - INFO - Product: The Drowning Girls | Price: 35.67 | Availability: In stock | Status: NO CHANGE
2026-09-02 16:19:10,927 - INFO - Product: The Constant Princess (The Tudor Court #1) | Price: 16.62 | Availability: In stock | Status: NO CHANGE
2026-09-02 16:19:10,995 - INFO - Product: The Bourne Identity (Jason Bourne #1) | Price: 42.78 | Availability: In stock | Status: NO CHANGE
2026-09-02 16:19:11,090 - INFO - Product: The Bachelor Girl's Guide to Murder (Herringford and Watts Mysteries #1) | Price: 52.3 | Availability: In stock | Status: NO CHANGE
2026-09-02 16:19:11,182 - INFO - Product: The Art Book | Price: 32.34 | Availability: In stock | Status: NO CHANGE
2026-09-02 16:19:11,252 - INFO - Product: The 7 Habits of Highly Effective People: Powerful Lessons in Personal Change | Price: 33.17 | Availability: In stock | Status: NO CHANGE
2026-09-02 16:19:11,325 - INFO - Product: Team of Rivals: The Political Genius of Abraham Lincoln | Price: 20.12 | Availability: In stock | Status: NO CHANGE
2026-09-02 16:19:11,398 - INFO - Product: Steal Like an Artist: 10 Things Nobody Told You About Being Creative | Price: 20.9 | Availability: In stock | Status: NO CHANGE
2026-09-02 16:19:11,506 - INFO - Product: Sit, Stay, Love | Price: 20.9 | Availability: In stock | Status: NO CHANGE
2026-09-02 16:19:11,572 - INFO - Product: Sister Dear | Price: 40.2 | Availability: In stock | Status: NO CHANGE
2026-09-02 16:19:11,660 - INFO - Product: Shrunken Treasures: Literary Classics, Short, Sweet, and Silly | Price: 52.87 | Availability: In stock | Status: NO CHANGE
2026-09-02 16:19:11,704 - INFO - Product: Rich Dad, Poor Dad | Price: 51.74 | Availability: In stock | Status: NO CHANGE
2026-09-02 16:19:11,752 - INFO - Product: Raymie Nightingale | Price: 34.41 | Availability: In stock | Status: NO CHANGE
2026-09-02 16:19:11,844 - INFO - Product: Playing from the Heart | Price: 32.38 | Availability: In stock | Status: NO CHANGE
2026-09-02 16:19:11,850 - INFO - Moving from page 26 to next page.
2026-09-02 16:19:15,032 - INFO - Scraping page 27
2026-09-02 16:19:15,132 - INFO - Product: Nightstruck: A Novel | Price: 50.35 | Availability: In stock | Status: NO CHANGE
2026-09-02 16:19:15,208 - INFO - Product: Naturally Lean: 125 Nourishing Gluten-Free, Plant-Based Recipes--All Under 300 Calories | Price: 11.38 | Availability: In stock | Status: NO CHANGE
2026-09-02 16:19:15,281 - INFO - Product: Meternity | Price: 43.58 | Availability: In stock | Status: NO CHANGE
2026-09-02 16:19:15,370 - INFO - Product: Memoirs of a Geisha | Price: 49.67 | Availability: In stock | Status: NO CHANGE
2026-09-02 16:19:15,474 - INFO - Product: Like Never Before (Walker Family #2) | Price: 28.77 | Availability: In stock | Status: NO CHANGE
2026-09-02 16:19:15,518 - INFO - Product: Life of Pi | Price: 13.22 | Availability: In stock | Status: NO CHANGE
2026-09-02 16:19:15,605 - INFO - Product: Leave This Song Behind: Teen Poetry at Its Best | Price: 51.17 | Availability: In stock | Status: NO CHANGE
2026-09-02 16:19:15,699 - INFO - Product: King's Folly (The Kinsman Chronicles #1) | Price: 39.61 | Availability: In stock | Status: NO CHANGE
2026-09-02 16:19:15,799 - INFO - Product: John Adams | Price: 57.43 | Availability: In stock | Status: NO CHANGE
2026-09-02 16:19:15,895 - INFO - Product: How to Cook Everything Vegetarian: Simple Meatless Recipes for Great Food (How to Cook Everything) | Price: 46.01 | Availability: In stock | Status: NO CHANGE
2026-09-02 16:19:15,981 - INFO - Product: How to Be a Domestic Goddess: Baking and the Art of Comfort Cooking | Price: 28.25 | Availability: In stock | Status: NO CHANGE
2026-09-02 16:19:16,043 - INFO - Product: Good in Bed (Cannie Shapiro #1) | Price: 37.05 | Availability: In stock | Status: NO CHANGE
2026-09-02 16:19:16,104 - INFO - Product: Fruits Basket, Vol. 7 (Fruits Basket #7) | Price: 19.57 | Availability: In stock | Status: NO CHANGE
2026-09-02 16:19:16,195 - INFO - Product: For the Love: Fighting for Grace in a World of Impossible Standards | Price: 45.13 | Availability: In stock | Status: NO CHANGE
2026-09-02 16:19:16,262 - INFO - Product: Finding God in the Ruins: How God Redeems Pain | Price: 46.64 | Availability: In stock | Status: NO CHANGE
2026-09-02 16:19:16,336 - INFO - Product: Every Heart a Doorway (Every Heart A Doorway #1) | Price: 12.16 | Availability: In stock | Status: NO CHANGE
2026-09-02 16:19:16,402 - INFO - Product: Delivering the Truth (Quaker Midwife Mystery #1) | Price: 20.89 | Availability: In stock | Status: NO CHANGE
2026-09-02 16:19:16,469 - INFO - Product: Counted With the Stars (Out from Egypt #1) | Price: 17.97 | Availability: In stock | Status: NO CHANGE
2026-09-02 16:19:16,539 - INFO - Product: Chronicles, Vol. 1 | Price: 52.6 | Availability: In stock | Status: NO CHANGE
2026-09-02 16:19:16,636 - INFO - Product: Blue Like Jazz: Nonreligious Thoughts on Christian Spirituality | Price: 25.77 | Availability: In stock | Status: NO CHANGE
2026-09-02 16:19:16,657 - INFO - Moving from page 27 to next page.
2026-09-02 16:19:19,747 - INFO - Scraping page 28
2026-09-02 16:19:19,865 - INFO - Product: Benjamin Franklin: An American Life | Price: 48.19 | Availability: In stock | Status: NO CHANGE
2026-09-02 16:19:19,954 - INFO - Product: At The Existentialist Café: Freedom, Being, and apricot cocktails with: Jean-Paul Sartre, Simone de Beauvoir, Albert Camus, Martin Heidegger, Edmund Husserl, Karl Jaspers, Maurice Merleau-Ponty and others | Price: 29.93 | Availability: In stock | Status: NO CHANGE
2026-09-02 16:19:20,026 - INFO - Product: A Summer In Europe | Price: 44.34 | Availability: In stock | Status: NO CHANGE
2026-09-02 16:19:20,101 - INFO - Product: A Short History of Nearly Everything | Price: 52.4 | Availability: In stock | Status: NO CHANGE
2026-09-02 16:19:20,179 - INFO - Product: A Gathering of Shadows (Shades of Magic #2) | Price: 44.81 | Availability: In stock | Status: NO CHANGE
2026-09-02 16:19:20,250 - INFO - Product: The Sound Of Love | Price: 57.84 | Availability: In stock | Status: NO CHANGE
2026-09-02 16:19:20,324 - INFO - Product: The Rise and Fall of the Third Reich: A History of Nazi Germany | Price: 39.67 | Availability: In stock | Status: NO CHANGE
2026-09-02 16:19:20,410 - INFO - Product: The Perks of Being a Wallflower | Price: 55.02 | Availability: In stock | Status: NO CHANGE
2026-09-02 16:19:20,486 - INFO - Product: The Mysterious Affair at Styles (Hercule Poirot #1) | Price: 24.8 | Availability: In stock | Status: NO CHANGE
2026-09-02 16:19:20,551 - INFO - Product: The Man Who Mistook His Wife for a Hat and Other Clinical Tales | Price: 59.45 | Availability: In stock | Status: NO CHANGE
2026-09-02 16:19:20,672 - INFO - Product: The Makings of a Fatherless Child | Price: 31.58 | Availability: In stock | Status: NO CHANGE
2026-09-02 16:19:20,763 - INFO - Product: The Joy of Cooking | Price: 43.27 | Availability: In stock | Status: NO CHANGE
2026-09-02 16:19:20,866 - INFO - Product: The Invention of Wings | Price: 37.34 | Availability: In stock | Status: NO CHANGE
2026-09-02 16:19:20,960 - INFO - Product: The Hobbit (Middle-Earth Universe) | Price: 17.8 | Availability: In stock | Status: NO CHANGE
2026-09-02 16:19:21,048 - INFO - Product: The Great Railway Bazaar | Price: 30.54 | Availability: In stock | Status: NO CHANGE
2026-09-02 16:19:21,124 - INFO - Product: The Golden Compass (His Dark Materials #1) | Price: 18.77 | Availability: In stock | Status: NO CHANGE
2026-09-02 16:19:21,233 - INFO - Product: The God Delusion | Price: 46.85 | Availability: In stock | Status: NO CHANGE
2026-09-02 16:19:21,308 - INFO - Product: The Girl You Left Behind (The Girl You Left Behind #1) | Price: 15.79 | Availability: In stock | Status: NO CHANGE
2026-09-02 16:19:21,399 - INFO - Product: The Fellowship of the Ring (The Lord of the Rings #1) | Price: 10.27 | Availability: In stock | Status: NO CHANGE
2026-09-02 16:19:21,468 - INFO - Product: The Collected Poems of W.B. Yeats (The Collected Works of W.B. Yeats #1) | Price: 15.42 | Availability: In stock | Status: NO CHANGE
2026-09-02 16:19:21,474 - INFO - Moving from page 28 to next page.
2026-09-02 16:19:26,916 - INFO - Scraping page 29
2026-09-02 16:19:27,031 - INFO - Product: The Barefoot Contessa Cookbook | Price: 59.92 | Availability: In stock | Status: NO CHANGE
2026-09-02 16:19:27,128 - INFO - Product: Tell the Wolves I'm Home | Price: 50.96 | Availability: In stock | Status: NO CHANGE
2026-09-02 16:19:27,212 - INFO - Product: Ship Leaves Harbor: Essays on Travel by a Recovering Journeyman | Price: 30.6 | Availability: In stock | Status: NO CHANGE
2026-09-02 16:19:27,279 - INFO - Product: Pride and Prejudice | Price: 19.27 | Availability: In stock | Status: NO CHANGE
2026-09-02 16:19:27,354 - INFO - Product: Musicophilia: Tales of Music and the Brain | Price: 46.58 | Availability: In stock | Status: NO CHANGE
2026-09-02 16:19:27,422 - INFO - Product: Mere Christianity | Price: 48.51 | Availability: In stock | Status: NO CHANGE
2026-09-02 16:19:27,494 - INFO - Product: Me Before You (Me Before You #1) | Price: 19.02 | Availability: In stock | Status: NO CHANGE
2026-09-02 16:19:27,564 - INFO - Product: In the Woods (Dublin Murder Squad #1) | Price: 38.38 | Availability: In stock | Status: NO CHANGE
2026-09-02 16:19:27,634 - INFO - Product: In Cold Blood | Price: 49.98 | Availability: In stock | Status: NO CHANGE
2026-09-02 16:19:27,698 - INFO - Product: How to Stop Worrying and Start Living | Price: 46.49 | Availability: In stock | Status: NO CHANGE
2026-09-02 16:19:27,759 - INFO - Product: Give It Back | Price: 18.32 | Availability: In stock | Status: NO CHANGE
2026-09-02 16:19:27,823 - INFO - Product: Girl, Interrupted | Price: 42.14 | Availability: In stock | Status: NO CHANGE
2026-09-02 16:19:27,894 - INFO - Product: Fun Home: A Family Tragicomic | Price: 56.59 | Availability: In stock | Status: NO CHANGE
2026-09-02 16:19:27,988 - INFO - Product: Fruits Basket, Vol. 6 (Fruits Basket #6) | Price: 20.96 | Availability: In stock | Status: NO CHANGE
2026-09-02 16:19:28,089 - INFO - Product: Deception Point | Price: 40.32 | Availability: In stock | Status: NO CHANGE
2026-09-02 16:19:28,173 - INFO - Product: Death Note, Vol. 6: Give-and-Take (Death Note #6) | Price: 36.39 | Availability: In stock | Status: NO CHANGE
2026-09-02 16:19:28,322 - INFO - Product: Catherine the Great: Portrait of a Woman | Price: 58.55 | Availability: In stock | Status: NO CHANGE
2026-09-02 16:19:28,419 - INFO - Product: Better Homes and Gardens New Cook Book | Price: 39.61 | Availability: In stock | Status: NO CHANGE
2026-09-02 16:19:28,500 - INFO - Product: An Unquiet Mind: A Memoir of Moods and Madness | Price: 21.3 | Availability: In stock | Status: NO CHANGE
2026-09-02 16:19:28,574 - INFO - Product: A Year in Provence (Provence #1) | Price: 56.88 | Availability: In stock | Status: NO CHANGE
2026-09-02 16:19:28,580 - INFO - Moving from page 29 to next page.
2026-09-02 16:19:31,246 - INFO - Scraping page 30
2026-09-02 16:19:31,380 - INFO - Product: World Without End (The Pillars of the Earth #2) | Price: 32.97 | Availability: In stock | Status: NO CHANGE
2026-09-02 16:19:31,469 - INFO - Product: Will Grayson, Will Grayson (Will Grayson, Will Grayson) | Price: 47.31 | Availability: In stock | Status: NO CHANGE
2026-09-02 16:19:31,551 - INFO - Product: Why Save the Bankers?: And Other Essays on Our Economic and Political Crisis | Price: 48.67 | Availability: In stock | Status: NO CHANGE
2026-09-02 16:19:31,661 - INFO - Product: Where She Went (If I Stay #2) | Price: 41.73 | Availability: In stock | Status: NO CHANGE
2026-09-02 16:19:31,774 - INFO - Product: What If?: Serious Scientific Answers to Absurd Hypothetical Questions | Price: 53.68 | Availability: In stock | Status: NO CHANGE
2026-09-02 16:19:31,861 - INFO - Product: Two Summers | Price: 14.64 | Availability: In stock | Status: NO CHANGE
2026-09-02 16:19:31,932 - INFO - Product: This Is Your Brain on Music: The Science of a Human Obsession | Price: 38.4 | Availability: In stock | Status: NO CHANGE
2026-09-02 16:19:32,025 - INFO - Product: The Secret Garden | Price: 15.08 | Availability: In stock | Status: NO CHANGE
2026-09-02 16:19:32,117 - INFO - Product: The Raven King (The Raven Cycle #4) | Price: 30.57 | Availability: In stock | Status: NO CHANGE
2026-09-02 16:19:32,216 - INFO - Product: The Raven Boys (The Raven Cycle #1) | Price: 57.74 | Availability: In stock | Status: NO CHANGE
2026-09-02 16:19:32,301 - INFO - Product: The Power Greens Cookbook: 140 Delicious Superfood Recipes | Price: 11.05 | Availability: In stock | Status: NO CHANGE
2026-09-02 16:19:32,368 - INFO - Product: The Metamorphosis | Price: 28.58 | Availability: In stock | Status: NO CHANGE
2026-09-02 16:19:32,434 - INFO - Product: The Mathews Men: Seven Brothers and the War Against Hitler's U-boats | Price: 42.91 | Availability: In stock | Status: NO CHANGE
2026-09-02 16:19:32,542 - INFO - Product: The Little Paris Bookshop | Price: 24.73 | Availability: In stock | Status: NO CHANGE
2026-09-02 16:19:32,628 - INFO - Product: The Hiding Place | Price: 55.91 | Availability: In stock | Status: NO CHANGE
2026-09-02 16:19:32,724 - INFO - Product: The Grand Design | Price: 13.76 | Availability: In stock | Status: NO CHANGE
2026-09-02 16:19:32,800 - INFO - Product: The Firm | Price: 45.56 | Availability: In stock | Status: NO CHANGE
2026-09-02 16:19:32,875 - INFO - Product: The Fault in Our Stars | Price: 47.22 | Availability: In stock | Status: NO CHANGE
2026-09-02 16:19:32,941 - INFO - Product: The False Prince (The Ascendance Trilogy #1) | Price: 56.0 | Availability: In stock | Status: NO CHANGE
2026-09-02 16:19:33,005 - INFO - Product: The Expatriates | Price: 44.58 | Availability: In stock | Status: NO CHANGE
2026-09-02 16:19:33,012 - INFO - Moving from page 30 to next page.
2026-09-02 16:19:35,959 - INFO - Scraping page 31
2026-09-02 16:19:36,092 - INFO - Product: The Dream Thieves (The Raven Cycle #2) | Price: 34.5 | Availability: In stock | Status: NO CHANGE
2026-09-02 16:19:36,182 - INFO - Product: The Darkest Corners | Price: 11.33 | Availability: In stock | Status: NO CHANGE
2026-09-02 16:19:36,256 - INFO - Product: The Crossover | Price: 38.77 | Availability: In stock | Status: NO CHANGE
2026-09-02 16:19:36,318 - INFO - Product: The 5th Wave (The 5th Wave #1) | Price: 11.83 | Availability: In stock | Status: NO CHANGE
2026-09-02 16:19:36,390 - INFO - Product: Tell the Wind and Fire | Price: 45.51 | Availability: In stock | Status: NO CHANGE
2026-09-02 16:19:36,454 - INFO - Product: Tell Me Three Things | Price: 41.81 | Availability: In stock | Status: NO CHANGE
2026-09-02 16:19:36,570 - INFO - Product: Talking to Girls About Duran Duran: One Young Man's Quest for True Love and a Cooler Haircut | Price: 25.15 | Availability: In stock | Status: NO CHANGE
2026-09-02 16:19:36,672 - INFO - Product: Siddhartha | Price: 34.22 | Availability: In stock | Status: NO CHANGE
2026-09-02 16:19:36,741 - INFO - Product: Shiver (The Wolves of Mercy Falls #1) | Price: 16.23 | Availability: In stock | Status: NO CHANGE
2026-09-02 16:19:36,838 - INFO - Product: Remember Me? | Price: 11.48 | Availability: In stock | Status: NO CHANGE
2026-09-02 16:19:36,918 - INFO - Product: Red Dragon (Hannibal Lecter #1) | Price: 23.37 | Availability: In stock | Status: NO CHANGE
2026-09-02 16:19:36,985 - INFO - Product: Peak: Secrets from the New Science of Expertise | Price: 16.28 | Availability: In stock | Status: NO CHANGE
2026-09-02 16:19:37,108 - INFO - Product: My Mother Was Nuts | Price: 31.63 | Availability: In stock | Status: NO CHANGE
2026-09-02 16:19:37,176 - INFO - Product: Mexican Today: New and Rediscovered Recipes for Contemporary Kitchens | Price: 24.91 | Availability: In stock | Status: NO CHANGE
2026-09-02 16:19:37,248 - INFO - Product: Maybe Something Beautiful: How Art Transformed a Neighborhood | Price: 22.54 | Availability: In stock | Status: NO CHANGE
2026-09-02 16:19:37,356 - INFO - Product: Lola and the Boy Next Door (Anna and the French Kiss #2) | Price: 23.63 | Availability: In stock | Status: NO CHANGE
2026-09-02 16:19:37,484 - INFO - Product: Logan Kade (Fallen Crest High #5.5) | Price: 13.12 | Availability: In stock | Status: NO CHANGE
2026-09-02 16:19:37,565 - INFO - Product: Last One Home (New Beginnings #1) | Price: 59.98 | Availability: In stock | Status: NO CHANGE
2026-09-02 16:19:37,639 - INFO - Product: Killing Floor (Jack Reacher #1) | Price: 31.49 | Availability: In stock | Status: NO CHANGE
2026-09-02 16:19:37,725 - INFO - Product: Kill the Boy Band | Price: 15.52 | Availability: In stock | Status: NO CHANGE
2026-09-02 16:19:37,731 - INFO - Moving from page 31 to next page.
2026-09-02 16:19:42,914 - INFO - Scraping page 32
2026-09-02 16:19:43,013 - INFO - Product: Isla and the Happily Ever After (Anna and the French Kiss #3) | Price: 48.13 | Availability: In stock | Status: NO CHANGE
2026-09-02 16:19:43,088 - INFO - Product: If I Stay (If I Stay #1) | Price: 38.13 | Availability: In stock | Status: NO CHANGE
2026-09-02 16:19:43,168 - INFO - Product: I Know Why the Caged Bird Sings (Maya Angelou's Autobiography #1) | Price: 36.55 | Availability: In stock | Status: NO CHANGE
2026-09-02 16:19:43,245 - INFO - Product: Harry Potter and the Deathly Hallows (Harry Potter #7) | Price: 23.32 | Availability: In stock | Status: NO CHANGE
2026-09-02 16:19:43,312 - INFO - Product: Fruits Basket, Vol. 5 (Fruits Basket #5) | Price: 16.33 | Availability: In stock | Status: NO CHANGE
2026-09-02 16:19:43,378 - INFO - Product: Foundation (Foundation (Publication Order) #1) | Price: 32.42 | Availability: In stock | Status: NO CHANGE
2026-09-02 16:19:43,446 - INFO - Product: Fool Me Once | Price: 16.96 | Availability: In stock | Status: NO CHANGE
2026-09-02 16:19:43,533 - INFO - Product: Find Her (Detective D.D. Warren #8) | Price: 22.37 | Availability: In stock | Status: NO CHANGE
2026-09-02 16:19:43,613 - INFO - Product: Evicted: Poverty and Profit in the American City | Price: 42.27 | Availability: In stock | Status: NO CHANGE
2026-09-02 16:19:43,657 - INFO - Product: Drama | Price: 38.7 | Availability: In stock | Status: NO CHANGE
2026-09-02 16:19:43,737 - INFO - Product: Dracula the Un-Dead | Price: 35.63 | Availability: In stock | Status: NO CHANGE
2026-09-02 16:19:43,780 - INFO - Product: Digital Fortress | Price: 58.0 | Availability: In stock | Status: NO CHANGE
2026-09-02 16:19:43,834 - INFO - Product: Death Note, Vol. 5: Whiteout (Death Note #5) | Price: 52.41 | Availability: In stock | Status: NO CHANGE
2026-09-02 16:19:43,881 - INFO - Product: Data, A Love Story: How I Gamed Online Dating to Meet My Match | Price: 32.35 | Availability: In stock | Status: NO CHANGE
2026-09-02 16:19:43,949 - INFO - Product: Critique of Pure Reason | Price: 20.75 | Availability: In stock | Status: NO CHANGE
2026-09-02 16:19:43,993 - INFO - Product: Booked | Price: 17.49 | Availability: In stock | Status: NO CHANGE
2026-09-02 16:19:44,067 - INFO - Product: Blue Lily, Lily Blue (The Raven Cycle #3) | Price: 34.13 | Availability: In stock | Status: NO CHANGE
2026-09-02 16:19:44,181 - INFO - Product: Approval Junkie: Adventures in Caring Too Much | Price: 58.81 | Availability: In stock | Status: NO CHANGE
2026-09-02 16:19:44,296 - INFO - Product: An Abundance of Katherines | Price: 10.0 | Availability: In stock | Status: NO CHANGE
2026-09-02 16:19:44,379 - INFO - Product: America's War for the Greater Middle East: A Military History | Price: 51.22 | Availability: In stock | Status: NO CHANGE
2026-09-02 16:19:44,383 - INFO - Moving from page 32 to next page.
2026-09-02 16:19:59,798 - INFO - Scraping page 33
2026-09-02 16:19:59,932 - INFO - Product: Alight (The Generations Trilogy #2) | Price: 58.59 | Availability: In stock | Status: NO CHANGE
2026-09-02 16:20:00,069 - INFO - Product: A Girl's Guide to Moving On (New Beginnings #2) | Price: 31.3 | Availability: In stock | Status: NO CHANGE
2026-09-02 16:20:00,232 - INFO - Product: A Game of Thrones (A Song of Ice and Fire #1) | Price: 46.42 | Availability: In stock | Status: NO CHANGE
2026-09-02 16:20:00,361 - INFO - Product: A Feast for Crows (A Song of Ice and Fire #4) | Price: 17.21 | Availability: In stock | Status: NO CHANGE
2026-09-02 16:20:00,448 - INFO - Product: A Clash of Kings (A Song of Ice and Fire #2) | Price: 10.79 | Availability: In stock | Status: NO CHANGE
2026-09-02 16:20:00,516 - INFO - Product: Vogue Colors A to Z: A Fashion Coloring Book | Price: 52.35 | Availability: In stock | Status: NO CHANGE
2026-09-02 16:20:00,605 - INFO - Product: The Shining (The Shining #1) | Price: 27.88 | Availability: In stock | Status: NO CHANGE
2026-09-02 16:20:00,705 - INFO - Product: The Pilgrim's Progress | Price: 50.26 | Availability: In stock | Status: NO CHANGE
2026-09-02 16:20:00,798 - INFO - Product: The Perfect Play (Play by Play #1) | Price: 59.99 | Availability: In stock | Status: NO CHANGE
2026-09-02 16:20:00,922 - INFO - Product: The Passion of Dolssa | Price: 28.32 | Availability: In stock | Status: NO CHANGE
2026-09-02 16:20:01,005 - INFO - Product: The Jazz of Physics: The Secret Link Between Music and the Structure of the Universe | Price: 38.71 | Availability: In stock | Status: NO CHANGE
2026-09-02 16:20:01,088 - INFO - Product: The Hunger Games (The Hunger Games #1) | Price: 29.85 | Availability: In stock | Status: NO CHANGE
2026-09-02 16:20:01,187 - INFO - Product: The Hound of the Baskervilles (Sherlock Holmes #5) | Price: 14.82 | Availability: In stock | Status: NO CHANGE
2026-09-02 16:20:01,272 - INFO - Product: The Gunning of America: Business and the Making of American Gun Culture | Price: 16.81 | Availability: In stock | Status: NO CHANGE
2026-09-02 16:20:01,367 - INFO - Product: The Geography of Bliss: One Grump's Search for the Happiest Places in the World | Price: 28.23 | Availability: In stock | Status: NO CHANGE
2026-09-02 16:20:01,457 - INFO - Product: The Demonists (Demonist #1) | Price: 52.11 | Availability: In stock | Status: NO CHANGE
2026-09-02 16:20:01,556 - INFO - Product: The Demon Prince of Momochi House, Vol. 4 (The Demon Prince of Momochi House #4) | Price: 27.88 | Availability: In stock | Status: NO CHANGE
2026-09-02 16:20:01,651 - INFO - Product: The Bone Hunters (Lexy Vaughan & Steven Macaulay #2) | Price: 59.71 | Availability: In stock | Status: NO CHANGE
2026-09-02 16:20:01,768 - INFO - Product: The Beast (Black Dagger Brotherhood #14) | Price: 46.08 | Availability: In stock | Status: NO CHANGE
2026-09-02 16:20:01,885 - INFO - Product: Some Women | Price: 13.73 | Availability: In stock | Status: NO CHANGE
2026-09-02 16:20:01,894 - INFO - Moving from page 33 to next page.
2026-09-02 16:20:07,086 - INFO - Scraping page 34
2026-09-02 16:20:07,182 - INFO - Product: Shopaholic Ties the Knot (Shopaholic #3) | Price: 48.39 | Availability: In stock | Status: NO CHANGE
2026-09-02 16:20:07,248 - INFO - Product: Paper and Fire (The Great Library #2) | Price: 49.45 | Availability: In stock | Status: NO CHANGE
2026-09-02 16:20:07,314 - INFO - Product: Outlander (Outlander #1) | Price: 19.67 | Availability: In stock | Status: NO CHANGE
2026-09-02 16:20:07,382 - INFO - Product: Orchestra of Exiles: The Story of Bronislaw Huberman, the Israel Philharmonic, and the One Thousand Jews He Saved from Nazi Horrors | Price: 12.36 | Availability: In stock | Status: NO CHANGE
2026-09-02 16:20:07,447 - INFO - Product: No One Here Gets Out Alive | Price: 20.02 | Availability: In stock | Status: NO CHANGE
2026-09-02 16:20:07,563 - INFO - Product: Night Shift (Night Shift #1-20) | Price: 12.75 | Availability: In stock | Status: NO CHANGE
2026-09-02 16:20:07,646 - INFO - Product: Needful Things | Price: 47.51 | Availability: In stock | Status: NO CHANGE
2026-09-02 16:20:07,756 - INFO - Product: Mockingjay (The Hunger Games #3) | Price: 20.44 | Availability: In stock | Status: NO CHANGE
2026-09-02 16:20:07,826 - INFO - Product: Misery | Price: 34.79 | Availability: In stock | Status: NO CHANGE
2026-09-02 16:20:07,911 - INFO - Product: Little Women (Little Women #1) | Price: 28.07 | Availability: In stock | Status: NO CHANGE
2026-09-02 16:20:08,014 - INFO - Product: It | Price: 25.01 | Availability: In stock | Status: NO CHANGE
2026-09-02 16:20:08,149 - INFO - Product: Harry Potter and the Sorcerer's Stone (Harry Potter #1) | Price: 13.9 | Availability: In stock | Status: NO CHANGE
2026-09-02 16:20:08,243 - INFO - Product: Harry Potter and the Prisoner of Azkaban (Harry Potter #3) | Price: 24.17 | Availability: In stock | Status: NO CHANGE
2026-09-02 16:20:08,334 - INFO - Product: Harry Potter and the Order of the Phoenix (Harry Potter #5) | Price: 31.63 | Availability: In stock | Status: NO CHANGE
2026-09-02 16:20:08,420 - INFO - Product: Harry Potter and the Half-Blood Prince (Harry Potter #6) | Price: 48.75 | Availability: In stock | Status: NO CHANGE
2026-09-02 16:20:08,489 - INFO - Product: Harry Potter and the Chamber of Secrets (Harry Potter #2) | Price: 14.74 | Availability: In stock | Status: NO CHANGE
2026-09-02 16:20:08,599 - INFO - Product: Gone with the Wind | Price: 32.49 | Availability: In stock | Status: NO CHANGE
2026-09-02 16:20:08,722 - INFO - Product: God Is Not Great: How Religion Poisons Everything | Price: 27.8 | Availability: In stock | Status: NO CHANGE
2026-09-02 16:20:08,811 - INFO - Product: Girl With a Pearl Earring | Price: 26.77 | Availability: In stock | Status: NO CHANGE
2026-09-02 16:20:08,888 - INFO - Product: Fruits Basket, Vol. 4 (Fruits Basket #4) | Price: 50.44 | Availability: In stock | Status: NO CHANGE
2026-09-02 16:20:08,894 - INFO - Moving from page 34 to next page.
2026-09-02 16:20:17,952 - INFO - Scraping page 35
2026-09-02 16:20:18,066 - INFO - Product: Far From True (Promise Falls Trilogy #2) | Price: 34.93 | Availability: In stock | Status: NO CHANGE
2026-09-02 16:20:18,148 - INFO - Product: Dark Lover (Black Dagger Brotherhood #1) | Price: 12.87 | Availability: In stock | Status: NO CHANGE
2026-09-02 16:20:18,228 - INFO - Product: Confessions of a Shopaholic (Shopaholic #1) | Price: 48.94 | Availability: In stock | Status: NO CHANGE
2026-09-02 16:20:18,294 - INFO - Product: Changing the Game (Play by Play #2) | Price: 13.38 | Availability: In stock | Status: NO CHANGE
2026-09-02 16:20:18,340 - INFO - Product: Candide | Price: 58.63 | Availability: In stock | Status: NO CHANGE
2026-09-02 16:20:18,426 - INFO - Product: Can You Keep a Secret? | Price: 21.94 | Availability: In stock | Status: NO CHANGE
2026-09-02 16:20:18,495 - INFO - Product: Atlas Shrugged | Price: 26.58 | Availability: In stock | Status: NO CHANGE
2026-09-02 16:20:18,560 - INFO - Product: Animal Farm | Price: 57.22 | Availability: In stock | Status: NO CHANGE
2026-09-02 16:20:18,646 - INFO - Product: A Walk to Remember | Price: 56.43 | Availability: In stock | Status: NO CHANGE
2026-09-02 16:20:18,725 - INFO - Product: A New Earth: Awakening to Your Life's Purpose | Price: 55.65 | Availability: In stock | Status: NO CHANGE
2026-09-02 16:20:18,816 - INFO - Product: A History of God: The 4,000-Year Quest of Judaism, Christianity, and Islam | Price: 27.62 | Availability: In stock | Status: NO CHANGE
2026-09-02 16:20:18,899 - INFO - Product: 'Salem's Lot | Price: 49.56 | Availability: In stock | Status: NO CHANGE
2026-09-02 16:20:18,990 - INFO - Product: Zero History (Blue Ant #3) | Price: 34.77 | Availability: In stock | Status: NO CHANGE
2026-09-02 16:20:19,059 - INFO - Product: Wuthering Heights | Price: 17.73 | Availability: In stock | Status: NO CHANGE
2026-09-02 16:20:19,135 - INFO - Product: World War Z: An Oral History of the Zombie War | Price: 21.8 | Availability: In stock | Status: NO CHANGE
2026-09-02 16:20:19,213 - INFO - Product: Wild: From Lost to Found on the Pacific Crest Trail | Price: 46.02 | Availability: In stock | Status: NO CHANGE
2026-09-02 16:20:19,288 - INFO - Product: Where'd You Go, Bernadette | Price: 18.13 | Availability: In stock | Status: NO CHANGE
2026-09-02 16:20:19,384 - INFO - Product: When You Are Engulfed in Flames | Price: 30.89 | Availability: In stock | Status: NO CHANGE
2026-09-02 16:20:19,496 - INFO - Product: We the People: The Modern-Day Figures Who Have Reshaped and Affirmed the Founding Fathers' Vision of America | Price: 31.95 | Availability: In stock | Status: NO CHANGE
2026-09-02 16:20:19,574 - INFO - Product: We Are All Completely Beside Ourselves | Price: 24.04 | Availability: In stock | Status: NO CHANGE
2026-09-02 16:20:19,581 - INFO - Moving from page 35 to next page.
2026-09-02 16:20:23,235 - INFO - Scraping page 36
2026-09-02 16:20:23,351 - INFO - Product: Walk the Edge (Thunder Road #2) | Price: 32.36 | Availability: In stock | Status: NO CHANGE
2026-09-02 16:20:23,531 - INFO - Product: Voyager (Outlander #3) | Price: 21.07 | Availability: In stock | Status: NO CHANGE
2026-09-02 16:20:23,616 - INFO - Product: Very Good Lives: The Fringe Benefits of Failure and the Importance of Imagination | Price: 50.66 | Availability: In stock | Status: NO CHANGE
2026-09-02 16:20:23,688 - INFO - Product: Vegan Vegetarian Omnivore: Dinner for Everyone at the Table | Price: 13.66 | Availability: In stock | Status: NO CHANGE
2026-09-02 16:20:23,795 - INFO - Product: Unstuffed: Decluttering Your Home, Mind, and Soul | Price: 58.09 | Availability: In stock | Status: NO CHANGE
2026-09-02 16:20:23,868 - INFO - Product: Under the Banner of Heaven: A Story of Violent Faith | Price: 30.0 | Availability: In stock | Status: NO CHANGE
2026-09-02 16:20:23,939 - INFO - Product: Two Boys Kissing | Price: 32.74 | Availability: In stock | Status: NO CHANGE
2026-09-02 16:20:24,016 - INFO - Product: Twilight (Twilight #1) | Price: 41.93 | Availability: In stock | Status: NO CHANGE
2026-09-02 16:20:24,061 - INFO - Product: Twenties Girl | Price: 42.8 | Availability: In stock | Status: NO CHANGE
2026-09-02 16:20:24,158 - INFO - Product: Trespassing Across America: One Man's Epic, Never-Done-Before (and Sort of Illegal) Hike Across the Heartland | Price: 53.51 | Availability: In stock | Status: NO CHANGE
2026-09-02 16:20:24,230 - INFO - Product: Three-Martini Lunch | Price: 23.21 | Availability: In stock | Status: NO CHANGE
2026-09-02 16:20:24,303 - INFO - Product: Thinking, Fast and Slow | Price: 21.14 | Availability: In stock | Status: NO CHANGE
2026-09-02 16:20:24,374 - INFO - Product: The Wild Robot | Price: 56.07 | Availability: In stock | Status: NO CHANGE
2026-09-02 16:20:24,440 - INFO - Product: The Wicked + The Divine, Vol. 3: Commercial Suicide (The Wicked + The Divine) | Price: 14.41 | Availability: In stock | Status: NO CHANGE
2026-09-02 16:20:24,515 - INFO - Product: The Undomestic Goddess | Price: 45.75 | Availability: In stock | Status: NO CHANGE
2026-09-02 16:20:24,583 - INFO - Product: The Travelers | Price: 15.77 | Availability: In stock | Status: NO CHANGE
2026-09-02 16:20:24,648 - INFO - Product: The Tipping Point: How Little Things Can Make a Big Difference | Price: 10.02 | Availability: In stock | Status: NO CHANGE
2026-09-02 16:20:24,717 - INFO - Product: The Thing About Jellyfish | Price: 48.77 | Availability: In stock | Status: NO CHANGE
2026-09-02 16:20:24,786 - INFO - Product: The Stand | Price: 57.86 | Availability: In stock | Status: NO CHANGE
2026-09-02 16:20:24,861 - INFO - Product: The Smitten Kitchen Cookbook | Price: 23.59 | Availability: In stock | Status: NO CHANGE
2026-09-02 16:20:24,865 - INFO - Moving from page 36 to next page.
2026-09-02 16:20:29,237 - INFO - Scraping page 37
2026-09-02 16:20:29,369 - INFO - Product: The Silkworm (Cormoran Strike #2) | Price: 23.05 | Availability: In stock | Status: NO CHANGE
2026-09-02 16:20:29,441 - INFO - Product: The Sandman, Vol. 3: Dream Country (The Sandman (volumes) #3) | Price: 55.55 | Availability: In stock | Status: NO CHANGE
2026-09-02 16:20:29,507 - INFO - Product: The Rose & the Dagger (The Wrath and the Dawn #2) | Price: 58.64 | Availability: In stock | Status: NO CHANGE
2026-09-02 16:20:29,568 - INFO - Product: The Road to Little Dribbling: Adventures of an American in Britain (Notes From a Small Island #2) | Price: 23.21 | Availability: In stock | Status: NO CHANGE
2026-09-02 16:20:29,633 - INFO - Product: The Rise of Theodore Roosevelt (Theodore Roosevelt #1) | Price: 42.57 | Availability: In stock | Status: NO CHANGE
2026-09-02 16:20:29,698 - INFO - Product: The Restaurant at the End of the Universe (Hitchhiker's Guide to the Galaxy #2) | Price: 10.92 | Availability: In stock | Status: NO CHANGE
2026-09-02 16:20:29,775 - INFO - Product: The Rest Is Noise: Listening to the Twentieth Century | Price: 34.77 | Availability: In stock | Status: NO CHANGE
2026-09-02 16:20:29,867 - INFO - Product: The Red Tent | Price: 35.66 | Availability: In stock | Status: NO CHANGE
2026-09-02 16:20:29,942 - INFO - Product: The Purpose Driven Life: What on Earth Am I Here for? | Price: 37.19 | Availability: In stock | Status: NO CHANGE
2026-09-02 16:20:30,008 - INFO - Product: The Purest Hook (Second Circle Tattoos #3) | Price: 12.25 | Availability: In stock | Status: NO CHANGE
2026-09-02 16:20:30,078 - INFO - Product: The Picture of Dorian Gray | Price: 29.7 | Availability: In stock | Status: NO CHANGE
2026-09-02 16:20:30,148 - INFO - Product: The Paris Wife | Price: 36.8 | Availability: In stock | Status: NO CHANGE
2026-09-02 16:20:30,218 - INFO - Product: The Obsession | Price: 45.43 | Availability: In stock | Status: NO CHANGE
2026-09-02 16:20:30,283 - INFO - Product: The Nightingale | Price: 26.26 | Availability: In stock | Status: NO CHANGE
2026-09-02 16:20:30,379 - INFO - Product: The New Guy (and Other Senior Year Distractions) | Price: 44.92 | Availability: In stock | Status: NO CHANGE
2026-09-02 16:20:30,450 - INFO - Product: The Nanny Diaries (Nanny #1) | Price: 52.53 | Availability: In stock | Status: NO CHANGE
2026-09-02 16:20:30,529 - INFO - Product: The Name of God is Mercy | Price: 37.25 | Availability: In stock | Status: NO CHANGE
2026-09-02 16:20:30,597 - INFO - Product: The Maze Runner (The Maze Runner #1) | Price: 20.93 | Availability: In stock | Status: NO CHANGE
2026-09-02 16:20:30,697 - INFO - Product: The Lover's Dictionary | Price: 58.09 | Availability: In stock | Status: NO CHANGE
2026-09-02 16:20:30,771 - INFO - Product: The Lonely Ones | Price: 43.59 | Availability: In stock | Status: NO CHANGE
2026-09-02 16:20:30,775 - INFO - Moving from page 37 to next page.
2026-09-02 16:20:34,181 - INFO - Scraping page 38
2026-09-02 16:20:34,323 - INFO - Product: The Lean Startup: How Today's Entrepreneurs Use Continuous Innovation to Create Radically Successful Businesses | Price: 33.92 | Availability: In stock | Status: NO CHANGE
2026-09-02 16:20:34,410 - INFO - Product: The Last Painting of Sara de Vos | Price: 55.55 | Availability: In stock | Status: NO CHANGE
2026-09-02 16:20:34,489 - INFO - Product: The Land of 10,000 Madonnas | Price: 29.64 | Availability: In stock | Status: NO CHANGE
2026-09-02 16:20:34,560 - INFO - Product: The Infinities | Price: 27.41 | Availability: In stock | Status: NO CHANGE
2026-09-02 16:20:34,625 - INFO - Product: The Husband's Secret | Price: 52.51 | Availability: In stock | Status: NO CHANGE
2026-09-02 16:20:34,692 - INFO - Product: The Hitchhiker's Guide to the Galaxy (Hitchhiker's Guide to the Galaxy #1) | Price: 47.8 | Availability: In stock | Status: NO CHANGE
2026-09-02 16:20:34,760 - INFO - Product: The Guns of August | Price: 14.54 | Availability: In stock | Status: NO CHANGE
2026-09-02 16:20:34,828 - INFO - Product: The Guernsey Literary and Potato Peel Pie Society | Price: 49.53 | Availability: In stock | Status: NO CHANGE
2026-09-02 16:20:34,892 - INFO - Product: The Goldfinch | Price: 43.58 | Availability: In stock | Status: NO CHANGE
2026-09-02 16:20:34,976 - INFO - Product: The Giver (The Giver Quartet #1) | Price: 12.3 | Availability: In stock | Status: NO CHANGE
2026-09-02 16:20:35,041 - INFO - Product: The Girl with All the Gifts | Price: 49.47 | Availability: In stock | Status: NO CHANGE
2026-09-02 16:20:35,085 - INFO - Product: The Girl Who Played with Fire (Millennium Trilogy #2) | Price: 22.14 | Availability: In stock | Status: NO CHANGE
2026-09-02 16:20:35,130 - INFO - Product: The Girl Who Kicked the Hornet's Nest (Millennium Trilogy #3) | Price: 57.48 | Availability: In stock | Status: NO CHANGE
2026-09-02 16:20:35,218 - INFO - Product: The Exiled | Price: 43.45 | Availability: In stock | Status: NO CHANGE
2026-09-02 16:20:35,284 - INFO - Product: The End of Faith: Religion, Terror, and the Future of Reason | Price: 22.13 | Availability: In stock | Status: NO CHANGE
2026-09-02 16:20:35,359 - INFO - Product: The Elegant Universe: Superstrings, Hidden Dimensions, and the Quest for the Ultimate Theory | Price: 13.03 | Availability: In stock | Status: NO CHANGE
2026-09-02 16:20:35,439 - INFO - Product: The Disappearing Spoon: And Other True Tales of Madness, Love, and the History of the World from the Periodic Table of the Elements | Price: 57.35 | Availability: In stock | Status: NO CHANGE
2026-09-02 16:20:35,522 - INFO - Product: The Devil Wears Prada (The Devil Wears Prada #1) | Price: 44.29 | Availability: In stock | Status: NO CHANGE
2026-09-02 16:20:35,602 - INFO - Product: The Demon-Haunted World: Science as a Candle in the Dark | Price: 52.25 | Availability: In stock | Status: NO CHANGE
2026-09-02 16:20:35,674 - INFO - Product: The Day the Crayons Came Home (Crayons) | Price: 26.33 | Availability: In stock | Status: NO CHANGE
2026-09-02 16:20:35,678 - INFO - Moving from page 38 to next page.
2026-09-02 16:20:41,094 - INFO - Scraping page 39
2026-09-02 16:20:41,189 - INFO - Product: The Da Vinci Code (Robert Langdon #2) | Price: 22.96 | Availability: In stock | Status: NO CHANGE
2026-09-02 16:20:41,257 - INFO - Product: The Cuckoo's Calling (Cormoran Strike #1) | Price: 19.21 | Availability: In stock | Status: NO CHANGE
2026-09-02 16:20:41,321 - INFO - Product: The Complete Stories and Poems (The Works of Edgar Allan Poe [Cameo Edition]) | Price: 26.78 | Availability: In stock | Status: NO CHANGE
2026-09-02 16:20:41,441 - INFO - Product: The Complete Poems | Price: 41.32 | Availability: In stock | Status: NO CHANGE
2026-09-02 16:20:41,509 - INFO - Product: The Catcher in the Rye | Price: 24.55 | Availability: In stock | Status: NO CHANGE
2026-09-02 16:20:41,599 - INFO - Product: The Cat in the Hat (Beginner Books B-1) | Price: 16.26 | Availability: In stock | Status: NO CHANGE
2026-09-02 16:20:41,688 - INFO - Product: The Case for Christ (Cases for Christianity) | Price: 47.84 | Availability: In stock | Status: NO CHANGE
2026-09-02 16:20:41,790 - INFO - Product: The Book Thief | Price: 53.49 | Availability: In stock | Status: NO CHANGE
2026-09-02 16:20:41,864 - INFO - Product: The Book of Basketball: The NBA According to The Sports Guy | Price: 44.84 | Availability: In stock | Status: NO CHANGE
2026-09-02 16:20:41,944 - INFO - Product: The Blind Side: Evolution of a Game | Price: 53.71 | Availability: In stock | Status: NO CHANGE
2026-09-02 16:20:42,019 - INFO - Product: The Autobiography of Malcolm X | Price: 23.43 | Availability: In stock | Status: NO CHANGE
2026-09-02 16:20:42,119 - INFO - Product: The Art of Simple Food: Notes, Lessons, and Recipes from a Delicious Revolution | Price: 34.32 | Availability: In stock | Status: NO CHANGE
2026-09-02 16:20:42,214 - INFO - Product: The Art of Fielding | Price: 22.1 | Availability: In stock | Status: NO CHANGE
2026-09-02 16:20:42,295 - INFO - Product: Surely You're Joking, Mr. Feynman!: Adventures of a Curious Character | Price: 25.83 | Availability: In stock | Status: NO CHANGE
2026-09-02 16:20:42,376 - INFO - Product: Stiff: The Curious Lives of Human Cadavers | Price: 36.74 | Availability: In stock | Status: NO CHANGE
2026-09-02 16:20:42,470 - INFO - Product: Spilled Milk: Based on a True Story | Price: 49.51 | Availability: In stock | Status: NO CHANGE
2026-09-02 16:20:42,549 - INFO - Product: Something Borrowed (Darcy & Rachel #1) | Price: 48.96 | Availability: In stock | Status: NO CHANGE
2026-09-02 16:20:42,625 - INFO - Product: Something Blue (Darcy & Rachel #2) | Price: 54.62 | Availability: In stock | Status: NO CHANGE
2026-09-02 16:20:42,700 - INFO - Product: Soldier (Talon #3) | Price: 24.72 | Availability: In stock | Status: NO CHANGE
2026-09-02 16:20:42,770 - INFO - Product: Shopaholic & Baby (Shopaholic #5) | Price: 46.45 | Availability: In stock | Status: NO CHANGE
2026-09-02 16:20:42,776 - INFO - Moving from page 39 to next page.
2026-09-02 16:20:48,165 - INFO - Scraping page 40
2026-09-02 16:20:48,286 - INFO - Product: Seven Days in the Art World | Price: 52.33 | Availability: In stock | Status: NO CHANGE
2026-09-02 16:20:48,379 - INFO - Product: Seven Brief Lessons on Physics | Price: 30.6 | Availability: In stock | Status: NO CHANGE
2026-09-02 16:20:48,450 - INFO - Product: Scarlet (The Lunar Chronicles #2) | Price: 14.57 | Availability: In stock | Status: NO CHANGE
2026-09-02 16:20:48,546 - INFO - Product: Sarah's Key | Price: 46.29 | Availability: In stock | Status: NO CHANGE
2026-09-02 16:20:48,619 - INFO - Product: Saga, Volume 3 (Saga (Collected Editions) #3) | Price: 21.57 | Availability: In stock | Status: NO CHANGE
2026-09-02 16:20:48,722 - INFO - Product: Running with Scissors | Price: 12.91 | Availability: In stock | Status: NO CHANGE
2026-09-02 16:20:48,855 - INFO - Product: Rogue Lawyer (Rogue Lawyer #1) | Price: 50.11 | Availability: In stock | Status: NO CHANGE
2026-09-02 16:20:48,954 - INFO - Product: Rise of the Rocket Girls: The Women Who Propelled Us, from Missiles to the Moon to Mars | Price: 41.67 | Availability: In stock | Status: NO CHANGE
2026-09-02 16:20:49,047 - INFO - Product: Rework | Price: 44.88 | Availability: In stock | Status: NO CHANGE
2026-09-02 16:20:49,140 - INFO - Product: Reservations for Two | Price: 11.1 | Availability: In stock | Status: NO CHANGE
2026-09-02 16:20:49,209 - INFO - Product: Red: The True Story of Red Riding Hood | Price: 28.54 | Availability: In stock | Status: NO CHANGE
2026-09-02 16:20:49,275 - INFO - Product: Ready Player One | Price: 19.07 | Availability: In stock | Status: NO CHANGE
2026-09-02 16:20:49,363 - INFO - Product: Quiet: The Power of Introverts in a World That Can't Stop Talking | Price: 43.55 | Availability: In stock | Status: NO CHANGE
2026-09-02 16:20:49,487 - INFO - Product: Prodigy: The Graphic Novel (Legend: The Graphic Novel #2) | Price: 43.63 | Availability: In stock | Status: NO CHANGE
2026-09-02 16:20:49,581 - INFO - Product: Persepolis: The Story of a Childhood (Persepolis #1-2) | Price: 39.13 | Availability: In stock | Status: NO CHANGE
2026-09-02 16:20:49,653 - INFO - Product: Packing for Mars: The Curious Science of Life in the Void | Price: 56.68 | Availability: In stock | Status: NO CHANGE
2026-09-02 16:20:49,736 - INFO - Product: Outliers: The Story of Success | Price: 14.16 | Availability: In stock | Status: NO CHANGE
2026-09-02 16:20:49,785 - INFO - Product: Original Fake | Price: 31.45 | Availability: In stock | Status: NO CHANGE
2026-09-02 16:20:49,869 - INFO - Product: Orange Is the New Black | Price: 24.61 | Availability: In stock | Status: NO CHANGE
2026-09-02 16:20:49,943 - INFO - Product: One for the Money (Stephanie Plum #1) | Price: 32.87 | Availability: In stock | Status: NO CHANGE
2026-09-02 16:20:49,949 - INFO - Moving from page 40 to next page.
2026-09-02 16:20:55,475 - INFO - Scraping page 41
2026-09-02 16:20:55,580 - INFO - Product: Notes from a Small Island (Notes From a Small Island #1) | Price: 40.17 | Availability: In stock | Status: NO CHANGE
2026-09-02 16:20:55,654 - INFO - Product: Night (The Night Trilogy #1) | Price: 13.51 | Availability: In stock | Status: NO CHANGE
2026-09-02 16:20:55,729 - INFO - Product: Neither Here nor There: Travels in Europe | Price: 38.95 | Availability: In stock | Status: NO CHANGE
2026-09-02 16:20:55,813 - INFO - Product: Naked | Price: 31.69 | Availability: In stock | Status: NO CHANGE
2026-09-02 16:20:55,876 - INFO - Product: Morning Star (Red Rising #3) | Price: 29.4 | Availability: In stock | Status: NO CHANGE
2026-09-02 16:20:55,943 - INFO - Product: Miracles from Heaven: A Little Girl, Her Journey to Heaven, and Her Amazing Story of Healing | Price: 57.83 | Availability: In stock | Status: NO CHANGE
2026-09-02 16:20:56,013 - INFO - Product: Midnight Riot (Peter Grant/ Rivers of London - books #1) | Price: 55.46 | Availability: In stock | Status: NO CHANGE
2026-09-02 16:20:56,086 - INFO - Product: Me Talk Pretty One Day | Price: 57.6 | Availability: In stock | Status: NO CHANGE
2026-09-02 16:20:56,229 - INFO - Product: Manuscript Found in Accra | Price: 34.98 | Availability: In stock | Status: NO CHANGE
2026-09-02 16:20:56,344 - INFO - Product: Lust & Wonder | Price: 11.87 | Availability: In stock | Status: NO CHANGE
2026-09-02 16:20:56,449 - INFO - Product: Lila (Gilead #3) | Price: 12.47 | Availability: In stock | Status: NO CHANGE
2026-09-02 16:20:56,525 - INFO - Product: Life, the Universe and Everything (Hitchhiker's Guide to the Galaxy #3) | Price: 33.26 | Availability: In stock | Status: NO CHANGE
2026-09-02 16:20:56,636 - INFO - Product: Life Without a Recipe | Price: 59.04 | Availability: In stock | Status: NO CHANGE
2026-09-02 16:20:56,704 - INFO - Product: Life After Life | Price: 26.13 | Availability: In stock | Status: NO CHANGE
2026-09-02 16:20:56,771 - INFO - Product: Letter to a Christian Nation | Price: 22.2 | Availability: In stock | Status: NO CHANGE
2026-09-02 16:20:56,838 - INFO - Product: Let's Pretend This Never Happened: A Mostly True Memoir | Price: 45.11 | Availability: In stock | Status: NO CHANGE
2026-09-02 16:20:56,946 - INFO - Product: Legend (Legend #1) | Price: 43.69 | Availability: In stock | Status: NO CHANGE
2026-09-02 16:20:57,023 - INFO - Product: Lean In: Women, Work, and the Will to Lead | Price: 25.02 | Availability: In stock | Status: NO CHANGE
2026-09-02 16:20:57,082 - INFO - Product: Lamb: The Gospel According to Biff, Christ's Childhood Pal | Price: 55.5 | Availability: In stock | Status: NO CHANGE
2026-09-02 16:20:57,150 - INFO - Product: Lady Renegades (Rebel Belle #3) | Price: 53.04 | Availability: In stock | Status: NO CHANGE
2026-09-02 16:20:57,176 - INFO - Moving from page 41 to next page.
2026-09-02 16:21:04,967 - INFO - Scraping page 42
2026-09-02 16:21:05,072 - INFO - Product: Jurassic Park (Jurassic Park #1) | Price: 44.97 | Availability: In stock | Status: NO CHANGE
2026-09-02 16:21:05,189 - INFO - Product: It's Never Too Late to Begin Again: Discovering Creativity and Meaning at Midlife and Beyond | Price: 42.38 | Availability: In stock | Status: NO CHANGE
2026-09-02 16:21:05,275 - INFO - Product: Is Everyone Hanging Out Without Me? (And Other Concerns) | Price: 20.11 | Availability: In stock | Status: NO CHANGE
2026-09-02 16:21:05,394 - INFO - Product: Into the Wild | Price: 56.7 | Availability: In stock | Status: NO CHANGE
2026-09-02 16:21:05,506 - INFO - Product: Inferno (Robert Langdon #4) | Price: 41.0 | Availability: In stock | Status: NO CHANGE
2026-09-02 16:21:05,606 - INFO - Product: In the Garden of Beasts: Love, Terror, and an American Family in Hitler's Berlin | Price: 28.85 | Availability: In stock | Status: NO CHANGE
2026-09-02 16:21:05,805 - INFO - Product: If I Run (If I Run #1) | Price: 49.97 | Availability: In stock | Status: NO CHANGE
2026-09-02 16:21:05,927 - INFO - Product: I've Got Your Number | Price: 19.69 | Availability: In stock | Status: NO CHANGE
2026-09-02 16:21:06,012 - INFO - Product: I Am Malala: The Girl Who Stood Up for Education and Was Shot by the Taliban | Price: 28.88 | Availability: In stock | Status: NO CHANGE
2026-09-02 16:21:06,125 - INFO - Product: Hungry Girl Clean & Hungry: Easy All-Natural Recipes for Healthy Eating in the Real World | Price: 33.14 | Availability: In stock | Status: NO CHANGE
2026-09-02 16:21:06,202 - INFO - Product: House of Lost Worlds: Dinosaurs, Dynasties, and the Story of Life on Earth | Price: 43.7 | Availability: In stock | Status: NO CHANGE
2026-09-02 16:21:06,305 - INFO - Product: House of Leaves | Price: 54.89 | Availability: In stock | Status: NO CHANGE
2026-09-02 16:21:06,421 - INFO - Product: Horrible Bear! | Price: 37.52 | Availability: In stock | Status: NO CHANGE
2026-09-02 16:21:06,535 - INFO - Product: Holidays on Ice | Price: 51.07 | Availability: In stock | Status: NO CHANGE
2026-09-02 16:21:06,641 - INFO - Product: Heir to the Sky | Price: 44.07 | Availability: In stock | Status: NO CHANGE
2026-09-02 16:21:06,795 - INFO - Product: Green Eggs and Ham (Beginner Books B-16) | Price: 10.79 | Availability: In stock | Status: NO CHANGE
2026-09-02 16:21:06,926 - INFO - Product: Grayson, Vol 3: Nemesis (Grayson #3) | Price: 42.72 | Availability: In stock | Status: NO CHANGE
2026-09-02 16:21:07,057 - INFO - Product: Gratitude | Price: 26.66 | Availability: In stock | Status: NO CHANGE
2026-09-02 16:21:07,141 - INFO - Product: Gone Girl | Price: 37.6 | Availability: In stock | Status: NO CHANGE
2026-09-02 16:21:07,218 - INFO - Product: Golden (Heart of Dread #3) | Price: 42.21 | Availability: In stock | Status: NO CHANGE
2026-09-02 16:21:07,227 - INFO - Moving from page 42 to next page.
2026-09-02 16:21:17,412 - INFO - Scraping page 43
2026-09-02 16:21:17,573 - INFO - Product: Girl in the Blue Coat | Price: 46.83 | Availability: In stock | Status: NO CHANGE
2026-09-02 16:21:17,735 - INFO - Product: Fruits Basket, Vol. 3 (Fruits Basket #3) | Price: 45.17 | Availability: In stock | Status: NO CHANGE
2026-09-02 16:21:17,865 - INFO - Product: Friday Night Lights: A Town, a Team, and a Dream | Price: 51.22 | Availability: In stock | Status: NO CHANGE
2026-09-02 16:21:17,971 - INFO - Product: Fire Bound (Sea Haven/Sisters of the Heart #5) | Price: 21.28 | Availability: In stock | Status: NO CHANGE
2026-09-02 16:21:18,155 - INFO - Product: Fifty Shades Freed (Fifty Shades #3) | Price: 15.36 | Availability: In stock | Status: NO CHANGE
2026-09-02 16:21:18,316 - INFO - Product: Fellside | Price: 38.62 | Availability: In stock | Status: NO CHANGE
2026-09-02 16:21:18,506 - INFO - Product: Extreme Prey (Lucas Davenport #26) | Price: 25.4 | Availability: In stock | Status: NO CHANGE
2026-09-02 16:21:18,614 - INFO - Product: Eragon (The Inheritance Cycle #1) | Price: 43.87 | Availability: In stock | Status: NO CHANGE
2026-09-02 16:21:18,720 - INFO - Product: Eclipse (Twilight #3) | Price: 18.74 | Availability: In stock | Status: NO CHANGE
2026-09-02 16:21:18,840 - INFO - Product: Dune (Dune #1) | Price: 54.86 | Availability: In stock | Status: NO CHANGE
2026-09-02 16:21:18,986 - INFO - Product: Dracula | Price: 52.62 | Availability: In stock | Status: NO CHANGE
2026-09-02 16:21:19,118 - INFO - Product: Do Androids Dream of Electric Sheep? (Blade Runner #1) | Price: 51.48 | Availability: In stock | Status: NO CHANGE
2026-09-02 16:21:19,221 - INFO - Product: Disrupted: My Misadventure in the Start-Up Bubble | Price: 15.28 | Availability: In stock | Status: NO CHANGE
2026-09-02 16:21:19,350 - INFO - Product: Dead Wake: The Last Crossing of the Lusitania | Price: 39.24 | Availability: In stock | Status: NO CHANGE
2026-09-02 16:21:19,471 - INFO - Product: David and Goliath: Underdogs, Misfits, and the Art of Battling Giants | Price: 17.81 | Availability: In stock | Status: NO CHANGE
2026-09-02 16:21:19,551 - INFO - Product: Darkfever (Fever #1) | Price: 56.02 | Availability: In stock | Status: NO CHANGE
2026-09-02 16:21:19,676 - INFO - Product: Dark Places | Price: 23.9 | Availability: In stock | Status: NO CHANGE
2026-09-02 16:21:19,777 - INFO - Product: Crazy Rich Asians (Crazy Rich Asians #1) | Price: 49.13 | Availability: In stock | Status: NO CHANGE
2026-09-02 16:21:19,858 - INFO - Product: Counting Thyme | Price: 10.62 | Availability: In stock | Status: NO CHANGE
2026-09-02 16:21:19,930 - INFO - Product: Cosmos | Price: 36.17 | Availability: In stock | Status: NO CHANGE
2026-09-02 16:21:19,936 - INFO - Moving from page 43 to next page.
2026-09-02 16:21:25,553 - INFO - Scraping page 44
2026-09-02 16:21:25,718 - INFO - Product: Civilization and Its Discontents | Price: 59.95 | Availability: In stock | Status: NO CHANGE
2026-09-02 16:21:25,803 - INFO - Product: Cinder (The Lunar Chronicles #1) | Price: 26.09 | Availability: In stock | Status: NO CHANGE
2026-09-02 16:21:25,913 - INFO - Product: Catastrophic Happiness: Finding Joy in Childhood's Messy Years | Price: 37.35 | Availability: In stock | Status: NO CHANGE
2026-09-02 16:21:26,055 - INFO - Product: Career of Evil (Cormoran Strike #3) | Price: 24.72 | Availability: In stock | Status: NO CHANGE
2026-09-02 16:21:26,141 - INFO - Product: Breaking Dawn (Twilight #4) | Price: 35.28 | Availability: In stock | Status: NO CHANGE
2026-09-02 16:21:26,226 - INFO - Product: Brave Enough | Price: 51.32 | Availability: In stock | Status: NO CHANGE
2026-09-02 16:21:26,316 - INFO - Product: Boy Meets Boy | Price: 21.12 | Availability: In stock | Status: NO CHANGE
2026-09-02 16:21:26,402 - INFO - Product: Born to Run: A Hidden Tribe, Superathletes, and the Greatest Race the World Has Never Seen | Price: 27.35 | Availability: In stock | Status: NO CHANGE
2026-09-02 16:21:26,520 - INFO - Product: Blink: The Power of Thinking Without Thinking | Price: 21.74 | Availability: In stock | Status: NO CHANGE
2026-09-02 16:21:26,677 - INFO - Product: Black Flags: The Rise of ISIS | Price: 40.87 | Availability: In stock | Status: NO CHANGE
2026-09-02 16:21:26,824 - INFO - Product: Black Butler, Vol. 1 (Black Butler #1) | Price: 49.31 | Availability: In stock | Status: NO CHANGE
2026-09-02 16:21:26,977 - INFO - Product: Big Little Lies | Price: 22.11 | Availability: In stock | Status: NO CHANGE
2026-09-02 16:21:27,080 - INFO - Product: Between Shades of Gray | Price: 20.79 | Availability: In stock | Status: NO CHANGE
2026-09-02 16:21:27,238 - INFO - Product: Best of My Love (Fool's Gold #20) | Price: 27.41 | Availability: In stock | Status: NO CHANGE
2026-09-02 16:21:27,401 - INFO - Product: Beowulf | Price: 38.35 | Availability: In stock | Status: NO CHANGE
2026-09-02 16:21:27,619 - INFO - Product: Beautiful Creatures (Caster Chronicles #1) | Price: 21.55 | Availability: In stock | Status: NO CHANGE
2026-09-02 16:21:27,735 - INFO - Product: Awkward | Price: 38.02 | Availability: In stock | Status: NO CHANGE
2026-09-02 16:21:27,817 - INFO - Product: Ash | Price: 22.06 | Availability: In stock | Status: NO CHANGE
2026-09-02 16:21:27,915 - INFO - Product: Are We There Yet? | Price: 10.66 | Availability: In stock | Status: NO CHANGE
2026-09-02 16:21:28,058 - INFO - Product: Are We Smart Enough to Know How Smart Animals Are? | Price: 56.58 | Availability: In stock | Status: NO CHANGE
2026-09-02 16:21:28,076 - INFO - Moving from page 44 to next page.
2026-09-02 16:21:34,343 - INFO - Scraping page 45
2026-09-02 16:21:34,464 - INFO - Product: Annie on My Mind | Price: 36.83 | Availability: In stock | Status: NO CHANGE
2026-09-02 16:21:34,574 - INFO - Product: And Then There Were None | Price: 35.01 | Availability: In stock | Status: NO CHANGE
2026-09-02 16:21:34,714 - INFO - Product: A Walk in the Woods: Rediscovering America on the Appalachian Trail | Price: 30.48 | Availability: In stock | Status: NO CHANGE
2026-09-02 16:21:34,815 - INFO - Product: A Visit from the Goon Squad | Price: 14.08 | Availability: In stock | Status: NO CHANGE
2026-09-02 16:21:34,908 - INFO - Product: A Storm of Swords (A Song of Ice and Fire #3) | Price: 31.22 | Availability: In stock | Status: NO CHANGE
2026-09-02 16:21:34,992 - INFO - Product: A Heartbreaking Work of Staggering Genius | Price: 54.29 | Availability: In stock | Status: NO CHANGE
2026-09-02 16:21:35,095 - INFO - Product: 8 Keys to Mental Health Through Exercise | Price: 31.04 | Availability: In stock | Status: NO CHANGE
2026-09-02 16:21:35,174 - INFO - Product: #GIRLBOSS | Price: 50.96 | Availability: In stock | Status: NO CHANGE
2026-09-02 16:21:35,291 - INFO - Product: The Suffragettes (Little Black Classics, #96) | Price: 11.89 | Availability: In stock | Status: NO CHANGE
2026-09-02 16:21:35,393 - INFO - Product: The Sense of an Ending | Price: 31.38 | Availability: In stock | Status: NO CHANGE
2026-09-02 16:21:35,549 - INFO - Product: The Sandman, Vol. 2: The Doll's House (The Sandman (volumes) #2) | Price: 54.81 | Availability: In stock | Status: NO CHANGE
2026-09-02 16:21:35,712 - INFO - Product: The Course of Love | Price: 16.78 | Availability: In stock | Status: NO CHANGE
2026-09-02 16:21:35,904 - INFO - Product: Sugar Rush (Offensive Line #2) | Price: 24.42 | Availability: In stock | Status: NO CHANGE
2026-09-02 16:21:36,053 - INFO - Product: Saga, Volume 2 (Saga (Collected Editions) #2) | Price: 11.75 | Availability: In stock | Status: NO CHANGE
2026-09-02 16:21:36,167 - INFO - Product: Run, Spot, Run: The Ethics of Keeping Pets | Price: 20.02 | Availability: In stock | Status: NO CHANGE
2026-09-02 16:21:36,283 - INFO - Product: New Moon (Twilight #2) | Price: 12.86 | Availability: In stock | Status: NO CHANGE
2026-09-02 16:21:36,389 - INFO - Product: Life | Price: 31.58 | Availability: In stock | Status: NO CHANGE
2026-09-02 16:21:36,520 - INFO - Product: Kindle Paperwhite User's Guide | Price: 34.0 | Availability: In stock | Status: NO CHANGE
2026-09-02 16:21:36,615 - INFO - Product: H is for Hawk | Price: 57.42 | Availability: In stock | Status: NO CHANGE
2026-09-02 16:21:36,752 - INFO - Product: Girl Online On Tour (Girl Online #2) | Price: 53.47 | Availability: In stock | Status: NO CHANGE
2026-09-02 16:21:36,765 - INFO - Moving from page 45 to next page.
2026-09-02 16:21:40,518 - INFO - Scraping page 46
2026-09-02 16:21:40,730 - INFO - Product: Fruits Basket, Vol. 2 (Fruits Basket #2) | Price: 11.64 | Availability: In stock | Status: NO CHANGE
2026-09-02 16:21:40,893 - INFO - Product: Diary of a Minecraft Zombie Book 1: A Scare of a Dare (An Unofficial Minecraft Book) | Price: 52.88 | Availability: In stock | Status: NO CHANGE
2026-09-02 16:21:41,029 - INFO - Product: Y: The Last Man, Vol. 1: Unmanned (Y: The Last Man #1) | Price: 18.51 | Availability: In stock | Status: NO CHANGE
2026-09-02 16:21:41,219 - INFO - Product: While You Were Mine | Price: 41.32 | Availability: In stock | Status: NO CHANGE
2026-09-02 16:21:41,323 - INFO - Product: Where Lightning Strikes (Bleeding Stars #3) | Price: 39.77 | Availability: In stock | Status: NO CHANGE
2026-09-02 16:21:41,463 - INFO - Product: When I'm Gone | Price: 51.96 | Availability: In stock | Status: NO CHANGE
2026-09-02 16:21:41,581 - INFO - Product: Ways of Seeing | Price: 39.51 | Availability: In stock | Status: NO CHANGE
2026-09-02 16:21:41,724 - INFO - Product: Vampire Knight, Vol. 1 (Vampire Knight #1) | Price: 15.4 | Availability: In stock | Status: NO CHANGE
2026-09-02 16:21:41,886 - INFO - Product: Vampire Girl (Vampire Girl #1) | Price: 53.82 | Availability: In stock | Status: NO CHANGE
2026-09-02 16:21:42,000 - INFO - Product: Twenty Love Poems and a Song of Despair | Price: 30.95 | Availability: In stock | Status: NO CHANGE
2026-09-02 16:21:42,088 - INFO - Product: Travels with Charley: In Search of America | Price: 57.82 | Availability: In stock | Status: NO CHANGE
2026-09-02 16:21:42,174 - INFO - Product: Three Wishes (River of Time: California #1) | Price: 44.18 | Availability: In stock | Status: NO CHANGE
2026-09-02 16:21:42,246 - INFO - Product: This One Moment (Pushing Limits #1) | Price: 48.71 | Availability: In stock | Status: NO CHANGE
2026-09-02 16:21:42,324 - INFO - Product: The Zombie Room | Price: 19.69 | Availability: In stock | Status: NO CHANGE
2026-09-02 16:21:42,411 - INFO - Product: The Wicked + The Divine, Vol. 1: The Faust Act (The Wicked + The Divine) | Price: 36.52 | Availability: In stock | Status: NO CHANGE
2026-09-02 16:21:42,500 - INFO - Product: The Tumor | Price: 41.56 | Availability: In stock | Status: NO CHANGE
2026-09-02 16:21:42,576 - INFO - Product: The Story of Hong Gildong | Price: 43.19 | Availability: In stock | Status: NO CHANGE
2026-09-02 16:21:42,656 - INFO - Product: The Silent Wife | Price: 12.34 | Availability: In stock | Status: NO CHANGE
2026-09-02 16:21:42,734 - INFO - Product: The Silent Twin (Detective Jennifer Knight #3) | Price: 36.25 | Availability: In stock | Status: NO CHANGE
2026-09-02 16:21:42,811 - INFO - Product: The Selfish Gene | Price: 29.45 | Availability: In stock | Status: NO CHANGE
2026-09-02 16:21:42,818 - INFO - Moving from page 46 to next page.
2026-09-02 16:21:49,347 - INFO - Scraping page 47
2026-09-02 16:21:49,471 - INFO - Product: The Secret Healer | Price: 34.56 | Availability: In stock | Status: NO CHANGE
2026-09-02 16:21:49,573 - INFO - Product: The Sandman, Vol. 1: Preludes and Nocturnes (The Sandman (volumes) #1) | Price: 54.12 | Availability: In stock | Status: NO CHANGE
2026-09-02 16:21:49,703 - INFO - Product: The Republic | Price: 33.78 | Availability: In stock | Status: NO CHANGE
2026-09-02 16:21:49,822 - INFO - Product: The Odyssey | Price: 29.64 | Availability: In stock | Status: NO CHANGE
2026-09-02 16:21:49,935 - INFO - Product: The No. 1 Ladies' Detective Agency (No. 1 Ladies' Detective Agency #1) | Price: 57.7 | Availability: In stock | Status: NO CHANGE
2026-09-02 16:21:50,092 - INFO - Product: The Nicomachean Ethics | Price: 36.34 | Availability: In stock | Status: NO CHANGE
2026-09-02 16:21:50,226 - INFO - Product: The Name of the Wind (The Kingkiller Chronicle #1) | Price: 50.59 | Availability: In stock | Status: NO CHANGE
2026-09-02 16:21:50,340 - INFO - Product: The Mirror & the Maze (The Wrath and the Dawn #1.5) | Price: 29.38 | Availability: In stock | Status: NO CHANGE
2026-09-02 16:21:50,433 - INFO - Product: The Little Prince | Price: 45.42 | Availability: In stock | Status: NO CHANGE
2026-09-02 16:21:50,533 - INFO - Product: The Light of the Fireflies | Price: 54.43 | Availability: In stock | Status: NO CHANGE
2026-09-02 16:21:50,610 - INFO - Product: The Last Girl (The Dominion Trilogy #1) | Price: 36.26 | Availability: In stock | Status: NO CHANGE
2026-09-02 16:21:50,769 - INFO - Product: The Iliad | Price: 16.16 | Availability: In stock | Status: NO CHANGE
2026-09-02 16:21:50,918 - INFO - Product: The Hook Up (Game On #1) | Price: 36.29 | Availability: In stock | Status: NO CHANGE
2026-09-02 16:21:51,024 - INFO - Product: The Haters | Price: 27.89 | Availability: In stock | Status: NO CHANGE
2026-09-02 16:21:51,101 - INFO - Product: The Girl You Lost | Price: 12.29 | Availability: In stock | Status: NO CHANGE
2026-09-02 16:21:51,177 - INFO - Product: The Girl In The Ice (DCI Erika Foster #1) | Price: 15.85 | Availability: In stock | Status: NO CHANGE
2026-09-02 16:21:51,256 - INFO - Product: The End of the Jesus Era (An Investigation #1) | Price: 14.4 | Availability: In stock | Status: NO CHANGE
2026-09-02 16:21:51,374 - INFO - Product: The Edge of Reason (Bridget Jones #2) | Price: 19.18 | Availability: In stock | Status: NO CHANGE
2026-09-02 16:21:51,457 - INFO - Product: The Complete Maus (Maus #1-2) | Price: 10.64 | Availability: In stock | Status: NO CHANGE
2026-09-02 16:21:51,543 - INFO - Product: The Communist Manifesto | Price: 14.76 | Availability: In stock | Status: NO CHANGE
2026-09-02 16:21:51,551 - INFO - Moving from page 47 to next page.
2026-09-02 16:21:55,699 - INFO - Scraping page 48
2026-09-02 16:21:55,882 - INFO - Product: The Bhagavad Gita | Price: 57.49 | Availability: In stock | Status: NO CHANGE
2026-09-02 16:21:55,991 - INFO - Product: The Bette Davis Club | Price: 30.66 | Availability: In stock | Status: NO CHANGE
2026-09-02 16:21:56,150 - INFO - Product: The Art of Not Breathing | Price: 40.83 | Availability: In stock | Status: NO CHANGE
2026-09-02 16:21:56,254 - INFO - Product: Taking Shots (Assassins #1) | Price: 18.88 | Availability: In stock | Status: NO CHANGE
2026-09-02 16:21:56,343 - INFO - Product: Starlark | Price: 25.83 | Availability: In stock | Status: NO CHANGE
2026-09-02 16:21:56,436 - INFO - Product: Skip Beat!, Vol. 01 (Skip Beat! #1) | Price: 42.12 | Availability: In stock | Status: NO CHANGE
2026-09-02 16:21:56,521 - INFO - Product: Sister Sable (The Mad Queen #1) | Price: 13.33 | Availability: In stock | Status: NO CHANGE
2026-09-02 16:21:56,603 - INFO - Product: Shatter Me (Shatter Me #1) | Price: 42.4 | Availability: In stock | Status: NO CHANGE
2026-09-02 16:21:56,681 - INFO - Product: Shameless | Price: 58.35 | Availability: In stock | Status: NO CHANGE
2026-09-02 16:21:56,782 - INFO - Product: Shadow Rites (Jane Yellowrock #10) | Price: 21.72 | Availability: In stock | Status: NO CHANGE
2026-09-02 16:21:56,908 - INFO - Product: Settling the Score (The Summer Games #1) | Price: 44.91 | Availability: In stock | Status: NO CHANGE
2026-09-02 16:21:56,997 - INFO - Product: Sense and Sensibility | Price: 37.46 | Availability: In stock | Status: NO CHANGE
2026-09-02 16:21:57,113 - INFO - Product: Saga, Volume 1 (Saga (Collected Editions) #1) | Price: 28.48 | Availability: In stock | Status: NO CHANGE
2026-09-02 16:21:57,264 - INFO - Product: Rhythm, Chord & Malykhin | Price: 28.34 | Availability: In stock | Status: NO CHANGE
2026-09-02 16:21:57,407 - INFO - Product: Rat Queens, Vol. 1: Sass & Sorcery (Rat Queens (Collected Editions) #1-5) | Price: 46.96 | Availability: In stock | Status: NO CHANGE
2026-09-02 16:21:57,534 - INFO - Product: Paradise Lost (Paradise #1) | Price: 24.96 | Availability: In stock | Status: NO CHANGE
2026-09-02 16:21:57,686 - INFO - Product: Paper Girls, Vol. 1 (Paper Girls #1-5) | Price: 21.71 | Availability: In stock | Status: NO CHANGE
2026-09-02 16:21:57,773 - INFO - Product: Ouran High School Host Club, Vol. 1 (Ouran High School Host Club #1) | Price: 29.87 | Availability: In stock | Status: NO CHANGE
2026-09-02 16:21:57,896 - INFO - Product: Origins (Alphas 0.5) | Price: 28.99 | Availability: In stock | Status: NO CHANGE
2026-09-02 16:21:58,029 - INFO - Product: One Second (Seven #7) | Price: 52.94 | Availability: In stock | Status: NO CHANGE
2026-09-02 16:21:58,037 - INFO - Moving from page 48 to next page.
2026-09-02 16:22:01,857 - INFO - Scraping page 49
2026-09-02 16:22:02,097 - INFO - Product: On the Road (Duluoz Legend) | Price: 32.36 | Availability: In stock | Status: NO CHANGE
2026-09-02 16:22:02,280 - INFO - Product: Old Records Never Die: One Man's Quest for His Vinyl and His Past | Price: 55.66 | Availability: In stock | Status: NO CHANGE
2026-09-02 16:22:02,406 - INFO - Product: Off Sides (Off #1) | Price: 39.45 | Availability: In stock | Status: NO CHANGE
2026-09-02 16:22:02,485 - INFO - Product: Of Mice and Men | Price: 47.11 | Availability: In stock | Status: NO CHANGE
2026-09-02 16:22:02,566 - INFO - Product: Myriad (Prentor #1) | Price: 58.75 | Availability: In stock | Status: NO CHANGE
2026-09-02 16:22:02,664 - INFO - Product: My Perfect Mistake (Over the Top #1) | Price: 38.92 | Availability: In stock | Status: NO CHANGE
2026-09-02 16:22:02,811 - INFO - Product: Ms. Marvel, Vol. 1: No Normal (Ms. Marvel (2014-2015) #1) | Price: 39.39 | Availability: In stock | Status: NO CHANGE
2026-09-02 16:22:02,911 - INFO - Product: Meditations | Price: 25.89 | Availability: In stock | Status: NO CHANGE
2026-09-02 16:22:03,015 - INFO - Product: Matilda | Price: 28.34 | Availability: In stock | Status: NO CHANGE
2026-09-02 16:22:03,096 - INFO - Product: Lost Among the Living | Price: 27.7 | Availability: In stock | Status: NO CHANGE
2026-09-02 16:22:03,191 - INFO - Product: Lord of the Flies | Price: 24.89 | Availability: In stock | Status: NO CHANGE
2026-09-02 16:22:03,335 - INFO - Product: Listen to Me (Fusion #1) | Price: 58.99 | Availability: In stock | Status: NO CHANGE
2026-09-02 16:22:03,440 - INFO - Product: Kitchens of the Great Midwest | Price: 57.2 | Availability: In stock | Status: NO CHANGE
2026-09-02 16:22:03,560 - INFO - Product: Jane Eyre | Price: 38.43 | Availability: In stock | Status: NO CHANGE
2026-09-02 16:22:03,652 - INFO - Product: Imperfect Harmony | Price: 34.74 | Availability: In stock | Status: NO CHANGE
2026-09-02 16:22:03,758 - INFO - Product: Icing (Aces Hockey #2) | Price: 40.44 | Availability: In stock | Status: NO CHANGE
2026-09-02 16:22:03,899 - INFO - Product: Hawkeye, Vol. 1: My Life as a Weapon (Hawkeye #1) | Price: 45.24 | Availability: In stock | Status: NO CHANGE
2026-09-02 16:22:03,988 - INFO - Product: Having the Barbarian's Baby (Ice Planet Barbarians #7.5) | Price: 34.96 | Availability: In stock | Status: NO CHANGE
2026-09-02 16:22:04,072 - INFO - Product: Giant Days, Vol. 1 (Giant Days #1-4) | Price: 56.76 | Availability: In stock | Status: NO CHANGE
2026-09-02 16:22:04,157 - INFO - Product: Fruits Basket, Vol. 1 (Fruits Basket #1) | Price: 40.28 | Availability: In stock | Status: NO CHANGE
2026-09-02 16:22:04,166 - INFO - Moving from page 49 to next page.
2026-09-02 16:22:09,645 - INFO - Scraping page 50
2026-09-02 16:22:09,748 - INFO - Product: Frankenstein | Price: 38.0 | Availability: In stock | Status: NO CHANGE
2026-09-02 16:22:09,827 - INFO - Product: Forever Rockers (The Rocker #12) | Price: 28.8 | Availability: In stock | Status: NO CHANGE
2026-09-02 16:22:09,894 - INFO - Product: Fighting Fate (Fighting #6) | Price: 39.24 | Availability: In stock | Status: NO CHANGE
2026-09-02 16:22:09,959 - INFO - Product: Emma | Price: 32.93 | Availability: In stock | Status: NO CHANGE
2026-09-02 16:22:10,066 - INFO - Product: Eat, Pray, Love | Price: 51.32 | Availability: In stock | Status: NO CHANGE
2026-09-02 16:22:10,171 - INFO - Product: Deep Under (Walker Security #1) | Price: 47.09 | Availability: In stock | Status: NO CHANGE
2026-09-02 16:22:10,250 - INFO - Product: Choosing Our Religion: The Spiritual Lives of America's Nones | Price: 28.42 | Availability: In stock | Status: NO CHANGE
2026-09-02 16:22:10,318 - INFO - Product: Charlie and the Chocolate Factory (Charlie Bucket #1) | Price: 22.85 | Availability: In stock | Status: NO CHANGE
2026-09-02 16:22:10,385 - INFO - Product: Charity's Cross (Charles Towne Belles #4) | Price: 41.24 | Availability: In stock | Status: NO CHANGE
2026-09-02 16:22:10,455 - INFO - Product: Bright Lines | Price: 39.07 | Availability: In stock | Status: NO CHANGE
2026-09-02 16:22:10,529 - INFO - Product: Bridget Jones's Diary (Bridget Jones #1) | Price: 29.82 | Availability: In stock | Status: NO CHANGE
2026-09-02 16:22:10,612 - INFO - Product: Bounty (Colorado Mountain #7) | Price: 37.26 | Availability: In stock | Status: NO CHANGE
2026-09-02 16:22:10,695 - INFO - Product: Blood Defense (Samantha Brinkman #1) | Price: 20.3 | Availability: In stock | Status: NO CHANGE
2026-09-02 16:22:10,772 - INFO - Product: Bleach, Vol. 1: Strawberry and the Soul Reapers (Bleach #1) | Price: 34.65 | Availability: In stock | Status: NO CHANGE
2026-09-02 16:22:10,868 - INFO - Product: Beyond Good and Evil | Price: 43.38 | Availability: In stock | Status: NO CHANGE
2026-09-02 16:22:10,954 - INFO - Product: Alice in Wonderland (Alice's Adventures in Wonderland #1) | Price: 55.53 | Availability: In stock | Status: NO CHANGE
2026-09-02 16:22:11,063 - INFO - Product: Ajin: Demi-Human, Volume 1 (Ajin: Demi-Human #1) | Price: 57.06 | Availability: In stock | Status: NO CHANGE
2026-09-02 16:22:11,158 - INFO - Product: A Spy's Devotion (The Regency Spies of London #1) | Price: 16.97 | Availability: In stock | Status: NO CHANGE
2026-09-02 16:22:11,276 - INFO - Product: 1st to Die (Women's Murder Club #1) | Price: 53.98 | Availability: In stock | Status: NO CHANGE
2026-09-02 16:22:11,350 - INFO - Product: 1,000 Places to See Before You Die | Price: 26.08 | Availability: In stock | Status: NO CHANGE
2026-09-02 16:22:11,356 - INFO - No more pages found.
2026-09-02 16:22:11,357 - INFO - Monitoring completed. Total unique products: 1000
2026-09-02 16:25:08,720 - INFO - Browser and database closed.
2026-09-02 16:31:12,224 - INFO - Monitoring system started.
2026-09-02 16:31:15,597 - INFO - Website opened: https://books.toscrape.com/
2026-09-02 16:31:15,597 - INFO - Scraping page 1
2026-09-02 16:31:15,836 - INFO - Product: A Light in the Attic | Price: 51.77 | Availability: In stock | Status: NO CHANGE
2026-09-02 16:31:15,958 - INFO - Product: Tipping the Velvet | Price: 53.74 | Availability: In stock | Status: NO CHANGE
2026-09-02 16:31:16,113 - INFO - Product: Soumission | Price: 50.1 | Availability: In stock | Status: NO CHANGE
2026-09-02 16:31:16,219 - INFO - Product: Sharp Objects | Price: 47.82 | Availability: In stock | Status: NO CHANGE
2026-09-02 16:31:16,338 - INFO - Product: Sapiens: A Brief History of Humankind | Price: 54.23 | Availability: In stock | Status: NO CHANGE
2026-09-02 16:31:16,496 - INFO - Product: The Requiem Red | Price: 22.65 | Availability: In stock | Status: NO CHANGE
2026-09-02 16:31:16,623 - INFO - Product: The Dirty Little Secrets of Getting Your Dream Job | Price: 33.34 | Availability: In stock | Status: NO CHANGE
2026-09-02 16:31:16,738 - INFO - Product: The Coming Woman: A Novel Based on the Life of the Infamous Feminist, Victoria Woodhull | Price: 17.93 | Availability: In stock | Status: NO CHANGE
2026-09-02 16:31:16,841 - INFO - Product: The Boys in the Boat: Nine Americans and Their Epic Quest for Gold at the 1936 Berlin Olympics | Price: 22.6 | Availability: In stock | Status: NO CHANGE
2026-09-02 16:31:16,940 - INFO - Product: The Black Maria | Price: 52.15 | Availability: In stock | Status: NO CHANGE
2026-09-02 16:31:17,068 - INFO - Product: Starving Hearts (Triangular Trade Trilogy, #1) | Price: 13.99 | Availability: In stock | Status: NO CHANGE
2026-09-02 16:31:17,201 - INFO - Product: Shakespeare's Sonnets | Price: 20.66 | Availability: In stock | Status: NO CHANGE
2026-09-02 16:31:17,326 - INFO - Product: Set Me Free | Price: 17.46 | Availability: In stock | Status: NO CHANGE
2026-09-02 16:31:17,448 - INFO - Product: Scott Pilgrim's Precious Little Life (Scott Pilgrim #1) | Price: 52.29 | Availability: In stock | Status: NO CHANGE
2026-09-02 16:31:17,593 - INFO - Product: Rip it Up and Start Again | Price: 35.02 | Availability: In stock | Status: NO CHANGE
2026-09-02 16:31:17,731 - INFO - Product: Our Band Could Be Your Life: Scenes from the American Indie Underground, 1981-1991 | Price: 57.25 | Availability: In stock | Status: NO CHANGE
2026-09-02 16:31:17,884 - INFO - Product: Olio | Price: 23.88 | Availability: In stock | Status: NO CHANGE
2026-09-02 16:31:18,046 - INFO - Product: Mesaerion: The Best Science Fiction Stories 1800-1849 | Price: 37.59 | Availability: In stock | Status: NO CHANGE
2026-09-02 16:31:18,172 - INFO - Product: Libertarianism for Beginners | Price: 51.33 | Availability: In stock | Status: NO CHANGE
2026-09-02 16:31:18,320 - INFO - Product: It's Only the Himalayas | Price: 45.17 | Availability: In stock | Status: NO CHANGE
2026-09-02 16:31:18,339 - INFO - Moving from page 1 to next page.
2026-09-02 16:31:22,370 - INFO - Scraping page 2
2026-09-02 16:31:22,489 - INFO - Product: In Her Wake | Price: 12.84 | Availability: In stock | Status: NO CHANGE
2026-09-02 16:31:22,549 - INFO - Product: How Music Works | Price: 37.32 | Availability: In stock | Status: NO CHANGE
2026-09-02 16:31:22,661 - INFO - Product: Foolproof Preserving: A Guide to Small Batch Jams, Jellies, Pickles, Condiments, and More: A Foolproof Guide to Making Small Batch Jams, Jellies, Pickles, Condiments, and More | Price: 30.52 | Availability: In stock | Status: NO CHANGE
2026-09-02 16:31:22,785 - INFO - Product: Chase Me (Paris Nights #2) | Price: 25.27 | Availability: In stock | Status: NO CHANGE
2026-09-02 16:31:22,894 - INFO - Product: Black Dust | Price: 34.53 | Availability: In stock | Status: NO CHANGE
2026-09-02 16:31:23,022 - INFO - Product: Birdsong: A Story in Pictures | Price: 54.64 | Availability: In stock | Status: NO CHANGE
2026-09-02 16:31:23,149 - INFO - Product: America's Cradle of Quarterbacks: Western Pennsylvania's Football Factory from Johnny Unitas to Joe Montana | Price: 22.5 | Availability: In stock | Status: NO CHANGE
2026-09-02 16:31:23,269 - INFO - Product: Aladdin and His Wonderful Lamp | Price: 53.13 | Availability: In stock | Status: NO CHANGE
2026-09-02 16:31:23,359 - INFO - Product: Worlds Elsewhere: Journeys Around Shakespeare’s Globe | Price: 40.3 | Availability: In stock | Status: NO CHANGE
2026-09-02 16:31:23,471 - INFO - Product: Wall and Piece | Price: 44.18 | Availability: In stock | Status: NO CHANGE
2026-09-02 16:31:23,596 - INFO - Product: The Four Agreements: A Practical Guide to Personal Freedom | Price: 17.66 | Availability: In stock | Status: NO CHANGE
2026-09-02 16:31:23,742 - INFO - Product: The Five Love Languages: How to Express Heartfelt Commitment to Your Mate | Price: 31.05 | Availability: In stock | Status: NO CHANGE
2026-09-02 16:31:23,845 - INFO - Product: The Elephant Tree | Price: 23.82 | Availability: In stock | Status: NO CHANGE
2026-09-02 16:31:23,929 - INFO - Product: The Bear and the Piano | Price: 36.89 | Availability: In stock | Status: NO CHANGE
2026-09-02 16:31:24,024 - INFO - Product: Sophie's World | Price: 15.94 | Availability: In stock | Status: NO CHANGE
2026-09-02 16:31:24,155 - INFO - Product: Penny Maybe | Price: 33.29 | Availability: In stock | Status: NO CHANGE
2026-09-02 16:31:24,288 - INFO - Product: Maude (1883-1993):She Grew Up with the country | Price: 18.02 | Availability: In stock | Status: NO CHANGE
2026-09-02 16:31:24,412 - INFO - Product: In a Dark, Dark Wood | Price: 19.63 | Availability: In stock | Status: NO CHANGE
2026-09-02 16:31:24,511 - INFO - Product: Behind Closed Doors | Price: 52.22 | Availability: In stock | Status: NO CHANGE
2026-09-02 16:31:24,631 - INFO - Product: You can't bury them all: Poems | Price: 33.63 | Availability: In stock | Status: NO CHANGE
2026-09-02 16:31:24,643 - INFO - Moving from page 2 to next page.
2026-09-02 16:31:28,484 - INFO - Scraping page 3
2026-09-02 16:31:28,627 - INFO - Product: Slow States of Collapse: Poems | Price: 57.31 | Availability: In stock | Status: NO CHANGE
2026-09-02 16:31:28,765 - INFO - Product: Reasons to Stay Alive | Price: 26.41 | Availability: In stock | Status: NO CHANGE
2026-09-02 16:31:28,894 - INFO - Product: Private Paris (Private #10) | Price: 47.61 | Availability: In stock | Status: NO CHANGE
2026-09-02 16:31:29,020 - INFO - Product: #HigherSelfie: Wake Up Your Life. Free Your Soul. Find Your Tribe. | Price: 23.11 | Availability: In stock | Status: NO CHANGE
2026-09-02 16:31:29,113 - INFO - Product: Without Borders (Wanderlove #1) | Price: 45.07 | Availability: In stock | Status: NO CHANGE
2026-09-02 16:31:29,201 - INFO - Product: When We Collided | Price: 31.77 | Availability: In stock | Status: NO CHANGE
2026-09-02 16:31:29,312 - INFO - Product: We Love You, Charlie Freeman | Price: 50.27 | Availability: In stock | Status: NO CHANGE
2026-09-02 16:31:29,455 - INFO - Product: Untitled Collection: Sabbath Poems 2014 | Price: 14.27 | Availability: In stock | Status: NO CHANGE
2026-09-02 16:31:29,577 - INFO - Product: Unseen City: The Majesty of Pigeons, the Discreet Charm of Snails & Other Wonders of the Urban Wilderness | Price: 44.18 | Availability: In stock | Status: NO CHANGE
2026-09-02 16:31:29,695 - INFO - Product: Unicorn Tracks | Price: 18.78 | Availability: In stock | Status: NO CHANGE
2026-09-02 16:31:29,780 - INFO - Product: Unbound: How Eight Technologies Made Us Human, Transformed Society, and Brought Our World to the Brink | Price: 25.52 | Availability: In stock | Status: NO CHANGE
2026-09-02 16:31:29,864 - INFO - Product: Tsubasa: WoRLD CHRoNiCLE 2 (Tsubasa WoRLD CHRoNiCLE #2) | Price: 16.28 | Availability: In stock | Status: NO CHANGE
2026-09-02 16:31:29,950 - INFO - Product: Throwing Rocks at the Google Bus: How Growth Became the Enemy of Prosperity | Price: 31.12 | Availability: In stock | Status: NO CHANGE
2026-09-02 16:31:30,056 - INFO - Product: This One Summer | Price: 19.49 | Availability: In stock | Status: NO CHANGE
2026-09-02 16:31:30,157 - INFO - Product: Thirst | Price: 17.27 | Availability: In stock | Status: NO CHANGE
2026-09-02 16:31:30,283 - INFO - Product: The Torch Is Passed: A Harding Family Story | Price: 19.09 | Availability: In stock | Status: NO CHANGE
2026-09-02 16:31:30,403 - INFO - Product: The Secret of Dreadwillow Carse | Price: 56.13 | Availability: In stock | Status: NO CHANGE
2026-09-02 16:31:30,557 - INFO - Product: The Pioneer Woman Cooks: Dinnertime: Comfort Classics, Freezer Food, 16-Minute Meals, and Other Delicious Ways to Solve Supper! | Price: 56.41 | Availability: In stock | Status: NO CHANGE
2026-09-02 16:31:30,716 - INFO - Product: The Past Never Ends | Price: 56.5 | Availability: In stock | Status: NO CHANGE
2026-09-02 16:31:30,847 - INFO - Product: The Natural History of Us (The Fine Art of Pretending #2) | Price: 45.22 | Availability: In stock | Status: NO CHANGE
2026-09-02 16:31:30,858 - INFO - Moving from page 3 to next page.
2026-09-02 16:31:36,761 - INFO - Scraping page 4
2026-09-02 16:31:36,917 - INFO - Product: The Nameless City (The Nameless City #1) | Price: 38.16 | Availability: In stock | Status: NO CHANGE
2026-09-02 16:31:37,047 - INFO - Product: The Murder That Never Was (Forensic Instincts #5) | Price: 54.11 | Availability: In stock | Status: NO CHANGE
2026-09-02 16:31:37,162 - INFO - Product: The Most Perfect Thing: Inside (and Outside) a Bird's Egg | Price: 42.96 | Availability: In stock | Status: NO CHANGE
2026-09-02 16:31:37,277 - INFO - Product: The Mindfulness and Acceptance Workbook for Anxiety: A Guide to Breaking Free from Anxiety, Phobias, and Worry Using Acceptance and Commitment Therapy | Price: 23.89 | Availability: In stock | Status: NO CHANGE
2026-09-02 16:31:37,371 - INFO - Product: The Life-Changing Magic of Tidying Up: The Japanese Art of Decluttering and Organizing | Price: 16.77 | Availability: In stock | Status: NO CHANGE
2026-09-02 16:31:37,487 - INFO - Product: The Inefficiency Assassin: Time Management Tactics for Working Smarter, Not Longer | Price: 20.59 | Availability: In stock | Status: NO CHANGE
2026-09-02 16:31:37,600 - INFO - Product: The Gutsy Girl: Escapades for Your Life of Epic Adventure | Price: 37.13 | Availability: In stock | Status: NO CHANGE
2026-09-02 16:31:37,739 - INFO - Product: The Electric Pencil: Drawings from Inside State Hospital No. 3 | Price: 56.06 | Availability: In stock | Status: NO CHANGE
2026-09-02 16:31:37,849 - INFO - Product: The Death of Humanity: and the Case for Life | Price: 58.11 | Availability: In stock | Status: NO CHANGE
2026-09-02 16:31:37,968 - INFO - Product: The Bulletproof Diet: Lose up to a Pound a Day, Reclaim Energy and Focus, Upgrade Your Life | Price: 49.05 | Availability: In stock | Status: NO CHANGE
2026-09-02 16:31:38,085 - INFO - Product: The Art Forger | Price: 40.76 | Availability: In stock | Status: NO CHANGE
2026-09-02 16:31:38,205 - INFO - Product: The Age of Genius: The Seventeenth Century and the Birth of the Modern Mind | Price: 19.73 | Availability: In stock | Status: NO CHANGE
2026-09-02 16:31:38,308 - INFO - Product: The Activist's Tao Te Ching: Ancient Advice for a Modern Revolution | Price: 32.24 | Availability: In stock | Status: NO CHANGE
2026-09-02 16:31:38,399 - INFO - Product: Spark Joy: An Illustrated Master Class on the Art of Organizing and Tidying Up | Price: 41.83 | Availability: In stock | Status: NO CHANGE
2026-09-02 16:31:38,501 - INFO - Product: Soul Reader | Price: 39.58 | Availability: In stock | Status: NO CHANGE
2026-09-02 16:31:38,602 - INFO - Product: Security | Price: 39.25 | Availability: In stock | Status: NO CHANGE
2026-09-02 16:31:38,700 - INFO - Product: Saga, Volume 6 (Saga (Collected Editions) #6) | Price: 25.02 | Availability: In stock | Status: NO CHANGE
2026-09-02 16:31:38,810 - INFO - Product: Saga, Volume 5 (Saga (Collected Editions) #5) | Price: 51.04 | Availability: In stock | Status: NO CHANGE
2026-09-02 16:31:38,916 - INFO - Product: Reskilling America: Learning to Labor in the Twenty-First Century | Price: 19.83 | Availability: In stock | Status: NO CHANGE
2026-09-02 16:31:39,013 - INFO - Product: Rat Queens, Vol. 3: Demons (Rat Queens (Collected Editions) #11-15) | Price: 50.4 | Availability: In stock | Status: NO CHANGE
2026-09-02 16:31:39,020 - INFO - Moving from page 4 to next page.
2026-09-02 16:31:43,457 - INFO - Scraping page 5
2026-09-02 16:31:43,662 - INFO - Product: Princess Jellyfish 2-in-1 Omnibus, Vol. 01 (Princess Jellyfish 2-in-1 Omnibus #1) | Price: 13.61 | Availability: In stock | Status: NO CHANGE
2026-09-02 16:31:43,861 - INFO - Product: Princess Between Worlds (Wide-Awake Princess #5) | Price: 13.34 | Availability: In stock | Status: NO CHANGE
2026-09-02 16:31:43,974 - INFO - Product: Pop Gun War, Volume 1: Gift | Price: 18.97 | Availability: In stock | Status: NO CHANGE
2026-09-02 16:31:44,068 - INFO - Product: Political Suicide: Missteps, Peccadilloes, Bad Calls, Backroom Hijinx, Sordid Pasts, Rotten Breaks, and Just Plain Dumb Mistakes in the Annals of American Politics | Price: 36.28 | Availability: In stock | Status: NO CHANGE
2026-09-02 16:31:44,187 - INFO - Product: Patience | Price: 10.16 | Availability: In stock | Status: NO CHANGE
2026-09-02 16:31:44,342 - INFO - Product: Outcast, Vol. 1: A Darkness Surrounds Him (Outcast #1) | Price: 15.44 | Availability: In stock | Status: NO CHANGE
2026-09-02 16:31:44,459 - INFO - Product: orange: The Complete Collection 1 (orange: The Complete Collection #1) | Price: 48.41 | Availability: In stock | Status: NO CHANGE
2026-09-02 16:31:44,580 - INFO - Product: Online Marketing for Busy Authors: A Step-By-Step Guide | Price: 46.35 | Availability: In stock | Status: NO CHANGE
2026-09-02 16:31:44,744 - INFO - Product: On a Midnight Clear | Price: 14.07 | Availability: In stock | Status: NO CHANGE
2026-09-02 16:31:44,867 - INFO - Product: Obsidian (Lux #1) | Price: 14.86 | Availability: In stock | Status: NO CHANGE
2026-09-02 16:31:44,989 - INFO - Product: My Paris Kitchen: Recipes and Stories | Price: 33.37 | Availability: In stock | Status: NO CHANGE
2026-09-02 16:31:45,120 - INFO - Product: Masks and Shadows | Price: 56.4 | Availability: In stock | Status: NO CHANGE
2026-09-02 16:31:45,221 - INFO - Product: Mama Tried: Traditional Italian Cooking for the Screwed, Crude, Vegan, and Tattooed | Price: 14.02 | Availability: In stock | Status: NO CHANGE
2026-09-02 16:31:45,317 - INFO - Product: Lumberjanes, Vol. 2: Friendship to the Max (Lumberjanes #5-8) | Price: 46.91 | Availability: In stock | Status: NO CHANGE
2026-09-02 16:31:45,446 - INFO - Product: Lumberjanes, Vol. 1: Beware the Kitten Holy (Lumberjanes #1-4) | Price: 45.61 | Availability: In stock | Status: NO CHANGE
2026-09-02 16:31:45,632 - INFO - Product: Lumberjanes Vol. 3: A Terrible Plan (Lumberjanes #9-12) | Price: 19.92 | Availability: In stock | Status: NO CHANGE
2026-09-02 16:31:45,796 - INFO - Product: Layered: Baking, Building, and Styling Spectacular Cakes | Price: 40.11 | Availability: In stock | Status: NO CHANGE
2026-09-02 16:31:45,935 - INFO - Product: Judo: Seven Steps to Black Belt (an Introductory Guide for Beginners) | Price: 53.9 | Availability: In stock | Status: NO CHANGE
2026-09-02 16:31:46,125 - INFO - Product: Join | Price: 35.67 | Availability: In stock | Status: NO CHANGE
2026-09-02 16:31:46,314 - INFO - Product: In the Country We Love: My Family Divided | Price: 22.0 | Availability: In stock | Status: NO CHANGE
2026-09-02 16:31:46,329 - INFO - Moving from page 5 to next page.
2026-09-02 16:31:51,004 - INFO - Scraping page 6
2026-09-02 16:31:51,162 - INFO - Product: Immunity: How Elie Metchnikoff Changed the Course of Modern Medicine | Price: 57.36 | Availability: In stock | Status: NO CHANGE
2026-09-02 16:31:51,308 - INFO - Product: I Hate Fairyland, Vol. 1: Madly Ever After (I Hate Fairyland (Compilations) #1-5) | Price: 29.17 | Availability: In stock | Status: NO CHANGE
2026-09-02 16:31:51,425 - INFO - Product: I am a Hero Omnibus Volume 1 | Price: 54.63 | Availability: In stock | Status: NO CHANGE
2026-09-02 16:31:51,572 - INFO - Product: How to Be Miserable: 40 Strategies You Already Use | Price: 46.03 | Availability: In stock | Status: NO CHANGE
2026-09-02 16:31:51,734 - INFO - Product: Her Backup Boyfriend (The Sorensen Family #1) | Price: 33.97 | Availability: In stock | Status: NO CHANGE
2026-09-02 16:31:51,883 - INFO - Product: Giant Days, Vol. 2 (Giant Days #5-8) | Price: 22.11 | Availability: In stock | Status: NO CHANGE
2026-09-02 16:31:52,030 - INFO - Product: Forever and Forever: The Courtship of Henry Longfellow and Fanny Appleton | Price: 29.69 | Availability: In stock | Status: NO CHANGE
2026-09-02 16:31:52,173 - INFO - Product: First and First (Five Boroughs #3) | Price: 15.97 | Availability: In stock | Status: NO CHANGE
2026-09-02 16:31:52,284 - INFO - Product: Fifty Shades Darker (Fifty Shades #2) | Price: 21.96 | Availability: In stock | Status: NO CHANGE
2026-09-02 16:31:52,432 - INFO - Product: Everydata: The Misinformation Hidden in the Little Data You Consume Every Day | Price: 54.35 | Availability: In stock | Status: NO CHANGE
2026-09-02 16:31:52,574 - INFO - Product: Don't Be a Jerk: And Other Practical Advice from Dogen, Japan's Greatest Zen Master | Price: 37.97 | Availability: In stock | Status: NO CHANGE
2026-09-02 16:31:52,703 - INFO - Product: Danganronpa Volume 1 | Price: 51.99 | Availability: In stock | Status: NO CHANGE
2026-09-02 16:31:52,798 - INFO - Product: Crown of Midnight (Throne of Glass #2) | Price: 43.29 | Availability: In stock | Status: NO CHANGE
2026-09-02 16:31:52,903 - INFO - Product: Codename Baboushka, Volume 1: The Conclave of Death | Price: 36.72 | Availability: In stock | Status: NO CHANGE
2026-09-02 16:31:53,053 - INFO - Product: Camp Midnight | Price: 17.08 | Availability: In stock | Status: NO CHANGE
2026-09-02 16:31:53,255 - INFO - Product: Call the Nurse: True Stories of a Country Nurse on a Scottish Isle | Price: 29.14 | Availability: In stock | Status: NO CHANGE
2026-09-02 16:31:53,358 - INFO - Product: Burning | Price: 28.81 | Availability: In stock | Status: NO CHANGE
2026-09-02 16:31:53,536 - INFO - Product: Bossypants | Price: 49.46 | Availability: In stock | Status: NO CHANGE
2026-09-02 16:31:53,709 - INFO - Product: Bitch Planet, Vol. 1: Extraordinary Machine (Bitch Planet (Collected Editions)) | Price: 37.92 | Availability: In stock | Status: NO CHANGE
2026-09-02 16:31:53,841 - INFO - Product: Avatar: The Last Airbender: Smoke and Shadow, Part 3 (Smoke and Shadow #3) | Price: 28.09 | Availability: In stock | Status: NO CHANGE
2026-09-02 16:31:53,849 - INFO - Moving from page 6 to next page.
2026-09-02 16:31:57,767 - INFO - Scraping page 7
2026-09-02 16:31:57,966 - INFO - Product: Algorithms to Live By: The Computer Science of Human Decisions | Price: 30.81 | Availability: In stock | Status: NO CHANGE
2026-09-02 16:31:58,154 - INFO - Product: A World of Flavor: Your Gluten Free Passport | Price: 42.95 | Availability: In stock | Status: NO CHANGE
2026-09-02 16:31:58,353 - INFO - Product: A Piece of Sky, a Grain of Rice: A Memoir in Four Meditations | Price: 56.76 | Availability: In stock | Status: NO CHANGE
2026-09-02 16:31:58,543 - INFO - Product: A Murder in Time | Price: 16.64 | Availability: In stock | Status: NO CHANGE
2026-09-02 16:31:58,675 - INFO - Product: A Flight of Arrows (The Pathfinders #2) | Price: 55.53 | Availability: In stock | Status: NO CHANGE
2026-09-02 16:31:58,826 - INFO - Product: A Fierce and Subtle Poison | Price: 28.13 | Availability: In stock | Status: NO CHANGE
2026-09-02 16:31:59,012 - INFO - Product: A Court of Thorns and Roses (A Court of Thorns and Roses #1) | Price: 52.37 | Availability: In stock | Status: NO CHANGE
2026-09-02 16:31:59,160 - INFO - Product: (Un)Qualified: How God Uses Broken People to Do Big Things | Price: 54.0 | Availability: In stock | Status: NO CHANGE
2026-09-02 16:31:59,408 - INFO - Product: You Are What You Love: The Spiritual Power of Habit | Price: 21.87 | Availability: In stock | Status: NO CHANGE
2026-09-02 16:31:59,595 - INFO - Product: William Shakespeare's Star Wars: Verily, A New Hope (William Shakespeare's Star Wars #4) | Price: 43.3 | Availability: In stock | Status: NO CHANGE
2026-09-02 16:31:59,730 - INFO - Product: Tuesday Nights in 1980 | Price: 21.04 | Availability: In stock | Status: NO CHANGE
2026-09-02 16:31:59,896 - INFO - Product: Tracing Numbers on a Train | Price: 41.6 | Availability: In stock | Status: NO CHANGE
2026-09-02 16:32:00,026 - INFO - Product: Throne of Glass (Throne of Glass #1) | Price: 35.07 | Availability: In stock | Status: NO CHANGE
2026-09-02 16:32:00,159 - INFO - Product: Thomas Jefferson and the Tripoli Pirates: The Forgotten War That Changed American History | Price: 59.64 | Availability: In stock | Status: NO CHANGE
2026-09-02 16:32:00,298 - INFO - Product: Thirteen Reasons Why | Price: 52.72 | Availability: In stock | Status: NO CHANGE
2026-09-02 16:32:00,518 - INFO - Product: The White Cat and the Monk: A Retelling of the Poem “Pangur Bán” | Price: 58.08 | Availability: In stock | Status: NO CHANGE
2026-09-02 16:32:00,692 - INFO - Product: The Wedding Dress | Price: 24.12 | Availability: In stock | Status: NO CHANGE
2026-09-02 16:32:00,867 - INFO - Product: The Vacationers | Price: 42.15 | Availability: In stock | Status: NO CHANGE
2026-09-02 16:32:01,062 - INFO - Product: The Third Wave: An Entrepreneur’s Vision of the Future | Price: 12.61 | Availability: In stock | Status: NO CHANGE
2026-09-02 16:32:01,252 - INFO - Product: The Stranger | Price: 17.44 | Availability: In stock | Status: NO CHANGE
2026-09-02 16:32:01,265 - INFO - Moving from page 7 to next page.
2026-09-02 16:32:09,786 - INFO - Scraping page 8
2026-09-02 16:32:09,922 - INFO - Product: The Shadow Hero (The Shadow Hero) | Price: 33.14 | Availability: In stock | Status: NO CHANGE
2026-09-02 16:32:10,070 - INFO - Product: The Secret (The Secret #1) | Price: 27.37 | Availability: In stock | Status: NO CHANGE
2026-09-02 16:32:10,172 - INFO - Product: The Regional Office Is Under Attack! | Price: 51.36 | Availability: In stock | Status: NO CHANGE
2026-09-02 16:32:10,359 - INFO - Product: The Psychopath Test: A Journey Through the Madness Industry | Price: 36.0 | Availability: In stock | Status: NO CHANGE
2026-09-02 16:32:10,551 - INFO - Product: The Project | Price: 10.65 | Availability: In stock | Status: NO CHANGE
2026-09-02 16:32:10,713 - INFO - Product: The Power of Now: A Guide to Spiritual Enlightenment | Price: 43.54 | Availability: In stock | Status: NO CHANGE
2026-09-02 16:32:10,848 - INFO - Product: The Omnivore's Dilemma: A Natural History of Four Meals | Price: 38.21 | Availability: In stock | Status: NO CHANGE
2026-09-02 16:32:11,011 - INFO - Product: The Nerdy Nummies Cookbook: Sweet Treats for the Geek in All of Us | Price: 37.34 | Availability: In stock | Status: NO CHANGE
2026-09-02 16:32:11,174 - INFO - Product: The Murder of Roger Ackroyd (Hercule Poirot #4) | Price: 44.1 | Availability: In stock | Status: NO CHANGE
2026-09-02 16:32:11,321 - INFO - Product: The Mistake (Off-Campus #2) | Price: 43.29 | Availability: In stock | Status: NO CHANGE
2026-09-02 16:32:11,471 - INFO - Product: The Matchmaker's Playbook (Wingmen Inc. #1) | Price: 55.85 | Availability: In stock | Status: NO CHANGE
2026-09-02 16:32:11,575 - INFO - Product: The Love and Lemons Cookbook: An Apple-to-Zucchini Celebration of Impromptu Cooking | Price: 37.6 | Availability: In stock | Status: NO CHANGE
2026-09-02 16:32:11,695 - INFO - Product: The Long Shadow of Small Ghosts: Murder and Memory in an American City | Price: 10.97 | Availability: In stock | Status: NO CHANGE
2026-09-02 16:32:11,854 - INFO - Product: The Kite Runner | Price: 41.82 | Availability: In stock | Status: NO CHANGE
2026-09-02 16:32:12,039 - INFO - Product: The House by the Lake | Price: 36.95 | Availability: In stock | Status: NO CHANGE
2026-09-02 16:32:12,161 - INFO - Product: The Glittering Court (The Glittering Court #1) | Price: 44.28 | Availability: In stock | Status: NO CHANGE
2026-09-02 16:32:12,318 - INFO - Product: The Girl on the Train | Price: 55.02 | Availability: In stock | Status: NO CHANGE
2026-09-02 16:32:12,527 - INFO - Product: The Genius of Birds | Price: 17.24 | Availability: In stock | Status: NO CHANGE
2026-09-02 16:32:12,633 - INFO - Product: The Emerald Mystery | Price: 23.15 | Availability: In stock | Status: NO CHANGE
2026-09-02 16:32:12,761 - INFO - Product: The Cookies & Cups Cookbook: 125+ sweet & savory recipes reminding you to Always Eat Dessert First | Price: 41.25 | Availability: In stock | Status: NO CHANGE
2026-09-02 16:32:12,771 - INFO - Moving from page 8 to next page.
2026-09-02 16:32:20,375 - INFO - Scraping page 9
2026-09-02 16:32:20,541 - INFO - Product: The Bridge to Consciousness: I'm Writing the Bridge Between Science and Our Old and New Beliefs. | Price: 32.0 | Availability: In stock | Status: NO CHANGE
2026-09-02 16:32:20,672 - INFO - Product: The Artist's Way: A Spiritual Path to Higher Creativity | Price: 38.49 | Availability: In stock | Status: NO CHANGE
2026-09-02 16:32:20,784 - INFO - Product: The Art of War | Price: 33.34 | Availability: In stock | Status: NO CHANGE
2026-09-02 16:32:20,917 - INFO - Product: The Argonauts | Price: 10.93 | Availability: In stock | Status: NO CHANGE
2026-09-02 16:32:21,056 - INFO - Product: The 10% Entrepreneur: Live Your Startup Dream Without Quitting Your Day Job | Price: 27.55 | Availability: In stock | Status: NO CHANGE
2026-09-02 16:32:21,201 - INFO - Product: Suddenly in Love (Lake Haven #1) | Price: 55.99 | Availability: In stock | Status: NO CHANGE
2026-09-02 16:32:21,322 - INFO - Product: Something More Than This | Price: 16.24 | Availability: In stock | Status: NO CHANGE
2026-09-02 16:32:21,443 - INFO - Product: Soft Apocalypse | Price: 26.12 | Availability: In stock | Status: NO CHANGE
2026-09-02 16:32:21,568 - INFO - Product: So You've Been Publicly Shamed | Price: 12.23 | Availability: In stock | Status: NO CHANGE
2026-09-02 16:32:21,684 - INFO - Product: Shoe Dog: A Memoir by the Creator of NIKE | Price: 23.99 | Availability: In stock | Status: NO CHANGE
2026-09-02 16:32:21,846 - INFO - Product: Shobu Samurai, Project Aryoku (#3) | Price: 29.06 | Availability: In stock | Status: NO CHANGE
2026-09-02 16:32:21,978 - INFO - Product: Secrets and Lace (Fatal Hearts #1) | Price: 20.27 | Availability: In stock | Status: NO CHANGE
2026-09-02 16:32:22,097 - INFO - Product: Scarlett Epstein Hates It Here | Price: 43.55 | Availability: In stock | Status: NO CHANGE
2026-09-02 16:32:22,208 - INFO - Product: Romero and Juliet: A Tragic Tale of Love and Zombies | Price: 36.94 | Availability: In stock | Status: NO CHANGE
2026-09-02 16:32:22,324 - INFO - Product: Redeeming Love | Price: 20.47 | Availability: In stock | Status: NO CHANGE
2026-09-02 16:32:22,459 - INFO - Product: Poses for Artists Volume 1 - Dynamic and Sitting Poses: An Essential Reference for Figure Drawing and the Human Form | Price: 41.06 | Availability: In stock | Status: NO CHANGE
2026-09-02 16:32:22,602 - INFO - Product: Poems That Make Grown Women Cry | Price: 14.19 | Availability: In stock | Status: NO CHANGE
2026-09-02 16:32:22,702 - INFO - Product: Nightingale, Sing | Price: 38.28 | Availability: In stock | Status: NO CHANGE
2026-09-02 16:32:22,820 - INFO - Product: Night Sky with Exit Wounds | Price: 41.05 | Availability: In stock | Status: NO CHANGE
2026-09-02 16:32:22,972 - INFO - Product: Mrs. Houdini | Price: 30.25 | Availability: In stock | Status: NO CHANGE
2026-09-02 16:32:22,984 - INFO - Moving from page 9 to next page.
2026-09-02 16:32:31,651 - INFO - Scraping page 10
2026-09-02 16:32:31,834 - INFO - Product: Modern Romance | Price: 28.26 | Availability: In stock | Status: NO CHANGE
2026-09-02 16:32:31,946 - INFO - Product: Miss Peregrine’s Home for Peculiar Children (Miss Peregrine’s Peculiar Children #1) | Price: 10.76 | Availability: In stock | Status: NO CHANGE
2026-09-02 16:32:32,031 - INFO - Product: Louisa: The Extraordinary Life of Mrs. Adams | Price: 16.85 | Availability: In stock | Status: NO CHANGE
2026-09-02 16:32:32,129 - INFO - Product: Little Red | Price: 13.47 | Availability: In stock | Status: NO CHANGE
2026-09-02 16:32:32,238 - INFO - Product: Library of Souls (Miss Peregrine’s Peculiar Children #3) | Price: 48.56 | Availability: In stock | Status: NO CHANGE
2026-09-02 16:32:32,341 - INFO - Product: Large Print Heart of the Pride | Price: 19.15 | Availability: In stock | Status: NO CHANGE
2026-09-02 16:32:32,474 - INFO - Product: I Had a Nice Time And Other Lies...: How to find love & sh*t like that | Price: 57.36 | Availability: In stock | Status: NO CHANGE
2026-09-02 16:32:32,572 - INFO - Product: Hollow City (Miss Peregrine’s Peculiar Children #2) | Price: 42.98 | Availability: In stock | Status: NO CHANGE
2026-09-02 16:32:32,666 - INFO - Product: Grumbles | Price: 22.16 | Availability: In stock | Status: NO CHANGE
2026-09-02 16:32:32,784 - INFO - Product: Full Moon over Noah’s Ark: An Odyssey to Mount Ararat and Beyond | Price: 49.43 | Availability: In stock | Status: NO CHANGE
2026-09-02 16:32:32,873 - INFO - Product: Frostbite (Vampire Academy #2) | Price: 29.99 | Availability: In stock | Status: NO CHANGE
2026-09-02 16:32:33,025 - INFO - Product: Follow You Home | Price: 21.36 | Availability: In stock | Status: NO CHANGE
2026-09-02 16:32:33,169 - INFO - Product: First Steps for New Christians (Print Edition) | Price: 29.0 | Availability: In stock | Status: NO CHANGE
2026-09-02 16:32:33,306 - INFO - Product: Finders Keepers (Bill Hodges Trilogy #2) | Price: 53.53 | Availability: In stock | Status: NO CHANGE
2026-09-02 16:32:33,414 - INFO - Product: Fables, Vol. 1: Legends in Exile (Fables #1) | Price: 41.62 | Availability: In stock | Status: NO CHANGE
2026-09-02 16:32:33,546 - INFO - Product: Eureka Trivia 6.0 | Price: 54.59 | Availability: In stock | Status: NO CHANGE
2026-09-02 16:32:33,603 - INFO - Product: Drive: The Surprising Truth About What Motivates Us | Price: 34.95 | Availability: In stock | Status: NO CHANGE
2026-09-02 16:32:33,724 - INFO - Product: Done Rubbed Out (Reightman & Bailey #1) | Price: 37.72 | Availability: In stock | Status: NO CHANGE
2026-09-02 16:32:33,827 - INFO - Product: Doing It Over (Most Likely To #1) | Price: 35.61 | Availability: In stock | Status: NO CHANGE
2026-09-02 16:32:33,919 - INFO - Product: Deliciously Ella Every Day: Quick and Easy Recipes for Gluten-Free Snacks, Packed Lunches, and Simple Meals | Price: 42.16 | Availability: In stock | Status: NO CHANGE
2026-09-02 16:32:33,943 - INFO - Moving from page 10 to next page.
2026-09-02 16:32:42,860 - INFO - Scraping page 11
2026-09-02 16:32:42,993 - INFO - Product: Dark Notes | Price: 19.19 | Availability: In stock | Status: NO CHANGE
2026-09-02 16:32:43,088 - INFO - Product: Daring Greatly: How the Courage to Be Vulnerable Transforms the Way We Live, Love, Parent, and Lead | Price: 19.43 | Availability: In stock | Status: NO CHANGE
2026-09-02 16:32:43,218 - INFO - Product: Close to You | Price: 49.46 | Availability: In stock | Status: NO CHANGE
2026-09-02 16:32:43,354 - INFO - Product: Chasing Heaven: What Dying Taught Me About Living | Price: 37.8 | Availability: In stock | Status: NO CHANGE
2026-09-02 16:32:43,478 - INFO - Product: Big Magic: Creative Living Beyond Fear | Price: 30.8 | Availability: In stock | Status: NO CHANGE
2026-09-02 16:32:43,613 - INFO - Product: Becoming Wise: An Inquiry into the Mystery and Art of Living | Price: 27.43 | Availability: In stock | Status: NO CHANGE
2026-09-02 16:32:43,755 - INFO - Product: Beauty Restored (Riley Family Legacy Novellas #3) | Price: 11.11 | Availability: In stock | Status: NO CHANGE
2026-09-02 16:32:43,845 - INFO - Product: Batman: The Long Halloween (Batman) | Price: 36.5 | Availability: In stock | Status: NO CHANGE
2026-09-02 16:32:43,946 - INFO - Product: Batman: The Dark Knight Returns (Batman) | Price: 15.38 | Availability: In stock | Status: NO CHANGE
2026-09-02 16:32:44,100 - INFO - Product: Ayumi's Violin | Price: 15.48 | Availability: In stock | Status: NO CHANGE
2026-09-02 16:32:44,239 - INFO - Product: Anonymous | Price: 46.82 | Availability: In stock | Status: NO CHANGE
2026-09-02 16:32:44,375 - INFO - Product: Amy Meets the Saints and Sages | Price: 18.46 | Availability: In stock | Status: NO CHANGE
2026-09-02 16:32:44,445 - INFO - Product: Amid the Chaos | Price: 36.58 | Availability: In stock | Status: NO CHANGE
2026-09-02 16:32:44,557 - INFO - Product: Amatus | Price: 50.54 | Availability: In stock | Status: NO CHANGE
2026-09-02 16:32:44,676 - INFO - Product: Agnostic: A Spirited Manifesto | Price: 12.51 | Availability: In stock | Status: NO CHANGE
2026-09-02 16:32:44,802 - INFO - Product: Zealot: The Life and Times of Jesus of Nazareth | Price: 24.7 | Availability: In stock | Status: NO CHANGE
2026-09-02 16:32:44,901 - INFO - Product: You (You #1) | Price: 43.61 | Availability: In stock | Status: NO CHANGE
2026-09-02 16:32:45,035 - INFO - Product: Wonder Woman: Earth One, Volume One (Wonder Woman: Earth One #1) | Price: 37.34 | Availability: In stock | Status: NO CHANGE
2026-09-02 16:32:45,190 - INFO - Product: Wild Swans | Price: 14.36 | Availability: In stock | Status: NO CHANGE
2026-09-02 16:32:45,287 - INFO - Product: Why the Right Went Wrong: Conservatism--From Goldwater to the Tea Party and Beyond | Price: 52.65 | Availability: In stock | Status: NO CHANGE
2026-09-02 16:32:45,313 - INFO - Moving from page 11 to next page.
2026-09-02 16:32:50,892 - INFO - Scraping page 12
2026-09-02 16:32:51,041 - INFO - Product: Whole Lotta Creativity Going On: 60 Fun and Unusual Exercises to Awaken and Strengthen Your Creativity | Price: 38.2 | Availability: In stock | Status: NO CHANGE
2026-09-02 16:32:51,188 - INFO - Product: What's It Like in Space?: Stories from Astronauts Who've Been There | Price: 19.6 | Availability: In stock | Status: NO CHANGE
2026-09-02 16:32:51,300 - INFO - Product: We Are Robin, Vol. 1: The Vigilante Business (We Are Robin #1) | Price: 53.9 | Availability: In stock | Status: NO CHANGE
2026-09-02 16:32:51,437 - INFO - Product: Walt Disney's Alice in Wonderland | Price: 12.96 | Availability: In stock | Status: NO CHANGE
2026-09-02 16:32:51,571 - INFO - Product: V for Vendetta (V for Vendetta Complete) | Price: 37.1 | Availability: In stock | Status: NO CHANGE
2026-09-02 16:32:51,730 - INFO - Product: Until Friday Night (The Field Party #1) | Price: 46.31 | Availability: In stock | Status: NO CHANGE
2026-09-02 16:32:51,849 - INFO - Product: Unbroken: A World War II Story of Survival, Resilience, and Redemption | Price: 45.95 | Availability: In stock | Status: NO CHANGE
2026-09-02 16:32:51,938 - INFO - Product: Twenty Yawns | Price: 22.08 | Availability: In stock | Status: NO CHANGE
2026-09-02 16:32:52,053 - INFO - Product: Through the Woods | Price: 25.38 | Availability: In stock | Status: NO CHANGE
2026-09-02 16:32:52,199 - INFO - Product: This Is Where It Ends | Price: 27.12 | Availability: In stock | Status: NO CHANGE
2026-09-02 16:32:52,294 - INFO - Product: The Year of Magical Thinking | Price: 43.04 | Availability: In stock | Status: NO CHANGE
2026-09-02 16:32:52,390 - INFO - Product: The Wright Brothers | Price: 56.8 | Availability: In stock | Status: NO CHANGE
2026-09-02 16:32:52,518 - INFO - Product: The White Queen (The Cousins' War #1) | Price: 25.91 | Availability: In stock | Status: NO CHANGE
2026-09-02 16:32:52,643 - INFO - Product: The Wedding Pact (The O'Malleys #2) | Price: 32.61 | Availability: In stock | Status: NO CHANGE
2026-09-02 16:32:52,755 - INFO - Product: The Time Keeper | Price: 27.88 | Availability: In stock | Status: NO CHANGE
2026-09-02 16:32:52,883 - INFO - Product: The Testament of Mary | Price: 52.67 | Availability: In stock | Status: NO CHANGE
2026-09-02 16:32:52,978 - INFO - Product: The Star-Touched Queen | Price: 46.02 | Availability: In stock | Status: NO CHANGE
2026-09-02 16:32:53,065 - INFO - Product: The Songs of the Gods | Price: 44.48 | Availability: In stock | Status: NO CHANGE
2026-09-02 16:32:53,157 - INFO - Product: The Song of Achilles | Price: 37.4 | Availability: In stock | Status: NO CHANGE
2026-09-02 16:32:53,252 - INFO - Product: The Rosie Project (Don Tillman #1) | Price: 54.04 | Availability: In stock | Status: NO CHANGE
2026-09-02 16:32:53,262 - INFO - Moving from page 12 to next page.
2026-09-02 16:32:59,807 - INFO - Scraping page 13
2026-09-02 16:32:59,971 - INFO - Product: The Power of Habit: Why We Do What We Do in Life and Business | Price: 16.88 | Availability: In stock | Status: NO CHANGE
2026-09-02 16:33:00,115 - INFO - Product: The Marriage of Opposites | Price: 28.08 | Availability: In stock | Status: NO CHANGE
2026-09-02 16:33:00,214 - INFO - Product: The Lucifer Effect: Understanding How Good People Turn Evil | Price: 10.4 | Availability: In stock | Status: NO CHANGE
2026-09-02 16:33:00,321 - INFO - Product: The Long Haul (Diary of a Wimpy Kid #9) | Price: 44.07 | Availability: In stock | Status: NO CHANGE
2026-09-02 16:33:00,433 - INFO - Product: The Loney | Price: 23.4 | Availability: In stock | Status: NO CHANGE
2026-09-02 16:33:00,558 - INFO - Product: The Literature Book (Big Ideas Simply Explained) | Price: 17.43 | Availability: In stock | Status: NO CHANGE
2026-09-02 16:33:00,706 - INFO - Product: The Last Mile (Amos Decker #2) | Price: 54.21 | Availability: In stock | Status: NO CHANGE
2026-09-02 16:33:00,860 - INFO - Product: The Immortal Life of Henrietta Lacks | Price: 40.67 | Availability: In stock | Status: NO CHANGE
2026-09-02 16:33:01,032 - INFO - Product: The Hidden Oracle (The Trials of Apollo #1) | Price: 52.26 | Availability: In stock | Status: NO CHANGE
2026-09-02 16:33:01,201 - INFO - Product: The Help Yourself Cookbook for Kids: 60 Easy Plant-Based Recipes Kids Can Make to Stay Healthy and Save the Earth | Price: 28.77 | Availability: In stock | Status: NO CHANGE
2026-09-02 16:33:01,370 - INFO - Product: The Guilty (Will Robie #4) | Price: 13.82 | Availability: In stock | Status: NO CHANGE
2026-09-02 16:33:01,525 - INFO - Product: The First Hostage (J.B. Collins #2) | Price: 25.85 | Availability: In stock | Status: NO CHANGE
2026-09-02 16:33:01,668 - INFO - Product: The Dovekeepers | Price: 48.78 | Availability: In stock | Status: NO CHANGE
2026-09-02 16:33:01,808 - INFO - Product: The Darkest Lie | Price: 35.35 | Availability: In stock | Status: NO CHANGE
2026-09-02 16:33:01,956 - INFO - Product: The Bane Chronicles (The Bane Chronicles #1-11) | Price: 44.73 | Availability: In stock | Status: NO CHANGE
2026-09-02 16:33:02,071 - INFO - Product: The Bad-Ass Librarians of Timbuktu: And Their Race to Save the World’s Most Precious Manuscripts | Price: 15.77 | Availability: In stock | Status: NO CHANGE
2026-09-02 16:33:02,297 - INFO - Product: The 14th Colony (Cotton Malone #11) | Price: 39.24 | Availability: In stock | Status: NO CHANGE
2026-09-02 16:33:02,453 - INFO - Product: That Darkness (Gardiner and Renner #1) | Price: 13.92 | Availability: In stock | Status: NO CHANGE
2026-09-02 16:33:02,609 - INFO - Product: Tastes Like Fear (DI Marnie Rome #3) | Price: 10.69 | Availability: In stock | Status: NO CHANGE
2026-09-02 16:33:02,728 - INFO - Product: Take Me with You | Price: 45.21 | Availability: In stock | Status: NO CHANGE
2026-09-02 16:33:02,758 - INFO - Moving from page 13 to next page.
2026-09-02 16:33:09,939 - INFO - Scraping page 14
2026-09-02 16:33:10,128 - INFO - Product: Swell: A Year of Waves | Price: 45.58 | Availability: In stock | Status: NO CHANGE
2026-09-02 16:33:10,261 - INFO - Product: Superman Vol. 1: Before Truth (Superman by Gene Luen Yang #1) | Price: 11.89 | Availability: In stock | Status: NO CHANGE
2026-09-02 16:33:10,394 - INFO - Product: Still Life with Bread Crumbs | Price: 26.41 | Availability: In stock | Status: NO CHANGE
2026-09-02 16:33:10,553 - INFO - Product: Steve Jobs | Price: 39.5 | Availability: In stock | Status: NO CHANGE
2026-09-02 16:33:10,715 - INFO - Product: Sorting the Beef from the Bull: The Science of Food Fraud Forensics | Price: 44.74 | Availability: In stock | Status: NO CHANGE
2026-09-02 16:33:10,864 - INFO - Product: Someone Like You (The Harrisons #2) | Price: 52.79 | Availability: In stock | Status: NO CHANGE
2026-09-02 16:33:11,007 - INFO - Product: So Cute It Hurts!!, Vol. 6 (So Cute It Hurts!! #6) | Price: 35.43 | Availability: In stock | Status: NO CHANGE
2026-09-02 16:33:11,111 - INFO - Product: Shtum | Price: 55.84 | Availability: In stock | Status: NO CHANGE
2026-09-02 16:33:11,240 - INFO - Product: See America: A Celebration of Our National Parks & Treasured Sites | Price: 48.87 | Availability: In stock | Status: NO CHANGE
2026-09-02 16:33:11,374 - INFO - Product: salt. | Price: 46.78 | Availability: In stock | Status: NO CHANGE
2026-09-02 16:33:11,494 - INFO - Product: Robin War | Price: 47.82 | Availability: In stock | Status: NO CHANGE
2026-09-02 16:33:11,701 - INFO - Product: Red Hood/Arsenal, Vol. 1: Open for Business (Red Hood/Arsenal #1) | Price: 25.48 | Availability: In stock | Status: NO CHANGE
2026-09-02 16:33:11,827 - INFO - Product: Rain Fish | Price: 23.57 | Availability: In stock | Status: NO CHANGE
2026-09-02 16:33:11,930 - INFO - Product: Quarter Life Poetry: Poems for the Young, Broke and Hangry | Price: 50.89 | Availability: In stock | Status: NO CHANGE
2026-09-02 16:33:12,090 - INFO - Product: Pet Sematary | Price: 10.56 | Availability: In stock | Status: NO CHANGE
2026-09-02 16:33:12,214 - INFO - Product: Overload: How to Unplug, Unwind, and Unleash Yourself from the Pressure of Stress | Price: 52.15 | Availability: In stock | Status: NO CHANGE
2026-09-02 16:33:12,385 - INFO - Product: Once Was a Time | Price: 18.28 | Availability: In stock | Status: NO CHANGE
2026-09-02 16:33:12,533 - INFO - Product: Old School (Diary of a Wimpy Kid #10) | Price: 11.83 | Availability: In stock | Status: NO CHANGE
2026-09-02 16:33:12,649 - INFO - Product: No Dream Is Too High: Life Lessons From a Man Who Walked on the Moon | Price: 21.95 | Availability: In stock | Status: NO CHANGE
2026-09-02 16:33:12,783 - INFO - Product: Naruto (3-in-1 Edition), Vol. 14: Includes Vols. 40, 41 & 42 (Naruto: Omnibus #14) | Price: 38.39 | Availability: In stock | Status: NO CHANGE
2026-09-02 16:33:12,817 - INFO - Moving from page 14 to next page.
2026-09-02 16:33:24,299 - INFO - Scraping page 15
2026-09-02 16:33:24,462 - INFO - Product: My Name Is Lucy Barton | Price: 41.56 | Availability: In stock | Status: NO CHANGE
2026-09-02 16:33:24,599 - INFO - Product: My Mrs. Brown | Price: 24.48 | Availability: In stock | Status: NO CHANGE
2026-09-02 16:33:24,776 - INFO - Product: My Kind of Crazy | Price: 40.36 | Availability: In stock | Status: NO CHANGE
2026-09-02 16:33:24,919 - INFO - Product: Mr. Mercedes (Bill Hodges Trilogy #1) | Price: 28.9 | Availability: In stock | Status: NO CHANGE
2026-09-02 16:33:25,049 - INFO - Product: More Than Music (Chasing the Dream #1) | Price: 37.61 | Availability: In stock | Status: NO CHANGE
2026-09-02 16:33:25,227 - INFO - Product: Made to Stick: Why Some Ideas Survive and Others Die | Price: 38.85 | Availability: In stock | Status: NO CHANGE
2026-09-02 16:33:25,395 - INFO - Product: Luis Paints the World | Price: 53.95 | Availability: In stock | Status: NO CHANGE
2026-09-02 16:33:25,524 - INFO - Product: Luckiest Girl Alive | Price: 49.83 | Availability: In stock | Status: NO CHANGE
2026-09-02 16:33:25,655 - INFO - Product: Lowriders to the Center of the Earth (Lowriders in Space #2) | Price: 51.51 | Availability: In stock | Status: NO CHANGE
2026-09-02 16:33:25,787 - INFO - Product: Love Is a Mix Tape (Music #1) | Price: 18.03 | Availability: In stock | Status: NO CHANGE
2026-09-02 16:33:25,952 - INFO - Product: Looking for Lovely: Collecting the Moments that Matter | Price: 29.14 | Availability: In stock | Status: NO CHANGE
2026-09-02 16:33:26,073 - INFO - Product: Living Leadership by Insight: A Good Leader Achieves, a Great Leader Builds Monuments | Price: 46.91 | Availability: In stock | Status: NO CHANGE
2026-09-02 16:33:26,190 - INFO - Product: Let It Out: A Journey Through Journaling | Price: 26.79 | Availability: In stock | Status: NO CHANGE
2026-09-02 16:33:26,381 - INFO - Product: Lady Midnight (The Dark Artifices #1) | Price: 16.28 | Availability: In stock | Status: NO CHANGE
2026-09-02 16:33:26,498 - INFO - Product: It's All Easy: Healthy, Delicious Weeknight Meals in under 30 Minutes | Price: 19.55 | Availability: In stock | Status: NO CHANGE
2026-09-02 16:33:26,649 - INFO - Product: Island of Dragons (Unwanteds #7) | Price: 29.65 | Availability: In stock | Status: NO CHANGE
2026-09-02 16:33:26,745 - INFO - Product: I Know What I'm Doing -- and Other Lies I Tell Myself: Dispatches from a Life Under Construction | Price: 25.98 | Availability: In stock | Status: NO CHANGE
2026-09-02 16:33:26,846 - INFO - Product: I Am Pilgrim (Pilgrim #1) | Price: 10.6 | Availability: In stock | Status: NO CHANGE
2026-09-02 16:33:26,942 - INFO - Product: Hyperbole and a Half: Unfortunate Situations, Flawed Coping Mechanisms, Mayhem, and Other Things That Happened | Price: 14.75 | Availability: In stock | Status: NO CHANGE
2026-09-02 16:33:27,061 - INFO - Product: Hush, Hush (Hush, Hush #1) | Price: 47.02 | Availability: In stock | Status: NO CHANGE
2026-09-02 16:33:27,069 - INFO - Moving from page 15 to next page.
2026-09-02 16:33:34,818 - INFO - Scraping page 16
2026-09-02 16:33:34,996 - INFO - Product: Hold Your Breath (Search and Rescue #1) | Price: 28.82 | Availability: In stock | Status: NO CHANGE
2026-09-02 16:33:35,113 - INFO - Product: Hamilton: The Revolution | Price: 58.79 | Availability: In stock | Status: NO CHANGE
2026-09-02 16:33:35,243 - INFO - Product: Greek Mythic History | Price: 10.23 | Availability: In stock | Status: NO CHANGE
2026-09-02 16:33:35,380 - INFO - Product: God: The Most Unpleasant Character in All Fiction | Price: 30.03 | Availability: In stock | Status: NO CHANGE
2026-09-02 16:33:35,499 - INFO - Product: Glory over Everything: Beyond The Kitchen House | Price: 45.84 | Availability: In stock | Status: NO CHANGE
2026-09-02 16:33:35,631 - INFO - Product: Feathers: Displays of Brilliant Plumage | Price: 49.05 | Availability: In stock | Status: NO CHANGE
2026-09-02 16:33:35,777 - INFO - Product: Far & Away: Places on the Brink of Change: Seven Continents, Twenty-Five Years | Price: 15.06 | Availability: In stock | Status: NO CHANGE
2026-09-02 16:33:35,947 - INFO - Product: Every Last Word | Price: 46.47 | Availability: In stock | Status: NO CHANGE
2026-09-02 16:33:36,070 - INFO - Product: Eligible (The Austen Project #4) | Price: 27.09 | Availability: In stock | Status: NO CHANGE
2026-09-02 16:33:36,216 - INFO - Product: El Deafo | Price: 57.62 | Availability: In stock | Status: NO CHANGE
2026-09-02 16:33:36,353 - INFO - Product: Eight Hundred Grapes | Price: 14.39 | Availability: In stock | Status: NO CHANGE
2026-09-02 16:33:36,481 - INFO - Product: Eaternity: More than 150 Deliciously Easy Vegan Recipes for a Long, Healthy, Satisfied, Joyful Life | Price: 51.75 | Availability: In stock | Status: NO CHANGE
2026-09-02 16:33:36,604 - INFO - Product: Eat Fat, Get Thin | Price: 54.07 | Availability: In stock | Status: NO CHANGE
2026-09-02 16:33:36,725 - INFO - Product: Don't Get Caught | Price: 55.35 | Availability: In stock | Status: NO CHANGE
2026-09-02 16:33:36,930 - INFO - Product: Doctor Sleep (The Shining #2) | Price: 40.12 | Availability: In stock | Status: NO CHANGE
2026-09-02 16:33:37,087 - INFO - Product: Demigods & Magicians: Percy and Annabeth Meet the Kanes (Percy Jackson & Kane Chronicles Crossover #1-3) | Price: 37.51 | Availability: In stock | Status: NO CHANGE
2026-09-02 16:33:37,238 - INFO - Product: Dear Mr. Knightley | Price: 11.21 | Availability: In stock | Status: NO CHANGE
2026-09-02 16:33:37,431 - INFO - Product: Daily Fantasy Sports | Price: 36.58 | Availability: In stock | Status: NO CHANGE
2026-09-02 16:33:37,563 - INFO - Product: Crazy Love: Overwhelmed by a Relentless God | Price: 47.72 | Availability: In stock | Status: NO CHANGE
2026-09-02 16:33:37,686 - INFO - Product: Cometh the Hour (The Clifton Chronicles #6) | Price: 25.01 | Availability: In stock | Status: NO CHANGE
2026-09-02 16:33:37,720 - INFO - Moving from page 16 to next page.
2026-09-02 16:33:43,422 - INFO - Scraping page 17
2026-09-02 16:33:43,568 - INFO - Product: Code Name Verity (Code Name Verity #1) | Price: 22.13 | Availability: In stock | Status: NO CHANGE
2026-09-02 16:33:43,675 - INFO - Product: Clockwork Angel (The Infernal Devices #1) | Price: 44.14 | Availability: In stock | Status: NO CHANGE
2026-09-02 16:33:43,777 - INFO - Product: City of Glass (The Mortal Instruments #3) | Price: 56.02 | Availability: In stock | Status: NO CHANGE
2026-09-02 16:33:43,903 - INFO - Product: City of Fallen Angels (The Mortal Instruments #4) | Price: 11.23 | Availability: In stock | Status: NO CHANGE
2026-09-02 16:33:44,080 - INFO - Product: City of Bones (The Mortal Instruments #1) | Price: 43.28 | Availability: In stock | Status: NO CHANGE
2026-09-02 16:33:44,222 - INFO - Product: City of Ashes (The Mortal Instruments #2) | Price: 47.27 | Availability: In stock | Status: NO CHANGE
2026-09-02 16:33:44,379 - INFO - Product: Cell | Price: 20.29 | Availability: In stock | Status: NO CHANGE
2026-09-02 16:33:44,515 - INFO - Product: Catching Jordan (Hundred Oaks) | Price: 50.83 | Availability: In stock | Status: NO CHANGE
2026-09-02 16:33:44,632 - INFO - Product: Carry On, Warrior: Thoughts on Life Unarmed | Price: 31.85 | Availability: In stock | Status: NO CHANGE
2026-09-02 16:33:44,791 - INFO - Product: Carrie | Price: 46.23 | Availability: In stock | Status: NO CHANGE
2026-09-02 16:33:44,944 - INFO - Product: Buying In: The Secret Dialogue Between What We Buy and Who We Are | Price: 37.8 | Availability: In stock | Status: NO CHANGE
2026-09-02 16:33:45,061 - INFO - Product: Brain on Fire: My Month of Madness | Price: 49.32 | Availability: In stock | Status: NO CHANGE
2026-09-02 16:33:45,219 - INFO - Product: Batman: Europa | Price: 32.01 | Availability: In stock | Status: NO CHANGE
2026-09-02 16:33:45,466 - INFO - Product: Barefoot Contessa Back to Basics | Price: 28.01 | Availability: In stock | Status: NO CHANGE
2026-09-02 16:33:45,620 - INFO - Product: Barefoot Contessa at Home: Everyday Recipes You'll Make Over and Over Again | Price: 50.62 | Availability: In stock | Status: NO CHANGE
2026-09-02 16:33:45,731 - INFO - Product: Balloon Animals | Price: 17.03 | Availability: In stock | Status: NO CHANGE
2026-09-02 16:33:45,875 - INFO - Product: Art Ops Vol. 1 | Price: 48.8 | Availability: In stock | Status: NO CHANGE
2026-09-02 16:33:45,985 - INFO - Product: Aristotle and Dante Discover the Secrets of the Universe (Aristotle and Dante Discover the Secrets of the Universe #1) | Price: 58.14 | Availability: In stock | Status: NO CHANGE
2026-09-02 16:33:46,095 - INFO - Product: Angels Walking (Angels Walking #1) | Price: 34.2 | Availability: In stock | Status: NO CHANGE
2026-09-02 16:33:46,225 - INFO - Product: Angels & Demons (Robert Langdon #1) | Price: 51.48 | Availability: In stock | Status: NO CHANGE
2026-09-02 16:33:46,235 - INFO - Moving from page 17 to next page.
2026-09-02 16:33:53,454 - INFO - Scraping page 18
2026-09-02 16:33:53,575 - INFO - Product: All the Light We Cannot See | Price: 29.87 | Availability: In stock | Status: NO CHANGE
2026-09-02 16:33:53,698 - INFO - Product: Adulthood Is a Myth: A "Sarah's Scribbles" Collection | Price: 10.9 | Availability: In stock | Status: NO CHANGE
2026-09-02 16:33:53,852 - INFO - Product: Abstract City | Price: 56.37 | Availability: In stock | Status: NO CHANGE
2026-09-02 16:33:54,038 - INFO - Product: A Time of Torment (Charlie Parker #14) | Price: 48.35 | Availability: In stock | Status: NO CHANGE
2026-09-02 16:33:54,162 - INFO - Product: A Study in Scarlet (Sherlock Holmes #1) | Price: 16.73 | Availability: In stock | Status: NO CHANGE
2026-09-02 16:33:54,311 - INFO - Product: A Series of Catastrophes and Miracles: A True Story of Love, Science, and Cancer | Price: 56.48 | Availability: In stock | Status: NO CHANGE
2026-09-02 16:33:54,486 - INFO - Product: A People's History of the United States | Price: 40.79 | Availability: In stock | Status: NO CHANGE
2026-09-02 16:33:54,638 - INFO - Product: A Man Called Ove | Price: 39.72 | Availability: In stock | Status: NO CHANGE
2026-09-02 16:33:54,746 - INFO - Product: A Distant Mirror: The Calamitous 14th Century | Price: 14.58 | Availability: In stock | Status: NO CHANGE
2026-09-02 16:33:54,890 - INFO - Product: A Brush of Wings (Angels Walking #3) | Price: 55.51 | Availability: In stock | Status: NO CHANGE
2026-09-02 16:33:55,018 - INFO - Product: 1491: New Revelations of the Americas Before Columbus | Price: 21.8 | Availability: In stock | Status: NO CHANGE
2026-09-02 16:33:55,159 - INFO - Product: The Three Searches, Meaning, and the Story | Price: 13.33 | Availability: In stock | Status: NO CHANGE
2026-09-02 16:33:55,353 - INFO - Product: Searching for Meaning in Gailana | Price: 38.73 | Availability: In stock | Status: NO CHANGE
2026-09-02 16:33:55,566 - INFO - Product: Rook | Price: 37.86 | Availability: In stock | Status: NO CHANGE
2026-09-02 16:33:55,668 - INFO - Product: My Kitchen Year: 136 Recipes That Saved My Life | Price: 11.53 | Availability: In stock | Status: NO CHANGE
2026-09-02 16:33:55,777 - INFO - Product: 13 Hours: The Inside Account of What Really Happened In Benghazi | Price: 27.06 | Availability: In stock | Status: NO CHANGE
2026-09-02 16:33:55,887 - INFO - Product: Will You Won't You Want Me? | Price: 13.86 | Availability: In stock | Status: NO CHANGE
2026-09-02 16:33:56,015 - INFO - Product: Tipping Point for Planet Earth: How Close Are We to the Edge? | Price: 37.55 | Availability: In stock | Status: NO CHANGE
2026-09-02 16:33:56,143 - INFO - Product: The Star-Touched Queen | Price: 32.3 | Availability: In stock | Status: NO CHANGE
2026-09-02 16:33:56,255 - INFO - Product: The Silent Sister (Riley MacPherson #1) | Price: 46.29 | Availability: In stock | Status: NO CHANGE
2026-09-02 16:33:56,271 - INFO - Moving from page 18 to next page.
2026-09-02 16:34:05,513 - INFO - Scraping page 19
2026-09-02 16:34:05,702 - INFO - Product: The Midnight Watch: A Novel of the Titanic and the Californian | Price: 26.2 | Availability: In stock | Status: NO CHANGE
2026-09-02 16:34:05,904 - INFO - Product: The Lonely City: Adventures in the Art of Being Alone | Price: 33.26 | Availability: In stock | Status: NO CHANGE
2026-09-02 16:34:06,104 - INFO - Product: The Gray Rhino: How to Recognize and Act on the Obvious Dangers We Ignore | Price: 59.15 | Availability: In stock | Status: NO CHANGE
2026-09-02 16:34:06,244 - INFO - Product: The Golden Condom: And Other Essays on Love Lost and Found | Price: 39.43 | Availability: In stock | Status: NO CHANGE
2026-09-02 16:34:06,369 - INFO - Product: The Epidemic (The Program 0.6) | Price: 14.44 | Availability: In stock | Status: NO CHANGE
2026-09-02 16:34:06,563 - INFO - Product: The Dinner Party | Price: 56.54 | Availability: In stock | Status: NO CHANGE
2026-09-02 16:34:06,682 - INFO - Product: The Diary of a Young Girl | Price: 59.9 | Availability: In stock | Status: NO CHANGE
2026-09-02 16:34:06,795 - INFO - Product: The Children | Price: 11.88 | Availability: In stock | Status: NO CHANGE
2026-09-02 16:34:06,923 - INFO - Product: Stars Above (The Lunar Chronicles #4.5) | Price: 48.05 | Availability: In stock | Status: NO CHANGE
2026-09-02 16:34:07,021 - INFO - Product: Snatched: How A Drug Queen Went Undercover for the DEA and Was Kidnapped By Colombian Guerillas | Price: 21.21 | Availability: In stock | Status: NO CHANGE
2026-09-02 16:34:07,183 - INFO - Product: Raspberry Pi Electronics Projects for the Evil Genius | Price: 49.67 | Availability: In stock | Status: NO CHANGE
2026-09-02 16:34:07,317 - INFO - Product: Quench Your Own Thirst: Business Lessons Learned Over a Beer or Two | Price: 43.14 | Availability: In stock | Status: NO CHANGE
2026-09-02 16:34:07,479 - INFO - Product: Psycho: Sanitarium (Psycho #1.5) | Price: 36.97 | Availability: In stock | Status: NO CHANGE
2026-09-02 16:34:07,645 - INFO - Product: Poisonous (Max Revere Novels #3) | Price: 26.8 | Availability: In stock | Status: NO CHANGE
2026-09-02 16:34:07,759 - INFO - Product: One with You (Crossfire #5) | Price: 15.71 | Availability: In stock | Status: NO CHANGE
2026-09-02 16:34:07,887 - INFO - Product: No Love Allowed (Dodge Cove #1) | Price: 54.65 | Availability: In stock | Status: NO CHANGE
2026-09-02 16:34:08,024 - INFO - Product: Murder at the 42nd Street Library (Raymond Ambler #1) | Price: 54.36 | Availability: In stock | Status: NO CHANGE
2026-09-02 16:34:08,254 - INFO - Product: Most Wanted | Price: 35.28 | Availability: In stock | Status: NO CHANGE
2026-09-02 16:34:08,396 - INFO - Product: Love, Lies and Spies | Price: 20.55 | Availability: In stock | Status: NO CHANGE
2026-09-02 16:34:08,520 - INFO - Product: How to Speak Golf: An Illustrated Guide to Links Lingo | Price: 58.32 | Availability: In stock | Status: NO CHANGE
2026-09-02 16:34:08,533 - INFO - Moving from page 19 to next page.
2026-09-02 16:34:19,186 - INFO - Scraping page 20
2026-09-02 16:34:19,329 - INFO - Product: Hide Away (Eve Duncan #20) | Price: 11.84 | Availability: In stock | Status: NO CHANGE
2026-09-02 16:34:19,454 - INFO - Product: Furiously Happy: A Funny Book About Horrible Things | Price: 41.46 | Availability: In stock | Status: NO CHANGE
2026-09-02 16:34:19,563 - INFO - Product: Everyday Italian: 125 Simple and Delicious Recipes | Price: 20.1 | Availability: In stock | Status: NO CHANGE
2026-09-02 16:34:19,662 - INFO - Product: Equal Is Unfair: America's Misguided Fight Against Income Inequality | Price: 56.86 | Availability: In stock | Status: NO CHANGE
2026-09-02 16:34:19,784 - INFO - Product: Eleanor & Park | Price: 56.51 | Availability: In stock | Status: NO CHANGE
2026-09-02 16:34:19,965 - INFO - Product: Dirty (Dive Bar #1) | Price: 40.83 | Availability: In stock | Status: NO CHANGE
2026-09-02 16:34:20,116 - INFO - Product: Can You Keep a Secret? (Fear Street Relaunch #4) | Price: 48.64 | Availability: In stock | Status: NO CHANGE
2026-09-02 16:34:20,241 - INFO - Product: Boar Island (Anna Pigeon #19) | Price: 59.48 | Availability: In stock | Status: NO CHANGE
2026-09-02 16:34:20,354 - INFO - Product: A Paris Apartment | Price: 39.01 | Availability: In stock | Status: NO CHANGE
2026-09-02 16:34:20,459 - INFO - Product: A la Mode: 120 Recipes in 60 Pairings: Pies, Tarts, Cakes, Crisps, and More Topped with Ice Cream, Gelato, Frozen Custard, and More | Price: 38.77 | Availability: In stock | Status: NO CHANGE
2026-09-02 16:34:20,569 - INFO - Product: Troublemaker: Surviving Hollywood and Scientology | Price: 48.39 | Availability: In stock | Status: NO CHANGE
2026-09-02 16:34:20,716 - INFO - Product: The Widow | Price: 27.26 | Availability: In stock | Status: NO CHANGE
2026-09-02 16:34:20,910 - INFO - Product: The Sleep Revolution: Transforming Your Life, One Night at a Time | Price: 11.68 | Availability: In stock | Status: NO CHANGE
2026-09-02 16:34:21,019 - INFO - Product: The Improbability of Love | Price: 59.45 | Availability: In stock | Status: NO CHANGE
2026-09-02 16:34:21,150 - INFO - Product: The Art of Startup Fundraising | Price: 21.0 | Availability: In stock | Status: NO CHANGE
2026-09-02 16:34:21,279 - INFO - Product: Take Me Home Tonight (Rock Star Romance #3) | Price: 53.98 | Availability: In stock | Status: NO CHANGE
2026-09-02 16:34:21,426 - INFO - Product: Sleeping Giants (Themis Files #1) | Price: 48.74 | Availability: In stock | Status: NO CHANGE
2026-09-02 16:34:21,558 - INFO - Product: Setting the World on Fire: The Brief, Astonishing Life of St. Catherine of Siena | Price: 21.15 | Availability: In stock | Status: NO CHANGE
2026-09-02 16:34:21,674 - INFO - Product: Playing with Fire | Price: 13.71 | Availability: In stock | Status: NO CHANGE
2026-09-02 16:34:21,793 - INFO - Product: Off the Hook (Fishing for Trouble #1) | Price: 47.67 | Availability: In stock | Status: NO CHANGE
2026-09-02 16:34:21,801 - INFO - Moving from page 20 to next page.
2026-09-02 16:34:27,244 - INFO - Scraping page 21
2026-09-02 16:34:27,395 - INFO - Product: Mothering Sunday | Price: 13.34 | Availability: In stock | Status: NO CHANGE
2026-09-02 16:34:27,538 - INFO - Product: Mother, Can You Not? | Price: 16.89 | Availability: In stock | Status: NO CHANGE
2026-09-02 16:34:27,668 - INFO - Product: M Train | Price: 27.18 | Availability: In stock | Status: NO CHANGE
2026-09-02 16:34:27,828 - INFO - Product: Lilac Girls | Price: 17.28 | Availability: In stock | Status: NO CHANGE
2026-09-02 16:34:27,967 - INFO - Product: Lies and Other Acts of Love | Price: 45.14 | Availability: In stock | Status: NO CHANGE
2026-09-02 16:34:28,094 - INFO - Product: Lab Girl | Price: 40.85 | Availability: In stock | Status: NO CHANGE
2026-09-02 16:34:28,200 - INFO - Product: Keep Me Posted | Price: 20.46 | Availability: In stock | Status: NO CHANGE
2026-09-02 16:34:28,370 - INFO - Product: It Didn't Start with You: How Inherited Family Trauma Shapes Who We Are and How to End the Cycle | Price: 56.27 | Availability: In stock | Status: NO CHANGE
2026-09-02 16:34:28,567 - INFO - Product: Grey (Fifty Shades #4) | Price: 48.49 | Availability: In stock | Status: NO CHANGE
2026-09-02 16:34:28,682 - INFO - Product: Exit, Pursued by a Bear | Price: 51.34 | Availability: In stock | Status: NO CHANGE
2026-09-02 16:34:28,814 - INFO - Product: Daredevils | Price: 16.34 | Availability: In stock | Status: NO CHANGE
2026-09-02 16:34:28,936 - INFO - Product: Cravings: Recipes for What You Want to Eat | Price: 20.5 | Availability: In stock | Status: NO CHANGE
2026-09-02 16:34:29,037 - INFO - Product: Born for This: How to Find the Work You Were Meant to Do | Price: 21.59 | Availability: In stock | Status: NO CHANGE
2026-09-02 16:34:29,143 - INFO - Product: Arena | Price: 21.36 | Availability: In stock | Status: NO CHANGE
2026-09-02 16:34:29,264 - INFO - Product: Adultery | Price: 20.88 | Availability: In stock | Status: NO CHANGE
2026-09-02 16:34:29,385 - INFO - Product: A Mother's Reckoning: Living in the Aftermath of Tragedy | Price: 19.53 | Availability: In stock | Status: NO CHANGE
2026-09-02 16:34:29,485 - INFO - Product: A Gentleman's Position (Society of Gentlemen #3) | Price: 14.75 | Availability: In stock | Status: NO CHANGE
2026-09-02 16:34:29,590 - INFO - Product: 11/22/63 | Price: 48.48 | Availability: In stock | Status: NO CHANGE
2026-09-02 16:34:29,776 - INFO - Product: 10% Happier: How I Tamed the Voice in My Head, Reduced Stress Without Losing My Edge, and Found Self-Help That Actually Works | Price: 24.57 | Availability: In stock | Status: NO CHANGE
2026-09-02 16:34:29,914 - INFO - Product: 10-Day Green Smoothie Cleanse: Lose Up to 15 Pounds in 10 Days! | Price: 49.71 | Availability: In stock | Status: NO CHANGE
2026-09-02 16:34:29,925 - INFO - Moving from page 21 to next page.
2026-09-02 16:34:38,316 - INFO - Scraping page 22
2026-09-02 16:34:38,474 - INFO - Product: Without Shame | Price: 48.27 | Availability: In stock | Status: NO CHANGE
2026-09-02 16:34:38,608 - INFO - Product: Watchmen | Price: 58.05 | Availability: In stock | Status: NO CHANGE
2026-09-02 16:34:38,772 - INFO - Product: Unlimited Intuition Now | Price: 58.87 | Availability: In stock | Status: NO CHANGE
2026-09-02 16:34:38,906 - INFO - Product: Underlying Notes | Price: 11.82 | Availability: In stock | Status: NO CHANGE
2026-09-02 16:34:39,090 - INFO - Product: The Shack | Price: 28.03 | Availability: In stock | Status: NO CHANGE
2026-09-02 16:34:39,260 - INFO - Product: The New Brand You: Your New Image Makes the Sale for You | Price: 44.05 | Availability: In stock | Status: NO CHANGE
2026-09-02 16:34:39,368 - INFO - Product: The Moosewood Cookbook: Recipes from Moosewood Restaurant, Ithaca, New York | Price: 12.34 | Availability: In stock | Status: NO CHANGE
2026-09-02 16:34:39,479 - INFO - Product: The Flowers Lied | Price: 16.68 | Availability: In stock | Status: NO CHANGE
2026-09-02 16:34:39,587 - INFO - Product: The Fabric of the Cosmos: Space, Time, and the Texture of Reality | Price: 55.91 | Availability: In stock | Status: NO CHANGE
2026-09-02 16:34:39,700 - INFO - Product: The Book of Mormon | Price: 24.57 | Availability: In stock | Status: NO CHANGE
2026-09-02 16:34:39,864 - INFO - Product: The Art and Science of Low Carbohydrate Living | Price: 52.98 | Availability: In stock | Status: NO CHANGE
2026-09-02 16:34:39,990 - INFO - Product: The Alien Club | Price: 54.4 | Availability: In stock | Status: NO CHANGE
2026-09-02 16:34:40,089 - INFO - Product: Suzie Snowflake: One beautiful flake (a self-esteem story) | Price: 54.81 | Availability: In stock | Status: NO CHANGE
2026-09-02 16:34:40,276 - INFO - Product: Nap-a-Roo | Price: 25.08 | Availability: In stock | Status: NO CHANGE
2026-09-02 16:34:40,393 - INFO - Product: NaNo What Now? Finding your editing process, revising your NaNoWriMo book and building a writing career through publishing and beyond | Price: 10.41 | Availability: In stock | Status: NO CHANGE
2026-09-02 16:34:40,486 - INFO - Product: Modern Day Fables | Price: 47.44 | Availability: In stock | Status: NO CHANGE
2026-09-02 16:34:40,598 - INFO - Product: If I Gave You God's Phone Number....: Searching for Spirituality in America | Price: 20.91 | Availability: In stock | Status: NO CHANGE
2026-09-02 16:34:40,701 - INFO - Product: Fruits Basket, Vol. 9 (Fruits Basket #9) | Price: 33.95 | Availability: In stock | Status: NO CHANGE
2026-09-02 16:34:40,825 - INFO - Product: Dress Your Family in Corduroy and Denim | Price: 43.68 | Availability: In stock | Status: NO CHANGE
2026-09-02 16:34:41,006 - INFO - Product: Don't Forget Steven | Price: 33.23 | Availability: In stock | Status: NO CHANGE
2026-09-02 16:34:41,017 - INFO - Moving from page 22 to next page.
2026-09-02 16:34:46,295 - INFO - Scraping page 23
2026-09-02 16:34:46,465 - INFO - Product: Chernobyl 01:23:40: The Incredible True Story of the World's Worst Nuclear Disaster | Price: 35.92 | Availability: In stock | Status: NO CHANGE
2026-09-02 16:34:46,607 - INFO - Product: Art and Fear: Observations on the Perils (and Rewards) of Artmaking | Price: 48.63 | Availability: In stock | Status: NO CHANGE
2026-09-02 16:34:46,769 - INFO - Product: A Shard of Ice (The Black Symphony Saga #1) | Price: 56.63 | Availability: In stock | Status: NO CHANGE
2026-09-02 16:34:46,933 - INFO - Product: A Hero's Curse (The Unseen Chronicles #1) | Price: 50.49 | Availability: In stock | Status: NO CHANGE
2026-09-02 16:34:47,148 - INFO - Product: 23 Degrees South: A Tropical Tale of Changing Whether... | Price: 35.79 | Availability: In stock | Status: NO CHANGE
2026-09-02 16:34:47,320 - INFO - Product: Zero to One: Notes on Startups, or How to Build the Future | Price: 34.06 | Availability: In stock | Status: NO CHANGE
2026-09-02 16:34:47,446 - INFO - Product: Why Not Me? | Price: 17.76 | Availability: In stock | Status: NO CHANGE
2026-09-02 16:34:47,554 - INFO - Product: When Breath Becomes Air | Price: 39.36 | Availability: In stock | Status: NO CHANGE
2026-09-02 16:34:47,698 - INFO - Product: Vagabonding: An Uncommon Guide to the Art of Long-Term World Travel | Price: 36.94 | Availability: In stock | Status: NO CHANGE
2026-09-02 16:34:47,804 - INFO - Product: The Unlikely Pilgrimage of Harold Fry (Harold Fry #1) | Price: 43.62 | Availability: In stock | Status: NO CHANGE
2026-09-02 16:34:47,947 - INFO - Product: The New Drawing on the Right Side of the Brain | Price: 43.02 | Availability: In stock | Status: NO CHANGE
2026-09-02 16:34:48,053 - INFO - Product: The Midnight Assassin: Panic, Scandal, and the Hunt for America's First Serial Killer | Price: 28.45 | Availability: In stock | Status: NO CHANGE
2026-09-02 16:34:48,178 - INFO - Product: The Martian (The Martian #1) | Price: 41.39 | Availability: In stock | Status: NO CHANGE
2026-09-02 16:34:48,361 - INFO - Product: The High Mountains of Portugal | Price: 51.15 | Availability: In stock | Status: NO CHANGE
2026-09-02 16:34:48,519 - INFO - Product: The Grownup | Price: 35.88 | Availability: In stock | Status: NO CHANGE
2026-09-02 16:34:48,638 - INFO - Product: The E-Myth Revisited: Why Most Small Businesses Don't Work and What to Do About It | Price: 36.91 | Availability: In stock | Status: NO CHANGE
2026-09-02 16:34:48,801 - INFO - Product: South of Sunshine | Price: 28.93 | Availability: In stock | Status: NO CHANGE
2026-09-02 16:34:48,940 - INFO - Product: Smarter Faster Better: The Secrets of Being Productive in Life and Business | Price: 38.89 | Availability: In stock | Status: NO CHANGE
2026-09-02 16:34:49,042 - INFO - Product: Silence in the Dark (Logan Point #4) | Price: 58.33 | Availability: In stock | Status: NO CHANGE
2026-09-02 16:34:49,150 - INFO - Product: Shadows of the Past (Logan Point #1) | Price: 39.67 | Availability: In stock | Status: NO CHANGE
2026-09-02 16:34:49,160 - INFO - Moving from page 23 to next page.
2026-09-02 16:34:54,895 - INFO - Scraping page 24
2026-09-02 16:34:55,043 - INFO - Product: Roller Girl | Price: 14.1 | Availability: In stock | Status: NO CHANGE
2026-09-02 16:34:55,173 - INFO - Product: Rising Strong | Price: 21.82 | Availability: In stock | Status: NO CHANGE
2026-09-02 16:34:55,273 - INFO - Product: Proofs of God: Classical Arguments from Tertullian to Barth | Price: 54.21 | Availability: In stock | Status: NO CHANGE
2026-09-02 16:34:55,369 - INFO - Product: Please Kill Me: The Uncensored Oral History of Punk | Price: 31.19 | Availability: In stock | Status: NO CHANGE
2026-09-02 16:34:55,474 - INFO - Product: Out of Print: City Lights Spotlight No. 14 | Price: 53.64 | Availability: In stock | Status: NO CHANGE
2026-09-02 16:34:55,600 - INFO - Product: My Life Next Door (My Life Next Door ) | Price: 36.39 | Availability: In stock | Status: NO CHANGE
2026-09-02 16:34:55,743 - INFO - Product: Miller's Valley | Price: 58.54 | Availability: In stock | Status: NO CHANGE
2026-09-02 16:34:55,835 - INFO - Product: Man's Search for Meaning | Price: 29.48 | Availability: In stock | Status: NO CHANGE
2026-09-02 16:34:55,942 - INFO - Product: Love That Boy: What Two Presidents, Eight Road Trips, and My Son Taught Me About a Parent's Expectations | Price: 25.06 | Availability: In stock | Status: NO CHANGE
2026-09-02 16:34:56,112 - INFO - Product: Living Forward: A Proven Plan to Stop Drifting and Get the Life You Want | Price: 12.55 | Availability: In stock | Status: NO CHANGE
2026-09-02 16:34:56,282 - INFO - Product: Les Fleurs du Mal | Price: 29.04 | Availability: In stock | Status: NO CHANGE
2026-09-02 16:34:56,419 - INFO - Product: Left Behind (Left Behind #1) | Price: 40.72 | Availability: In stock | Status: NO CHANGE
2026-09-02 16:34:56,530 - INFO - Product: Kill 'Em and Leave: Searching for James Brown and the American Soul | Price: 45.05 | Availability: In stock | Status: NO CHANGE
2026-09-02 16:34:56,631 - INFO - Product: Kierkegaard: A Christian Missionary to Christians | Price: 47.13 | Availability: In stock | Status: NO CHANGE
2026-09-02 16:34:56,750 - INFO - Product: John Vassos: Industrial Design for Modern Life | Price: 20.22 | Availability: In stock | Status: NO CHANGE
2026-09-02 16:34:56,876 - INFO - Product: I'll Give You the Sun | Price: 56.48 | Availability: In stock | Status: NO CHANGE
2026-09-02 16:34:57,066 - INFO - Product: I Will Find You | Price: 44.21 | Availability: In stock | Status: NO CHANGE
2026-09-02 16:34:57,208 - INFO - Product: Hystopia: A Novel | Price: 21.96 | Availability: In stock | Status: NO CHANGE
2026-09-02 16:34:57,331 - INFO - Product: Howl and Other Poems | Price: 40.45 | Availability: In stock | Status: NO CHANGE
2026-09-02 16:34:57,459 - INFO - Product: History of Beauty | Price: 10.29 | Availability: In stock | Status: NO CHANGE
2026-09-02 16:34:57,473 - INFO - Moving from page 24 to next page.
2026-09-02 16:35:01,710 - INFO - Scraping page 25
2026-09-02 16:35:01,844 - INFO - Product: Heaven is for Real: A Little Boy's Astounding Story of His Trip to Heaven and Back | Price: 52.86 | Availability: In stock | Status: NO CHANGE
2026-09-02 16:35:01,966 - INFO - Product: Future Shock (Future Shock #1) | Price: 55.65 | Availability: In stock | Status: NO CHANGE
2026-09-02 16:35:02,115 - INFO - Product: Ender's Game (The Ender Quintet #1) | Price: 43.64 | Availability: In stock | Status: NO CHANGE
2026-09-02 16:35:02,246 - INFO - Product: Diary of a Citizen Scientist: Chasing Tiger Beetles and Other New Ways of Engaging the World | Price: 28.41 | Availability: In stock | Status: NO CHANGE
2026-09-02 16:35:02,399 - INFO - Product: Death by Leisure: A Cautionary Tale | Price: 37.51 | Availability: In stock | Status: NO CHANGE
2026-09-02 16:35:02,515 - INFO - Product: Brilliant Beacons: A History of the American Lighthouse | Price: 11.45 | Availability: In stock | Status: NO CHANGE
2026-09-02 16:35:02,644 - INFO - Product: Brazen: The Courage to Find the You That's Been Hiding | Price: 19.22 | Availability: In stock | Status: NO CHANGE
2026-09-02 16:35:02,764 - INFO - Product: Between the World and Me | Price: 56.91 | Availability: In stock | Status: NO CHANGE
2026-09-02 16:35:02,919 - INFO - Product: Being Mortal: Medicine and What Matters in the End | Price: 55.06 | Availability: In stock | Status: NO CHANGE
2026-09-02 16:35:03,045 - INFO - Product: A Murder Over a Girl: Justice, Gender, Junior High | Price: 13.2 | Availability: In stock | Status: NO CHANGE
2026-09-02 16:35:03,197 - INFO - Product: 32 Yolks | Price: 53.63 | Availability: In stock | Status: NO CHANGE
2026-09-02 16:35:03,372 - INFO - Product: "Most Blessed of the Patriarchs": Thomas Jefferson and the Empire of the Imagination | Price: 44.48 | Availability: In stock | Status: NO CHANGE
2026-09-02 16:35:03,540 - INFO - Product: You Are a Badass: How to Stop Doubting Your Greatness and Start Living an Awesome Life | Price: 12.08 | Availability: In stock | Status: NO CHANGE
2026-09-02 16:35:03,682 - INFO - Product: Wildlife of New York: A Five-Borough Coloring Book | Price: 22.14 | Availability: In stock | Status: NO CHANGE
2026-09-02 16:35:03,825 - INFO - Product: What Happened on Beale Street (Secrets of the South Mysteries #2) | Price: 25.37 | Availability: In stock | Status: NO CHANGE
2026-09-02 16:35:03,985 - INFO - Product: Unreasonable Hope: Finding Faith in the God Who Brings Purpose to Your Pain | Price: 46.33 | Availability: In stock | Status: NO CHANGE
2026-09-02 16:35:04,157 - INFO - Product: Under the Tuscan Sun | Price: 37.33 | Availability: In stock | Status: NO CHANGE
2026-09-02 16:35:04,257 - INFO - Product: Toddlers Are A**holes: It's Not Your Fault | Price: 25.55 | Availability: In stock | Status: NO CHANGE
2026-09-02 16:35:04,371 - INFO - Product: The Year of Living Biblically: One Man's Humble Quest to Follow the Bible as Literally as Possible | Price: 34.72 | Availability: In stock | Status: NO CHANGE
2026-09-02 16:35:04,480 - INFO - Product: The Whale | Price: 35.96 | Availability: In stock | Status: NO CHANGE
2026-09-02 16:35:04,491 - INFO - Moving from page 25 to next page.
2026-09-02 16:35:08,309 - INFO - Scraping page 26
2026-09-02 16:35:08,424 - INFO - Product: The Story of Art | Price: 41.14 | Availability: In stock | Status: NO CHANGE
2026-09-02 16:35:08,532 - INFO - Product: The Origin of Species | Price: 10.01 | Availability: In stock | Status: NO CHANGE
2026-09-02 16:35:08,701 - INFO - Product: The Great Gatsby | Price: 36.05 | Availability: In stock | Status: NO CHANGE
2026-09-02 16:35:08,863 - INFO - Product: The Good Girl | Price: 49.03 | Availability: In stock | Status: NO CHANGE
2026-09-02 16:35:09,019 - INFO - Product: The Glass Castle | Price: 16.24 | Availability: In stock | Status: NO CHANGE
2026-09-02 16:35:09,165 - INFO - Product: The Faith of Christopher Hitchens: The Restless Soul of the World's Most Notorious Atheist | Price: 39.55 | Availability: In stock | Status: NO CHANGE
2026-09-02 16:35:09,394 - INFO - Product: The Drowning Girls | Price: 35.67 | Availability: In stock | Status: NO CHANGE
2026-09-02 16:35:09,542 - INFO - Product: The Constant Princess (The Tudor Court #1) | Price: 16.62 | Availability: In stock | Status: NO CHANGE
2026-09-02 16:35:09,677 - INFO - Product: The Bourne Identity (Jason Bourne #1) | Price: 42.78 | Availability: In stock | Status: NO CHANGE
2026-09-02 16:35:09,858 - INFO - Product: The Bachelor Girl's Guide to Murder (Herringford and Watts Mysteries #1) | Price: 52.3 | Availability: In stock | Status: NO CHANGE
2026-09-02 16:35:09,989 - INFO - Product: The Art Book | Price: 32.34 | Availability: In stock | Status: NO CHANGE
2026-09-02 16:35:10,120 - INFO - Product: The 7 Habits of Highly Effective People: Powerful Lessons in Personal Change | Price: 33.17 | Availability: In stock | Status: NO CHANGE
2026-09-02 16:35:10,258 - INFO - Product: Team of Rivals: The Political Genius of Abraham Lincoln | Price: 20.12 | Availability: In stock | Status: NO CHANGE
2026-09-02 16:35:10,371 - INFO - Product: Steal Like an Artist: 10 Things Nobody Told You About Being Creative | Price: 20.9 | Availability: In stock | Status: NO CHANGE
2026-09-02 16:35:10,473 - INFO - Product: Sit, Stay, Love | Price: 20.9 | Availability: In stock | Status: NO CHANGE
2026-09-02 16:35:10,635 - INFO - Product: Sister Dear | Price: 40.2 | Availability: In stock | Status: NO CHANGE
2026-09-02 16:35:10,759 - INFO - Product: Shrunken Treasures: Literary Classics, Short, Sweet, and Silly | Price: 52.87 | Availability: In stock | Status: NO CHANGE
2026-09-02 16:35:10,881 - INFO - Product: Rich Dad, Poor Dad | Price: 51.74 | Availability: In stock | Status: NO CHANGE
2026-09-02 16:35:10,975 - INFO - Product: Raymie Nightingale | Price: 34.41 | Availability: In stock | Status: NO CHANGE
2026-09-02 16:35:11,083 - INFO - Product: Playing from the Heart | Price: 32.38 | Availability: In stock | Status: NO CHANGE
2026-09-02 16:35:11,099 - INFO - Moving from page 26 to next page.
2026-09-02 16:35:17,788 - INFO - Scraping page 27
2026-09-02 16:35:18,010 - INFO - Product: Nightstruck: A Novel | Price: 50.35 | Availability: In stock | Status: NO CHANGE
2026-09-02 16:35:18,197 - INFO - Product: Naturally Lean: 125 Nourishing Gluten-Free, Plant-Based Recipes--All Under 300 Calories | Price: 11.38 | Availability: In stock | Status: NO CHANGE
2026-09-02 16:35:18,388 - INFO - Product: Meternity | Price: 43.58 | Availability: In stock | Status: NO CHANGE
2026-09-02 16:35:18,532 - INFO - Product: Memoirs of a Geisha | Price: 49.67 | Availability: In stock | Status: NO CHANGE
2026-09-02 16:35:18,640 - INFO - Product: Like Never Before (Walker Family #2) | Price: 28.77 | Availability: In stock | Status: NO CHANGE
2026-09-02 16:35:18,771 - INFO - Product: Life of Pi | Price: 13.22 | Availability: In stock | Status: NO CHANGE
2026-09-02 16:35:18,919 - INFO - Product: Leave This Song Behind: Teen Poetry at Its Best | Price: 51.17 | Availability: In stock | Status: NO CHANGE
2026-09-02 16:35:19,043 - INFO - Product: King's Folly (The Kinsman Chronicles #1) | Price: 39.61 | Availability: In stock | Status: NO CHANGE
2026-09-02 16:35:19,174 - INFO - Product: John Adams | Price: 57.43 | Availability: In stock | Status: NO CHANGE
2026-09-02 16:35:19,329 - INFO - Product: How to Cook Everything Vegetarian: Simple Meatless Recipes for Great Food (How to Cook Everything) | Price: 46.01 | Availability: In stock | Status: NO CHANGE
2026-09-02 16:35:19,473 - INFO - Product: How to Be a Domestic Goddess: Baking and the Art of Comfort Cooking | Price: 28.25 | Availability: In stock | Status: NO CHANGE
2026-09-02 16:35:19,624 - INFO - Product: Good in Bed (Cannie Shapiro #1) | Price: 37.05 | Availability: In stock | Status: NO CHANGE
2026-09-02 16:35:19,818 - INFO - Product: Fruits Basket, Vol. 7 (Fruits Basket #7) | Price: 19.57 | Availability: In stock | Status: NO CHANGE
2026-09-02 16:35:19,998 - INFO - Product: For the Love: Fighting for Grace in a World of Impossible Standards | Price: 45.13 | Availability: In stock | Status: NO CHANGE
2026-09-02 16:35:20,150 - INFO - Product: Finding God in the Ruins: How God Redeems Pain | Price: 46.64 | Availability: In stock | Status: NO CHANGE
2026-09-02 16:35:20,292 - INFO - Product: Every Heart a Doorway (Every Heart A Doorway #1) | Price: 12.16 | Availability: In stock | Status: NO CHANGE
2026-09-02 16:35:20,446 - INFO - Product: Delivering the Truth (Quaker Midwife Mystery #1) | Price: 20.89 | Availability: In stock | Status: NO CHANGE
2026-09-02 16:35:20,619 - INFO - Product: Counted With the Stars (Out from Egypt #1) | Price: 17.97 | Availability: In stock | Status: NO CHANGE
2026-09-02 16:35:20,781 - INFO - Product: Chronicles, Vol. 1 | Price: 52.6 | Availability: In stock | Status: NO CHANGE
2026-09-02 16:35:20,921 - INFO - Product: Blue Like Jazz: Nonreligious Thoughts on Christian Spirituality | Price: 25.77 | Availability: In stock | Status: NO CHANGE
2026-09-02 16:35:20,936 - INFO - Moving from page 27 to next page.
2026-09-02 16:35:25,099 - INFO - Scraping page 28
2026-09-02 16:35:25,227 - INFO - Product: Benjamin Franklin: An American Life | Price: 48.19 | Availability: In stock | Status: NO CHANGE
2026-09-02 16:35:25,360 - INFO - Product: At The Existentialist Café: Freedom, Being, and apricot cocktails with: Jean-Paul Sartre, Simone de Beauvoir, Albert Camus, Martin Heidegger, Edmund Husserl, Karl Jaspers, Maurice Merleau-Ponty and others | Price: 29.93 | Availability: In stock | Status: NO CHANGE
2026-09-02 16:35:25,498 - INFO - Product: A Summer In Europe | Price: 44.34 | Availability: In stock | Status: NO CHANGE
2026-09-02 16:35:25,627 - INFO - Product: A Short History of Nearly Everything | Price: 52.4 | Availability: In stock | Status: NO CHANGE
2026-09-02 16:35:25,769 - INFO - Product: A Gathering of Shadows (Shades of Magic #2) | Price: 44.81 | Availability: In stock | Status: NO CHANGE
2026-09-02 16:35:25,911 - INFO - Product: The Sound Of Love | Price: 57.84 | Availability: In stock | Status: NO CHANGE
2026-09-02 16:35:26,015 - INFO - Product: The Rise and Fall of the Third Reich: A History of Nazi Germany | Price: 39.67 | Availability: In stock | Status: NO CHANGE
2026-09-02 16:35:26,118 - INFO - Product: The Perks of Being a Wallflower | Price: 55.02 | Availability: In stock | Status: NO CHANGE
2026-09-02 16:35:26,238 - INFO - Product: The Mysterious Affair at Styles (Hercule Poirot #1) | Price: 24.8 | Availability: In stock | Status: NO CHANGE
2026-09-02 16:35:26,371 - INFO - Product: The Man Who Mistook His Wife for a Hat and Other Clinical Tales | Price: 59.45 | Availability: In stock | Status: NO CHANGE
2026-09-02 16:35:26,493 - INFO - Product: The Makings of a Fatherless Child | Price: 31.58 | Availability: In stock | Status: NO CHANGE
2026-09-02 16:35:26,587 - INFO - Product: The Joy of Cooking | Price: 43.27 | Availability: In stock | Status: NO CHANGE
2026-09-02 16:35:26,688 - INFO - Product: The Invention of Wings | Price: 37.34 | Availability: In stock | Status: NO CHANGE
2026-09-02 16:35:26,817 - INFO - Product: The Hobbit (Middle-Earth Universe) | Price: 17.8 | Availability: In stock | Status: NO CHANGE
2026-09-02 16:35:26,986 - INFO - Product: The Great Railway Bazaar | Price: 30.54 | Availability: In stock | Status: NO CHANGE
2026-09-02 16:35:27,166 - INFO - Product: The Golden Compass (His Dark Materials #1) | Price: 18.77 | Availability: In stock | Status: NO CHANGE
2026-09-02 16:35:27,349 - INFO - Product: The God Delusion | Price: 46.85 | Availability: In stock | Status: NO CHANGE
2026-09-02 16:35:27,514 - INFO - Product: The Girl You Left Behind (The Girl You Left Behind #1) | Price: 15.79 | Availability: In stock | Status: NO CHANGE
2026-09-02 16:35:27,642 - INFO - Product: The Fellowship of the Ring (The Lord of the Rings #1) | Price: 10.27 | Availability: In stock | Status: NO CHANGE
2026-09-02 16:35:27,798 - INFO - Product: The Collected Poems of W.B. Yeats (The Collected Works of W.B. Yeats #1) | Price: 15.42 | Availability: In stock | Status: NO CHANGE
2026-09-02 16:35:27,814 - INFO - Moving from page 28 to next page.
2026-09-02 16:35:33,504 - INFO - Scraping page 29
2026-09-02 16:35:33,629 - INFO - Product: The Barefoot Contessa Cookbook | Price: 59.92 | Availability: In stock | Status: NO CHANGE
2026-09-02 16:35:33,843 - INFO - Product: Tell the Wolves I'm Home | Price: 50.96 | Availability: In stock | Status: NO CHANGE
2026-09-02 16:35:33,990 - INFO - Product: Ship Leaves Harbor: Essays on Travel by a Recovering Journeyman | Price: 30.6 | Availability: In stock | Status: NO CHANGE
2026-09-02 16:35:34,089 - INFO - Product: Pride and Prejudice | Price: 19.27 | Availability: In stock | Status: NO CHANGE
2026-09-02 16:35:34,261 - INFO - Product: Musicophilia: Tales of Music and the Brain | Price: 46.58 | Availability: In stock | Status: NO CHANGE
2026-09-02 16:35:34,391 - INFO - Product: Mere Christianity | Price: 48.51 | Availability: In stock | Status: NO CHANGE
2026-09-02 16:35:34,520 - INFO - Product: Me Before You (Me Before You #1) | Price: 19.02 | Availability: In stock | Status: NO CHANGE
2026-09-02 16:35:34,633 - INFO - Product: In the Woods (Dublin Murder Squad #1) | Price: 38.38 | Availability: In stock | Status: NO CHANGE
2026-09-02 16:35:34,765 - INFO - Product: In Cold Blood | Price: 49.98 | Availability: In stock | Status: NO CHANGE
2026-09-02 16:35:34,914 - INFO - Product: How to Stop Worrying and Start Living | Price: 46.49 | Availability: In stock | Status: NO CHANGE
2026-09-02 16:35:35,065 - INFO - Product: Give It Back | Price: 18.32 | Availability: In stock | Status: NO CHANGE
2026-09-02 16:35:35,233 - INFO - Product: Girl, Interrupted | Price: 42.14 | Availability: In stock | Status: NO CHANGE
2026-09-02 16:35:35,386 - INFO - Product: Fun Home: A Family Tragicomic | Price: 56.59 | Availability: In stock | Status: NO CHANGE
2026-09-02 16:35:35,558 - INFO - Product: Fruits Basket, Vol. 6 (Fruits Basket #6) | Price: 20.96 | Availability: In stock | Status: NO CHANGE
2026-09-02 16:35:35,791 - INFO - Product: Deception Point | Price: 40.32 | Availability: In stock | Status: NO CHANGE
2026-09-02 16:35:35,961 - INFO - Product: Death Note, Vol. 6: Give-and-Take (Death Note #6) | Price: 36.39 | Availability: In stock | Status: NO CHANGE
2026-09-02 16:35:36,103 - INFO - Product: Catherine the Great: Portrait of a Woman | Price: 58.55 | Availability: In stock | Status: NO CHANGE
2026-09-02 16:35:36,234 - INFO - Product: Better Homes and Gardens New Cook Book | Price: 39.61 | Availability: In stock | Status: NO CHANGE
2026-09-02 16:35:36,341 - INFO - Product: An Unquiet Mind: A Memoir of Moods and Madness | Price: 21.3 | Availability: In stock | Status: NO CHANGE
2026-09-02 16:35:36,500 - INFO - Product: A Year in Provence (Provence #1) | Price: 56.88 | Availability: In stock | Status: NO CHANGE
2026-09-02 16:35:36,527 - INFO - Moving from page 29 to next page.
2026-09-02 16:35:41,133 - INFO - Scraping page 30
2026-09-02 16:35:41,359 - INFO - Product: World Without End (The Pillars of the Earth #2) | Price: 32.97 | Availability: In stock | Status: NO CHANGE
2026-09-02 16:35:41,544 - INFO - Product: Will Grayson, Will Grayson (Will Grayson, Will Grayson) | Price: 47.31 | Availability: In stock | Status: NO CHANGE
2026-09-02 16:35:41,671 - INFO - Product: Why Save the Bankers?: And Other Essays on Our Economic and Political Crisis | Price: 48.67 | Availability: In stock | Status: NO CHANGE
2026-09-02 16:35:41,873 - INFO - Product: Where She Went (If I Stay #2) | Price: 41.73 | Availability: In stock | Status: NO CHANGE
2026-09-02 16:35:42,028 - INFO - Product: What If?: Serious Scientific Answers to Absurd Hypothetical Questions | Price: 53.68 | Availability: In stock | Status: NO CHANGE
2026-09-02 16:35:42,176 - INFO - Product: Two Summers | Price: 14.64 | Availability: In stock | Status: NO CHANGE
2026-09-02 16:35:42,278 - INFO - Product: This Is Your Brain on Music: The Science of a Human Obsession | Price: 38.4 | Availability: In stock | Status: NO CHANGE
2026-09-02 16:35:42,395 - INFO - Product: The Secret Garden | Price: 15.08 | Availability: In stock | Status: NO CHANGE
2026-09-02 16:35:42,519 - INFO - Product: The Raven King (The Raven Cycle #4) | Price: 30.57 | Availability: In stock | Status: NO CHANGE
2026-09-02 16:35:42,677 - INFO - Product: The Raven Boys (The Raven Cycle #1) | Price: 57.74 | Availability: In stock | Status: NO CHANGE
2026-09-02 16:35:42,837 - INFO - Product: The Power Greens Cookbook: 140 Delicious Superfood Recipes | Price: 11.05 | Availability: In stock | Status: NO CHANGE
2026-09-02 16:35:42,931 - INFO - Product: The Metamorphosis | Price: 28.58 | Availability: In stock | Status: NO CHANGE
2026-09-02 16:35:43,034 - INFO - Product: The Mathews Men: Seven Brothers and the War Against Hitler's U-boats | Price: 42.91 | Availability: In stock | Status: NO CHANGE
2026-09-02 16:35:43,190 - INFO - Product: The Little Paris Bookshop | Price: 24.73 | Availability: In stock | Status: NO CHANGE
2026-09-02 16:35:43,375 - INFO - Product: The Hiding Place | Price: 55.91 | Availability: In stock | Status: NO CHANGE
2026-09-02 16:35:43,557 - INFO - Product: The Grand Design | Price: 13.76 | Availability: In stock | Status: NO CHANGE
2026-09-02 16:35:43,755 - INFO - Product: The Firm | Price: 45.56 | Availability: In stock | Status: NO CHANGE
2026-09-02 16:35:43,950 - INFO - Product: The Fault in Our Stars | Price: 47.22 | Availability: In stock | Status: NO CHANGE
2026-09-02 16:35:44,135 - INFO - Product: The False Prince (The Ascendance Trilogy #1) | Price: 56.0 | Availability: In stock | Status: NO CHANGE
2026-09-02 16:35:44,320 - INFO - Product: The Expatriates | Price: 44.58 | Availability: In stock | Status: NO CHANGE
2026-09-02 16:35:44,337 - INFO - Moving from page 30 to next page.
2026-09-02 16:35:48,654 - INFO - Scraping page 31
2026-09-02 16:35:48,827 - INFO - Product: The Dream Thieves (The Raven Cycle #2) | Price: 34.5 | Availability: In stock | Status: NO CHANGE
2026-09-02 16:35:48,962 - INFO - Product: The Darkest Corners | Price: 11.33 | Availability: In stock | Status: NO CHANGE
2026-09-02 16:35:49,095 - INFO - Product: The Crossover | Price: 38.77 | Availability: In stock | Status: NO CHANGE
2026-09-02 16:35:49,213 - INFO - Product: The 5th Wave (The 5th Wave #1) | Price: 11.83 | Availability: In stock | Status: NO CHANGE
2026-09-02 16:35:49,353 - INFO - Product: Tell the Wind and Fire | Price: 45.51 | Availability: In stock | Status: NO CHANGE
2026-09-02 16:35:49,495 - INFO - Product: Tell Me Three Things | Price: 41.81 | Availability: In stock | Status: NO CHANGE
2026-09-02 16:35:49,687 - INFO - Product: Talking to Girls About Duran Duran: One Young Man's Quest for True Love and a Cooler Haircut | Price: 25.15 | Availability: In stock | Status: NO CHANGE
2026-09-02 16:35:49,791 - INFO - Product: Siddhartha | Price: 34.22 | Availability: In stock | Status: NO CHANGE
2026-09-02 16:35:49,894 - INFO - Product: Shiver (The Wolves of Mercy Falls #1) | Price: 16.23 | Availability: In stock | Status: NO CHANGE
2026-09-02 16:35:50,047 - INFO - Product: Remember Me? | Price: 11.48 | Availability: In stock | Status: NO CHANGE
2026-09-02 16:35:50,241 - INFO - Product: Red Dragon (Hannibal Lecter #1) | Price: 23.37 | Availability: In stock | Status: NO CHANGE
2026-09-02 16:35:50,487 - INFO - Product: Peak: Secrets from the New Science of Expertise | Price: 16.28 | Availability: In stock | Status: NO CHANGE
2026-09-02 16:35:50,653 - INFO - Product: My Mother Was Nuts | Price: 31.63 | Availability: In stock | Status: NO CHANGE
2026-09-02 16:35:50,844 - INFO - Product: Mexican Today: New and Rediscovered Recipes for Contemporary Kitchens | Price: 24.91 | Availability: In stock | Status: NO CHANGE
2026-09-02 16:35:51,014 - INFO - Product: Maybe Something Beautiful: How Art Transformed a Neighborhood | Price: 22.54 | Availability: In stock | Status: NO CHANGE
2026-09-02 16:35:51,183 - INFO - Product: Lola and the Boy Next Door (Anna and the French Kiss #2) | Price: 23.63 | Availability: In stock | Status: NO CHANGE
2026-09-02 16:35:51,360 - INFO - Product: Logan Kade (Fallen Crest High #5.5) | Price: 13.12 | Availability: In stock | Status: NO CHANGE
2026-09-02 16:35:51,485 - INFO - Product: Last One Home (New Beginnings #1) | Price: 59.98 | Availability: In stock | Status: NO CHANGE
2026-09-02 16:35:51,632 - INFO - Product: Killing Floor (Jack Reacher #1) | Price: 31.49 | Availability: In stock | Status: NO CHANGE
2026-09-02 16:35:51,824 - INFO - Product: Kill the Boy Band | Price: 15.52 | Availability: In stock | Status: NO CHANGE
2026-09-02 16:35:51,838 - INFO - Moving from page 31 to next page.
2026-09-02 16:35:56,759 - INFO - Scraping page 32
2026-09-02 16:35:57,004 - INFO - Product: Isla and the Happily Ever After (Anna and the French Kiss #3) | Price: 48.13 | Availability: In stock | Status: NO CHANGE
2026-09-02 16:35:57,193 - INFO - Product: If I Stay (If I Stay #1) | Price: 38.13 | Availability: In stock | Status: NO CHANGE
2026-09-02 16:35:57,418 - INFO - Product: I Know Why the Caged Bird Sings (Maya Angelou's Autobiography #1) | Price: 36.55 | Availability: In stock | Status: NO CHANGE
2026-09-02 16:35:57,558 - INFO - Product: Harry Potter and the Deathly Hallows (Harry Potter #7) | Price: 23.32 | Availability: In stock | Status: NO CHANGE
2026-09-02 16:35:57,707 - INFO - Product: Fruits Basket, Vol. 5 (Fruits Basket #5) | Price: 16.33 | Availability: In stock | Status: NO CHANGE
2026-09-02 16:35:57,948 - INFO - Product: Foundation (Foundation (Publication Order) #1) | Price: 32.42 | Availability: In stock | Status: NO CHANGE
2026-09-02 16:35:58,079 - INFO - Product: Fool Me Once | Price: 16.96 | Availability: In stock | Status: NO CHANGE
2026-09-02 16:35:58,239 - INFO - Product: Find Her (Detective D.D. Warren #8) | Price: 22.37 | Availability: In stock | Status: NO CHANGE
2026-09-02 16:35:58,360 - INFO - Product: Evicted: Poverty and Profit in the American City | Price: 42.27 | Availability: In stock | Status: NO CHANGE
2026-09-02 16:35:58,517 - INFO - Product: Drama | Price: 38.7 | Availability: In stock | Status: NO CHANGE
2026-09-02 16:35:58,645 - INFO - Product: Dracula the Un-Dead | Price: 35.63 | Availability: In stock | Status: NO CHANGE
2026-09-02 16:35:58,784 - INFO - Product: Digital Fortress | Price: 58.0 | Availability: In stock | Status: NO CHANGE
2026-09-02 16:35:58,913 - INFO - Product: Death Note, Vol. 5: Whiteout (Death Note #5) | Price: 52.41 | Availability: In stock | Status: NO CHANGE
2026-09-02 16:35:59,074 - INFO - Product: Data, A Love Story: How I Gamed Online Dating to Meet My Match | Price: 32.35 | Availability: In stock | Status: NO CHANGE
2026-09-02 16:35:59,179 - INFO - Product: Critique of Pure Reason | Price: 20.75 | Availability: In stock | Status: NO CHANGE
2026-09-02 16:35:59,295 - INFO - Product: Booked | Price: 17.49 | Availability: In stock | Status: NO CHANGE
2026-09-02 16:35:59,443 - INFO - Product: Blue Lily, Lily Blue (The Raven Cycle #3) | Price: 34.13 | Availability: In stock | Status: NO CHANGE
2026-09-02 16:35:59,609 - INFO - Product: Approval Junkie: Adventures in Caring Too Much | Price: 58.81 | Availability: In stock | Status: NO CHANGE
2026-09-02 16:35:59,717 - INFO - Product: An Abundance of Katherines | Price: 10.0 | Availability: In stock | Status: NO CHANGE
2026-09-02 16:35:59,832 - INFO - Product: America's War for the Greater Middle East: A Military History | Price: 51.22 | Availability: In stock | Status: NO CHANGE
2026-09-02 16:35:59,843 - INFO - Moving from page 32 to next page.
2026-09-02 16:36:04,415 - INFO - Scraping page 33
2026-09-02 16:36:04,635 - INFO - Product: Alight (The Generations Trilogy #2) | Price: 58.59 | Availability: In stock | Status: NO CHANGE
2026-09-02 16:36:04,746 - INFO - Product: A Girl's Guide to Moving On (New Beginnings #2) | Price: 31.3 | Availability: In stock | Status: NO CHANGE
2026-09-02 16:36:04,870 - INFO - Product: A Game of Thrones (A Song of Ice and Fire #1) | Price: 46.42 | Availability: In stock | Status: NO CHANGE
2026-09-02 16:36:05,038 - INFO - Product: A Feast for Crows (A Song of Ice and Fire #4) | Price: 17.21 | Availability: In stock | Status: NO CHANGE
2026-09-02 16:36:05,223 - INFO - Product: A Clash of Kings (A Song of Ice and Fire #2) | Price: 10.79 | Availability: In stock | Status: NO CHANGE
2026-09-02 16:36:05,342 - INFO - Product: Vogue Colors A to Z: A Fashion Coloring Book | Price: 52.35 | Availability: In stock | Status: NO CHANGE
2026-09-02 16:36:05,521 - INFO - Product: The Shining (The Shining #1) | Price: 27.88 | Availability: In stock | Status: NO CHANGE
2026-09-02 16:36:05,707 - INFO - Product: The Pilgrim's Progress | Price: 50.26 | Availability: In stock | Status: NO CHANGE
2026-09-02 16:36:05,824 - INFO - Product: The Perfect Play (Play by Play #1) | Price: 59.99 | Availability: In stock | Status: NO CHANGE
2026-09-02 16:36:05,987 - INFO - Product: The Passion of Dolssa | Price: 28.32 | Availability: In stock | Status: NO CHANGE
2026-09-02 16:36:06,171 - INFO - Product: The Jazz of Physics: The Secret Link Between Music and the Structure of the Universe | Price: 38.71 | Availability: In stock | Status: NO CHANGE
2026-09-02 16:36:06,300 - INFO - Product: The Hunger Games (The Hunger Games #1) | Price: 29.85 | Availability: In stock | Status: NO CHANGE
2026-09-02 16:36:06,471 - INFO - Product: The Hound of the Baskervilles (Sherlock Holmes #5) | Price: 14.82 | Availability: In stock | Status: NO CHANGE
2026-09-02 16:36:06,608 - INFO - Product: The Gunning of America: Business and the Making of American Gun Culture | Price: 16.81 | Availability: In stock | Status: NO CHANGE
2026-09-02 16:36:06,747 - INFO - Product: The Geography of Bliss: One Grump's Search for the Happiest Places in the World | Price: 28.23 | Availability: In stock | Status: NO CHANGE
2026-09-02 16:36:06,866 - INFO - Product: The Demonists (Demonist #1) | Price: 52.11 | Availability: In stock | Status: NO CHANGE
2026-09-02 16:36:07,101 - INFO - Product: The Demon Prince of Momochi House, Vol. 4 (The Demon Prince of Momochi House #4) | Price: 27.88 | Availability: In stock | Status: NO CHANGE
2026-09-02 16:36:07,278 - INFO - Product: The Bone Hunters (Lexy Vaughan & Steven Macaulay #2) | Price: 59.71 | Availability: In stock | Status: NO CHANGE
2026-09-02 16:36:07,412 - INFO - Product: The Beast (Black Dagger Brotherhood #14) | Price: 46.08 | Availability: In stock | Status: NO CHANGE
2026-09-02 16:36:07,586 - INFO - Product: Some Women | Price: 13.73 | Availability: In stock | Status: NO CHANGE
2026-09-02 16:36:07,605 - INFO - Moving from page 33 to next page.
2026-09-02 16:36:11,815 - INFO - Scraping page 34
2026-09-02 16:36:12,011 - INFO - Product: Shopaholic Ties the Knot (Shopaholic #3) | Price: 48.39 | Availability: In stock | Status: NO CHANGE
2026-09-02 16:36:12,143 - INFO - Product: Paper and Fire (The Great Library #2) | Price: 49.45 | Availability: In stock | Status: NO CHANGE
2026-09-02 16:36:12,295 - INFO - Product: Outlander (Outlander #1) | Price: 19.67 | Availability: In stock | Status: NO CHANGE
2026-09-02 16:36:12,491 - INFO - Product: Orchestra of Exiles: The Story of Bronislaw Huberman, the Israel Philharmonic, and the One Thousand Jews He Saved from Nazi Horrors | Price: 12.36 | Availability: In stock | Status: NO CHANGE
2026-09-02 16:36:12,652 - INFO - Product: No One Here Gets Out Alive | Price: 20.02 | Availability: In stock | Status: NO CHANGE
2026-09-02 16:36:12,791 - INFO - Product: Night Shift (Night Shift #1-20) | Price: 12.75 | Availability: In stock | Status: NO CHANGE
2026-09-02 16:36:12,917 - INFO - Product: Needful Things | Price: 47.51 | Availability: In stock | Status: NO CHANGE
2026-09-02 16:36:13,055 - INFO - Product: Mockingjay (The Hunger Games #3) | Price: 20.44 | Availability: In stock | Status: NO CHANGE
2026-09-02 16:36:13,203 - INFO - Product: Misery | Price: 34.79 | Availability: In stock | Status: NO CHANGE
2026-09-02 16:36:13,377 - INFO - Product: Little Women (Little Women #1) | Price: 28.07 | Availability: In stock | Status: NO CHANGE
2026-09-02 16:36:13,526 - INFO - Product: It | Price: 25.01 | Availability: In stock | Status: NO CHANGE
2026-09-02 16:36:13,687 - INFO - Product: Harry Potter and the Sorcerer's Stone (Harry Potter #1) | Price: 13.9 | Availability: In stock | Status: NO CHANGE
2026-09-02 16:36:13,813 - INFO - Product: Harry Potter and the Prisoner of Azkaban (Harry Potter #3) | Price: 24.17 | Availability: In stock | Status: NO CHANGE
2026-09-02 16:36:13,925 - INFO - Product: Harry Potter and the Order of the Phoenix (Harry Potter #5) | Price: 31.63 | Availability: In stock | Status: NO CHANGE
2026-09-02 16:36:14,035 - INFO - Product: Harry Potter and the Half-Blood Prince (Harry Potter #6) | Price: 48.75 | Availability: In stock | Status: NO CHANGE
2026-09-02 16:36:14,145 - INFO - Product: Harry Potter and the Chamber of Secrets (Harry Potter #2) | Price: 14.74 | Availability: In stock | Status: NO CHANGE
2026-09-02 16:36:14,288 - INFO - Product: Gone with the Wind | Price: 32.49 | Availability: In stock | Status: NO CHANGE
2026-09-02 16:36:14,439 - INFO - Product: God Is Not Great: How Religion Poisons Everything | Price: 27.8 | Availability: In stock | Status: NO CHANGE
2026-09-02 16:36:14,547 - INFO - Product: Girl With a Pearl Earring | Price: 26.77 | Availability: In stock | Status: NO CHANGE
2026-09-02 16:36:14,667 - INFO - Product: Fruits Basket, Vol. 4 (Fruits Basket #4) | Price: 50.44 | Availability: In stock | Status: NO CHANGE
2026-09-02 16:36:14,680 - INFO - Moving from page 34 to next page.
2026-09-02 16:36:19,592 - INFO - Scraping page 35
2026-09-02 16:36:19,740 - INFO - Product: Far From True (Promise Falls Trilogy #2) | Price: 34.93 | Availability: In stock | Status: NO CHANGE
2026-09-02 16:36:19,861 - INFO - Product: Dark Lover (Black Dagger Brotherhood #1) | Price: 12.87 | Availability: In stock | Status: NO CHANGE
2026-09-02 16:36:20,001 - INFO - Product: Confessions of a Shopaholic (Shopaholic #1) | Price: 48.94 | Availability: In stock | Status: NO CHANGE
2026-09-02 16:36:20,152 - INFO - Product: Changing the Game (Play by Play #2) | Price: 13.38 | Availability: In stock | Status: NO CHANGE
2026-09-02 16:36:20,337 - INFO - Product: Candide | Price: 58.63 | Availability: In stock | Status: NO CHANGE
2026-09-02 16:36:20,542 - INFO - Product: Can You Keep a Secret? | Price: 21.94 | Availability: In stock | Status: NO CHANGE
2026-09-02 16:36:20,734 - INFO - Product: Atlas Shrugged | Price: 26.58 | Availability: In stock | Status: NO CHANGE
2026-09-02 16:36:20,837 - INFO - Product: Animal Farm | Price: 57.22 | Availability: In stock | Status: NO CHANGE
2026-09-02 16:36:21,006 - INFO - Product: A Walk to Remember | Price: 56.43 | Availability: In stock | Status: NO CHANGE
2026-09-02 16:36:21,167 - INFO - Product: A New Earth: Awakening to Your Life's Purpose | Price: 55.65 | Availability: In stock | Status: NO CHANGE
2026-09-02 16:36:21,334 - INFO - Product: A History of God: The 4,000-Year Quest of Judaism, Christianity, and Islam | Price: 27.62 | Availability: In stock | Status: NO CHANGE
2026-09-02 16:36:21,509 - INFO - Product: 'Salem's Lot | Price: 49.56 | Availability: In stock | Status: NO CHANGE
2026-09-02 16:36:21,651 - INFO - Product: Zero History (Blue Ant #3) | Price: 34.77 | Availability: In stock | Status: NO CHANGE
2026-09-02 16:36:21,862 - INFO - Product: Wuthering Heights | Price: 17.73 | Availability: In stock | Status: NO CHANGE
2026-09-02 16:36:22,012 - INFO - Product: World War Z: An Oral History of the Zombie War | Price: 21.8 | Availability: In stock | Status: NO CHANGE
2026-09-02 16:36:22,182 - INFO - Product: Wild: From Lost to Found on the Pacific Crest Trail | Price: 46.02 | Availability: In stock | Status: NO CHANGE
2026-09-02 16:36:22,316 - INFO - Product: Where'd You Go, Bernadette | Price: 18.13 | Availability: In stock | Status: NO CHANGE
2026-09-02 16:36:22,491 - INFO - Product: When You Are Engulfed in Flames | Price: 30.89 | Availability: In stock | Status: NO CHANGE
2026-09-02 16:36:22,667 - INFO - Product: We the People: The Modern-Day Figures Who Have Reshaped and Affirmed the Founding Fathers' Vision of America | Price: 31.95 | Availability: In stock | Status: NO CHANGE
2026-09-02 16:36:22,834 - INFO - Product: We Are All Completely Beside Ourselves | Price: 24.04 | Availability: In stock | Status: NO CHANGE
2026-09-02 16:36:22,863 - INFO - Moving from page 35 to next page.
2026-09-02 16:36:32,069 - INFO - Scraping page 36
2026-09-02 16:36:32,229 - INFO - Product: Walk the Edge (Thunder Road #2) | Price: 32.36 | Availability: In stock | Status: NO CHANGE
2026-09-02 16:36:32,353 - INFO - Product: Voyager (Outlander #3) | Price: 21.07 | Availability: In stock | Status: NO CHANGE
2026-09-02 16:36:32,521 - INFO - Product: Very Good Lives: The Fringe Benefits of Failure and the Importance of Imagination | Price: 50.66 | Availability: In stock | Status: NO CHANGE
2026-09-02 16:36:32,675 - INFO - Product: Vegan Vegetarian Omnivore: Dinner for Everyone at the Table | Price: 13.66 | Availability: In stock | Status: NO CHANGE
2026-09-02 16:36:32,876 - INFO - Product: Unstuffed: Decluttering Your Home, Mind, and Soul | Price: 58.09 | Availability: In stock | Status: NO CHANGE
2026-09-02 16:36:33,039 - INFO - Product: Under the Banner of Heaven: A Story of Violent Faith | Price: 30.0 | Availability: In stock | Status: NO CHANGE
2026-09-02 16:36:33,151 - INFO - Product: Two Boys Kissing | Price: 32.74 | Availability: In stock | Status: NO CHANGE
2026-09-02 16:36:33,265 - INFO - Product: Twilight (Twilight #1) | Price: 41.93 | Availability: In stock | Status: NO CHANGE
2026-09-02 16:36:33,394 - INFO - Product: Twenties Girl | Price: 42.8 | Availability: In stock | Status: NO CHANGE
2026-09-02 16:36:33,525 - INFO - Product: Trespassing Across America: One Man's Epic, Never-Done-Before (and Sort of Illegal) Hike Across the Heartland | Price: 53.51 | Availability: In stock | Status: NO CHANGE
2026-09-02 16:36:33,699 - INFO - Product: Three-Martini Lunch | Price: 23.21 | Availability: In stock | Status: NO CHANGE
2026-09-02 16:36:33,806 - INFO - Product: Thinking, Fast and Slow | Price: 21.14 | Availability: In stock | Status: NO CHANGE
2026-09-02 16:36:33,961 - INFO - Product: The Wild Robot | Price: 56.07 | Availability: In stock | Status: NO CHANGE
2026-09-02 16:36:34,117 - INFO - Product: The Wicked + The Divine, Vol. 3: Commercial Suicide (The Wicked + The Divine) | Price: 14.41 | Availability: In stock | Status: NO CHANGE
2026-09-02 16:36:34,244 - INFO - Product: The Undomestic Goddess | Price: 45.75 | Availability: In stock | Status: NO CHANGE
2026-09-02 16:36:34,342 - INFO - Product: The Travelers | Price: 15.77 | Availability: In stock | Status: NO CHANGE
2026-09-02 16:36:34,491 - INFO - Product: The Tipping Point: How Little Things Can Make a Big Difference | Price: 10.02 | Availability: In stock | Status: NO CHANGE
2026-09-02 16:36:34,629 - INFO - Product: The Thing About Jellyfish | Price: 48.77 | Availability: In stock | Status: NO CHANGE
2026-09-02 16:36:34,755 - INFO - Product: The Stand | Price: 57.86 | Availability: In stock | Status: NO CHANGE
2026-09-02 16:36:34,880 - INFO - Product: The Smitten Kitchen Cookbook | Price: 23.59 | Availability: In stock | Status: NO CHANGE
2026-09-02 16:36:34,894 - INFO - Moving from page 36 to next page.
2026-09-02 16:36:42,415 - INFO - Scraping page 37
2026-09-02 16:36:44,607 - INFO - Browser and database closed.
