ID,Product Name,Price,Availability,Rating,Product URL,Scraped At
1,A Light in the Attic,51.77,In stock,star-rating Three,https://books.toscrape.com/catalogue/a-light-in-the-attic_1000/index.html,2026-09-02T15:51:04.359689
2,Tipping the Velvet,53.74,In stock,star-rating One,https://books.toscrape.com/catalogue/tipping-the-velvet_999/index.html,2026-09-02T15:51:04.511851
3,Soumission,50.1,In stock,star-rating One,https://books.toscrape.com/catalogue/soumission_998/index.html,2026-09-02T15:51:04.629838
4,Sharp Objects,47.82,In stock,star-rating Four,https://books.toscrape.com/catalogue/sharp-objects_997/index.html,2026-09-02T15:51:04.783145
5,Sapiens: A Brief History of Humankind,54.23,In stock,star-rating Five,https://books.toscrape.com/catalogue/sapiens-a-brief-history-of-humankind_996/index.html,2026-09-02T15:51:04.911174
6,The Requiem Red,22.65,In stock,star-rating One,https://books.toscrape.com/catalogue/the-requiem-red_995/index.html,2026-09-02T15:51:05.058832
7,The Dirty Little Secrets of Getting Your Dream Job,33.34,In stock,star-rating Four,https://books.toscrape.com/catalogue/the-dirty-little-secrets-of-getting-your-dream-job_994/index.html,2026-09-02T15:51:05.186766
8,"The Coming Woman: A Novel Based on the Life of the Infamous Feminist, Victoria Woodhull",17.93,In stock,star-rating Three,https://books.toscrape.com/catalogue/the-coming-woman-a-novel-based-on-the-life-of-the-infamous-feminist-victoria-woodhull_993/index.html,2026-09-02T15:51:05.316778
9,The Boys in the Boat: Nine Americans and Their Epic Quest for Gold at the 1936 Berlin Olympics,22.6,In stock,star-rating Four,https://books.toscrape.com/catalogue/the-boys-in-the-boat-nine-americans-and-their-epic-quest-for-gold-at-the-1936-berlin-olympics_992/index.html,2026-09-02T15:51:05.424880
10,The Black Maria,52.15,In stock,star-rating One,https://books.toscrape.com/catalogue/the-black-maria_991/index.html,2026-09-02T15:51:05.517628
11,"Starving Hearts (Triangular Trade Trilogy, #1)",13.99,In stock,star-rating Two,https://books.toscrape.com/catalogue/starving-hearts-triangular-trade-trilogy-1_990/index.html,2026-09-02T15:51:05.610469
12,Shakespeare's Sonnets,20.66,In stock,star-rating Four,https://books.toscrape.com/catalogue/shakespeares-sonnets_989/index.html,2026-09-02T15:51:05.699871
13,Set Me Free,17.46,In stock,star-rating Five,https://books.toscrape.com/catalogue/set-me-free_988/index.html,2026-09-02T15:51:05.806011
14,Scott Pilgrim's Precious Little Life (Scott Pilgrim #1),52.29,In stock,star-rating Five,https://books.toscrape.com/catalogue/scott-pilgrims-precious-little-life-scott-pilgrim-1_987/index.html,2026-09-02T15:51:05.907207
15,Rip it Up and Start Again,35.02,In stock,star-rating Five,https://books.toscrape.com/catalogue/rip-it-up-and-start-again_986/index.html,2026-09-02T15:51:06.023749
16,"Our Band Could Be Your Life: Scenes from the American Indie Underground, 1981-1991",57.25,In stock,star-rating Three,https://books.toscrape.com/catalogue/our-band-could-be-your-life-scenes-from-the-american-indie-underground-1981-1991_985/index.html,2026-09-02T15:51:06.138915
17,Olio,23.88,In stock,star-rating One,https://books.toscrape.com/catalogue/olio_984/index.html,2026-09-02T15:51:06.265415
18,Mesaerion: The Best Science Fiction Stories 1800-1849,37.59,In stock,star-rating One,https://books.toscrape.com/catalogue/mesaerion-the-best-science-fiction-stories-1800-1849_983/index.html,2026-09-02T15:51:06.371289
19,Libertarianism for Beginners,51.33,In stock,star-rating Two,https://books.toscrape.com/catalogue/libertarianism-for-beginners_982/index.html,2026-09-02T15:51:06.485125
20,It's Only the Himalayas,45.17,In stock,star-rating Two,https://books.toscrape.com/catalogue/its-only-the-himalayas_981/index.html,2026-09-02T15:51:06.613110
21,A Light in the Attic,51.77,In stock,star-rating Three,https://books.toscrape.com/catalogue/a-light-in-the-attic_1000/index.html,2026-09-02T15:52:58.138241
22,Tipping the Velvet,53.74,In stock,star-rating One,https://books.toscrape.com/catalogue/tipping-the-velvet_999/index.html,2026-09-02T15:52:58.278441
23,Soumission,50.1,In stock,star-rating One,https://books.toscrape.com/catalogue/soumission_998/index.html,2026-09-02T15:52:58.373064
24,Sharp Objects,47.82,In stock,star-rating Four,https://books.toscrape.com/catalogue/sharp-objects_997/index.html,2026-09-02T15:52:58.493849
25,Sapiens: A Brief History of Humankind,54.23,In stock,star-rating Five,https://books.toscrape.com/catalogue/sapiens-a-brief-history-of-humankind_996/index.html,2026-09-02T15:52:58.634649
26,The Requiem Red,22.65,In stock,star-rating One,https://books.toscrape.com/catalogue/the-requiem-red_995/index.html,2026-09-02T15:52:58.800863
27,The Dirty Little Secrets of Getting Your Dream Job,33.34,In stock,star-rating Four,https://books.toscrape.com/catalogue/the-dirty-little-secrets-of-getting-your-dream-job_994/index.html,2026-09-02T15:52:58.901692
28,"The Coming Woman: A Novel Based on the Life of the Infamous Feminist, Victoria Woodhull",17.93,In stock,star-rating Three,https://books.toscrape.com/catalogue/the-coming-woman-a-novel-based-on-the-life-of-the-infamous-feminist-victoria-woodhull_993/index.html,2026-09-02T15:52:59.026874
29,The Boys in the Boat: Nine Americans and Their Epic Quest for Gold at the 1936 Berlin Olympics,22.6,In stock,star-rating Four,https://books.toscrape.com/catalogue/the-boys-in-the-boat-nine-americans-and-their-epic-quest-for-gold-at-the-1936-berlin-olympics_992/index.html,2026-09-02T15:52:59.139398
30,The Black Maria,52.15,In stock,star-rating One,https://books.toscrape.com/catalogue/the-black-maria_991/index.html,2026-09-02T15:52:59.239873
31,"Starving Hearts (Triangular Trade Trilogy, #1)",13.99,In stock,star-rating Two,https://books.toscrape.com/catalogue/starving-hearts-triangular-trade-trilogy-1_990/index.html,2026-09-02T15:52:59.371080
32,Shakespeare's Sonnets,20.66,In stock,star-rating Four,https://books.toscrape.com/catalogue/shakespeares-sonnets_989/index.html,2026-09-02T15:52:59.511547
33,Set Me Free,17.46,In stock,star-rating Five,https://books.toscrape.com/catalogue/set-me-free_988/index.html,2026-09-02T15:52:59.606101
34,Scott Pilgrim's Precious Little Life (Scott Pilgrim #1),52.29,In stock,star-rating Five,https://books.toscrape.com/catalogue/scott-pilgrims-precious-little-life-scott-pilgrim-1_987/index.html,2026-09-02T15:52:59.773241
35,Rip it Up and Start Again,35.02,In stock,star-rating Five,https://books.toscrape.com/catalogue/rip-it-up-and-start-again_986/index.html,2026-09-02T15:52:59.859587
36,"Our Band Could Be Your Life: Scenes from the American Indie Underground, 1981-1991",57.25,In stock,star-rating Three,https://books.toscrape.com/catalogue/our-band-could-be-your-life-scenes-from-the-american-indie-underground-1981-1991_985/index.html,2026-09-02T15:53:00.002845
37,Olio,23.88,In stock,star-rating One,https://books.toscrape.com/catalogue/olio_984/index.html,2026-09-02T15:53:00.093025
38,Mesaerion: The Best Science Fiction Stories 1800-1849,37.59,In stock,star-rating One,https://books.toscrape.com/catalogue/mesaerion-the-best-science-fiction-stories-1800-1849_983/index.html,2026-09-02T15:53:00.180359
39,Libertarianism for Beginners,51.33,In stock,star-rating Two,https://books.toscrape.com/catalogue/libertarianism-for-beginners_982/index.html,2026-09-02T15:53:00.270725
40,It's Only the Himalayas,45.17,In stock,star-rating Two,https://books.toscrape.com/catalogue/its-only-the-himalayas_981/index.html,2026-09-02T15:53:00.369740
41,A Light in the Attic,51.77,In stock,star-rating Three,https://books.toscrape.com/catalogue/a-light-in-the-attic_1000/index.html,2026-09-02T15:54:36.043365
42,Tipping the Velvet,53.74,In stock,star-rating One,https://books.toscrape.com/catalogue/tipping-the-velvet_999/index.html,2026-09-02T15:54:36.168447
43,Soumission,50.1,In stock,star-rating One,https://books.toscrape.com/catalogue/soumission_998/index.html,2026-09-02T15:54:36.329033
44,Sharp Objects,47.82,In stock,star-rating Four,https://books.toscrape.com/catalogue/sharp-objects_997/index.html,2026-09-02T15:54:36.446963
45,Sapiens: A Brief History of Humankind,54.23,In stock,star-rating Five,https://books.toscrape.com/catalogue/sapiens-a-brief-history-of-humankind_996/index.html,2026-09-02T15:54:36.540150
46,The Requiem Red,22.65,In stock,star-rating One,https://books.toscrape.com/catalogue/the-requiem-red_995/index.html,2026-09-02T15:54:36.659489
47,The Dirty Little Secrets of Getting Your Dream Job,33.34,In stock,star-rating Four,https://books.toscrape.com/catalogue/the-dirty-little-secrets-of-getting-your-dream-job_994/index.html,2026-09-02T15:54:36.792508
48,"The Coming Woman: A Novel Based on the Life of the Infamous Feminist, Victoria Woodhull",17.93,In stock,star-rating Three,https://books.toscrape.com/catalogue/the-coming-woman-a-novel-based-on-the-life-of-the-infamous-feminist-victoria-woodhull_993/index.html,2026-09-02T15:54:36.898202
49,The Boys in the Boat: Nine Americans and Their Epic Quest for Gold at the 1936 Berlin Olympics,22.6,In stock,star-rating Four,https://books.toscrape.com/catalogue/the-boys-in-the-boat-nine-americans-and-their-epic-quest-for-gold-at-the-1936-berlin-olympics_992/index.html,2026-09-02T15:54:37.020419
50,The Black Maria,52.15,In stock,star-rating One,https://books.toscrape.com/catalogue/the-black-maria_991/index.html,2026-09-02T15:54:37.110860
51,"Starving Hearts (Triangular Trade Trilogy, #1)",13.99,In stock,star-rating Two,https://books.toscrape.com/catalogue/starving-hearts-triangular-trade-trilogy-1_990/index.html,2026-09-02T15:54:37.222797
52,Shakespeare's Sonnets,20.66,In stock,star-rating Four,https://books.toscrape.com/catalogue/shakespeares-sonnets_989/index.html,2026-09-02T15:54:37.346916
53,Set Me Free,17.46,In stock,star-rating Five,https://books.toscrape.com/catalogue/set-me-free_988/index.html,2026-09-02T15:54:37.490330
54,Scott Pilgrim's Precious Little Life (Scott Pilgrim #1),52.29,In stock,star-rating Five,https://books.toscrape.com/catalogue/scott-pilgrims-precious-little-life-scott-pilgrim-1_987/index.html,2026-09-02T15:54:37.630800
55,Rip it Up and Start Again,35.02,In stock,star-rating Five,https://books.toscrape.com/catalogue/rip-it-up-and-start-again_986/index.html,2026-09-02T15:54:37.820766
56,"Our Band Could Be Your Life: Scenes from the American Indie Underground, 1981-1991",57.25,In stock,star-rating Three,https://books.toscrape.com/catalogue/our-band-could-be-your-life-scenes-from-the-american-indie-underground-1981-1991_985/index.html,2026-09-02T15:54:38.045912
57,Olio,23.88,In stock,star-rating One,https://books.toscrape.com/catalogue/olio_984/index.html,2026-09-02T15:54:38.236111
58,Mesaerion: The Best Science Fiction Stories 1800-1849,37.59,In stock,star-rating One,https://books.toscrape.com/catalogue/mesaerion-the-best-science-fiction-stories-1800-1849_983/index.html,2026-09-02T15:54:38.384559
59,Libertarianism for Beginners,51.33,In stock,star-rating Two,https://books.toscrape.com/catalogue/libertarianism-for-beginners_982/index.html,2026-09-02T15:54:38.564138
60,It's Only the Himalayas,45.17,In stock,star-rating Two,https://books.toscrape.com/catalogue/its-only-the-himalayas_981/index.html,2026-09-02T15:54:38.700949
61,In Her Wake,12.84,In stock,star-rating One,https://books.toscrape.com/catalogue/in-her-wake_980/index.html,2026-09-02T15:54:44.273601
62,How Music Works,37.32,In stock,star-rating Two,https://books.toscrape.com/catalogue/how-music-works_979/index.html,2026-09-02T15:54:44.459726
63,"Foolproof Preserving: A Guide to Small Batch Jams, Jellies, Pickles, Condiments, and More: A Foolproof Guide to Making Small Batch Jams, Jellies, Pickles, Condiments, and More",30.52,In stock,star-rating Three,https://books.toscrape.com/catalogue/foolproof-preserving-a-guide-to-small-batch-jams-jellies-pickles-condiments-and-more-a-foolproof-guide-to-making-small-batch-jams-jellies-pickles-condiments-and-more_978/index.html,2026-09-02T15:54:44.650423
64,Chase Me (Paris Nights #2),25.27,In stock,star-rating Five,https://books.toscrape.com/catalogue/chase-me-paris-nights-2_977/index.html,2026-09-02T15:54:44.793386
65,Black Dust,34.53,In stock,star-rating Five,https://books.toscrape.com/catalogue/black-dust_976/index.html,2026-09-02T15:54:44.984270
66,Birdsong: A Story in Pictures,54.64,In stock,star-rating Three,https://books.toscrape.com/catalogue/birdsong-a-story-in-pictures_975/index.html,2026-09-02T15:54:45.176044
67,America's Cradle of Quarterbacks: Western Pennsylvania's Football Factory from Johnny Unitas to Joe Montana,22.5,In stock,star-rating Three,https://books.toscrape.com/catalogue/americas-cradle-of-quarterbacks-western-pennsylvanias-football-factory-from-johnny-unitas-to-joe-montana_974/index.html,2026-09-02T15:54:45.305722
68,Aladdin and His Wonderful Lamp,53.13,In stock,star-rating Three,https://books.toscrape.com/catalogue/aladdin-and-his-wonderful-lamp_973/index.html,2026-09-02T15:54:45.456928
69,Worlds Elsewhere: Journeys Around Shakespeare’s Globe,40.3,In stock,star-rating Five,https://books.toscrape.com/catalogue/worlds-elsewhere-journeys-around-shakespeares-globe_972/index.html,2026-09-02T15:54:45.636299
70,Wall and Piece,44.18,In stock,star-rating Four,https://books.toscrape.com/catalogue/wall-and-piece_971/index.html,2026-09-02T15:54:45.829678
71,The Four Agreements: A Practical Guide to Personal Freedom,17.66,In stock,star-rating Five,https://books.toscrape.com/catalogue/the-four-agreements-a-practical-guide-to-personal-freedom_970/index.html,2026-09-02T15:54:46.029821
72,The Five Love Languages: How to Express Heartfelt Commitment to Your Mate,31.05,In stock,star-rating Three,https://books.toscrape.com/catalogue/the-five-love-languages-how-to-express-heartfelt-commitment-to-your-mate_969/index.html,2026-09-02T15:54:46.287453
73,The Elephant Tree,23.82,In stock,star-rating Five,https://books.toscrape.com/catalogue/the-elephant-tree_968/index.html,2026-09-02T15:54:46.531087
74,The Bear and the Piano,36.89,In stock,star-rating One,https://books.toscrape.com/catalogue/the-bear-and-the-piano_967/index.html,2026-09-02T15:54:46.789092
75,Sophie's World,15.94,In stock,star-rating Five,https://books.toscrape.com/catalogue/sophies-world_966/index.html,2026-09-02T15:54:46.965187
76,Penny Maybe,33.29,In stock,star-rating Three,https://books.toscrape.com/catalogue/penny-maybe_965/index.html,2026-09-02T15:54:47.127091
77,Maude (1883-1993):She Grew Up with the country,18.02,In stock,star-rating Two,https://books.toscrape.com/catalogue/maude-1883-1993she-grew-up-with-the-country_964/index.html,2026-09-02T15:54:47.276367
78,"In a Dark, Dark Wood",19.63,In stock,star-rating One,https://books.toscrape.com/catalogue/in-a-dark-dark-wood_963/index.html,2026-09-02T15:54:47.467881
79,Behind Closed Doors,52.22,In stock,star-rating Four,https://books.toscrape.com/catalogue/behind-closed-doors_962/index.html,2026-09-02T15:54:47.619951
80,You can't bury them all: Poems,33.63,In stock,star-rating Two,https://books.toscrape.com/catalogue/you-cant-bury-them-all-poems_961/index.html,2026-09-02T15:54:47.780142
81,Slow States of Collapse: Poems,57.31,In stock,star-rating Three,https://books.toscrape.com/catalogue/slow-states-of-collapse-poems_960/index.html,2026-09-02T15:54:55.064990
82,Reasons to Stay Alive,26.41,In stock,star-rating Two,https://books.toscrape.com/catalogue/reasons-to-stay-alive_959/index.html,2026-09-02T15:54:55.190629
83,Private Paris (Private #10),47.61,In stock,star-rating Five,https://books.toscrape.com/catalogue/private-paris-private-10_958/index.html,2026-09-02T15:54:55.340740
84,#HigherSelfie: Wake Up Your Life. Free Your Soul. Find Your Tribe.,23.11,In stock,star-rating Five,https://books.toscrape.com/catalogue/higherselfie-wake-up-your-life-free-your-soul-find-your-tribe_957/index.html,2026-09-02T15:54:55.473725
85,Without Borders (Wanderlove #1),45.07,In stock,star-rating Two,https://books.toscrape.com/catalogue/without-borders-wanderlove-1_956/index.html,2026-09-02T15:54:55.624540
86,When We Collided,31.77,In stock,star-rating One,https://books.toscrape.com/catalogue/when-we-collided_955/index.html,2026-09-02T15:54:55.742398
87,"We Love You, Charlie Freeman",50.27,In stock,star-rating Five,https://books.toscrape.com/catalogue/we-love-you-charlie-freeman_954/index.html,2026-09-02T15:54:55.860304
88,Untitled Collection: Sabbath Poems 2014,14.27,In stock,star-rating Four,https://books.toscrape.com/catalogue/untitled-collection-sabbath-poems-2014_953/index.html,2026-09-02T15:54:56.021497
89,"Unseen City: The Majesty of Pigeons, the Discreet Charm of Snails & Other Wonders of the Urban Wilderness",44.18,In stock,star-rating Four,https://books.toscrape.com/catalogue/unseen-city-the-majesty-of-pigeons-the-discreet-charm-of-snails-other-wonders-of-the-urban-wilderness_952/index.html,2026-09-02T15:54:56.121876
90,Unicorn Tracks,18.78,In stock,star-rating Three,https://books.toscrape.com/catalogue/unicorn-tracks_951/index.html,2026-09-02T15:54:56.234739
91,"Unbound: How Eight Technologies Made Us Human, Transformed Society, and Brought Our World to the Brink",25.52,In stock,star-rating One,https://books.toscrape.com/catalogue/unbound-how-eight-technologies-made-us-human-transformed-society-and-brought-our-world-to-the-brink_950/index.html,2026-09-02T15:54:56.343384
92,Tsubasa: WoRLD CHRoNiCLE 2 (Tsubasa WoRLD CHRoNiCLE #2),16.28,In stock,star-rating One,https://books.toscrape.com/catalogue/tsubasa-world-chronicle-2-tsubasa-world-chronicle-2_949/index.html,2026-09-02T15:54:56.439022
93,Throwing Rocks at the Google Bus: How Growth Became the Enemy of Prosperity,31.12,In stock,star-rating Three,https://books.toscrape.com/catalogue/throwing-rocks-at-the-google-bus-how-growth-became-the-enemy-of-prosperity_948/index.html,2026-09-02T15:54:56.610828
94,This One Summer,19.49,In stock,star-rating Four,https://books.toscrape.com/catalogue/this-one-summer_947/index.html,2026-09-02T15:54:56.720586
95,Thirst,17.27,In stock,star-rating Five,https://books.toscrape.com/catalogue/thirst_946/index.html,2026-09-02T15:54:56.871068
96,The Torch Is Passed: A Harding Family Story,19.09,In stock,star-rating One,https://books.toscrape.com/catalogue/the-torch-is-passed-a-harding-family-story_945/index.html,2026-09-02T15:54:56.990879
97,The Secret of Dreadwillow Carse,56.13,In stock,star-rating One,https://books.toscrape.com/catalogue/the-secret-of-dreadwillow-carse_944/index.html,2026-09-02T15:54:57.101272
98,"The Pioneer Woman Cooks: Dinnertime: Comfort Classics, Freezer Food, 16-Minute Meals, and Other Delicious Ways to Solve Supper!",56.41,In stock,star-rating One,https://books.toscrape.com/catalogue/the-pioneer-woman-cooks-dinnertime-comfort-classics-freezer-food-16-minute-meals-and-other-delicious-ways-to-solve-supper_943/index.html,2026-09-02T15:54:57.210211
99,The Past Never Ends,56.5,In stock,star-rating Four,https://books.toscrape.com/catalogue/the-past-never-ends_942/index.html,2026-09-02T15:54:57.343808
100,The Natural History of Us (The Fine Art of Pretending #2),45.22,In stock,star-rating Three,https://books.toscrape.com/catalogue/the-natural-history-of-us-the-fine-art-of-pretending-2_941/index.html,2026-09-02T15:54:57.448561
101,The Nameless City (The Nameless City #1),38.16,In stock,star-rating Four,https://books.toscrape.com/catalogue/the-nameless-city-the-nameless-city-1_940/index.html,2026-09-02T15:55:04.165185
102,The Murder That Never Was (Forensic Instincts #5),54.11,In stock,star-rating Three,https://books.toscrape.com/catalogue/the-murder-that-never-was-forensic-instincts-5_939/index.html,2026-09-02T15:55:04.294400
103,The Most Perfect Thing: Inside (and Outside) a Bird's Egg,42.96,In stock,star-rating Four,https://books.toscrape.com/catalogue/the-most-perfect-thing-inside-and-outside-a-birds-egg_938/index.html,2026-09-02T15:55:04.416894
104,"The Mindfulness and Acceptance Workbook for Anxiety: A Guide to Breaking Free from Anxiety, Phobias, and Worry Using Acceptance and Commitment Therapy",23.89,In stock,star-rating Four,https://books.toscrape.com/catalogue/the-mindfulness-and-acceptance-workbook-for-anxiety-a-guide-to-breaking-free-from-anxiety-phobias-and-worry-using-acceptance-and-commitment-therapy_937/index.html,2026-09-02T15:55:04.525817
105,The Life-Changing Magic of Tidying Up: The Japanese Art of Decluttering and Organizing,16.77,In stock,star-rating Three,https://books.toscrape.com/catalogue/the-life-changing-magic-of-tidying-up-the-japanese-art-of-decluttering-and-organizing_936/index.html,2026-09-02T15:55:04.663622
106,"The Inefficiency Assassin: Time Management Tactics for Working Smarter, Not Longer",20.59,In stock,star-rating Five,https://books.toscrape.com/catalogue/the-inefficiency-assassin-time-management-tactics-for-working-smarter-not-longer_935/index.html,2026-09-02T15:55:04.785844
107,The Gutsy Girl: Escapades for Your Life of Epic Adventure,37.13,In stock,star-rating One,https://books.toscrape.com/catalogue/the-gutsy-girl-escapades-for-your-life-of-epic-adventure_934/index.html,2026-09-02T15:55:04.930620
108,The Electric Pencil: Drawings from Inside State Hospital No. 3,56.06,In stock,star-rating One,https://books.toscrape.com/catalogue/the-electric-pencil-drawings-from-inside-state-hospital-no-3_933/index.html,2026-09-02T15:55:05.070015
109,The Death of Humanity: and the Case for Life,58.11,In stock,star-rating Four,https://books.toscrape.com/catalogue/the-death-of-humanity-and-the-case-for-life_932/index.html,2026-09-02T15:55:05.206651
110,"The Bulletproof Diet: Lose up to a Pound a Day, Reclaim Energy and Focus, Upgrade Your Life",49.05,In stock,star-rating Three,https://books.toscrape.com/catalogue/the-bulletproof-diet-lose-up-to-a-pound-a-day-reclaim-energy-and-focus-upgrade-your-life_931/index.html,2026-09-02T15:55:05.348956
111,The Art Forger,40.76,In stock,star-rating Three,https://books.toscrape.com/catalogue/the-art-forger_930/index.html,2026-09-02T15:55:05.482440
112,The Age of Genius: The Seventeenth Century and the Birth of the Modern Mind,19.73,In stock,star-rating One,https://books.toscrape.com/catalogue/the-age-of-genius-the-seventeenth-century-and-the-birth-of-the-modern-mind_929/index.html,2026-09-02T15:55:05.622535
113,The Activist's Tao Te Ching: Ancient Advice for a Modern Revolution,32.24,In stock,star-rating Five,https://books.toscrape.com/catalogue/the-activists-tao-te-ching-ancient-advice-for-a-modern-revolution_928/index.html,2026-09-02T15:55:05.742992
114,Spark Joy: An Illustrated Master Class on the Art of Organizing and Tidying Up,41.83,In stock,star-rating Four,https://books.toscrape.com/catalogue/spark-joy-an-illustrated-master-class-on-the-art-of-organizing-and-tidying-up_927/index.html,2026-09-02T15:55:05.842816
115,Soul Reader,39.58,In stock,star-rating Two,https://books.toscrape.com/catalogue/soul-reader_926/index.html,2026-09-02T15:55:05.938986
116,Security,39.25,In stock,star-rating Two,https://books.toscrape.com/catalogue/security_925/index.html,2026-09-02T15:55:06.062365
117,"Saga, Volume 6 (Saga (Collected Editions) #6)",25.02,In stock,star-rating Three,https://books.toscrape.com/catalogue/saga-volume-6-saga-collected-editions-6_924/index.html,2026-09-02T15:55:06.190248
118,"Saga, Volume 5 (Saga (Collected Editions) #5)",51.04,In stock,star-rating Two,https://books.toscrape.com/catalogue/saga-volume-5-saga-collected-editions-5_923/index.html,2026-09-02T15:55:06.282604
119,Reskilling America: Learning to Labor in the Twenty-First Century,19.83,In stock,star-rating Two,https://books.toscrape.com/catalogue/reskilling-america-learning-to-labor-in-the-twenty-first-century_922/index.html,2026-09-02T15:55:06.424238
120,"Rat Queens, Vol. 3: Demons (Rat Queens (Collected Editions) #11-15)",50.4,In stock,star-rating Three,https://books.toscrape.com/catalogue/rat-queens-vol-3-demons-rat-queens-collected-editions-11-15_921/index.html,2026-09-02T15:55:06.558893
121,"Princess Jellyfish 2-in-1 Omnibus, Vol. 01 (Princess Jellyfish 2-in-1 Omnibus #1)",13.61,In stock,star-rating Five,https://books.toscrape.com/catalogue/princess-jellyfish-2-in-1-omnibus-vol-01-princess-jellyfish-2-in-1-omnibus-1_920/index.html,2026-09-02T15:55:14.872895
122,Princess Between Worlds (Wide-Awake Princess #5),13.34,In stock,star-rating Five,https://books.toscrape.com/catalogue/princess-between-worlds-wide-awake-princess-5_919/index.html,2026-09-02T15:55:15.031047
123,"Pop Gun War, Volume 1: Gift",18.97,In stock,star-rating One,https://books.toscrape.com/catalogue/pop-gun-war-volume-1-gift_918/index.html,2026-09-02T15:55:15.222618
124,"Political Suicide: Missteps, Peccadilloes, Bad Calls, Backroom Hijinx, Sordid Pasts, Rotten Breaks, and Just Plain Dumb Mistakes in the Annals of American Politics",36.28,In stock,star-rating Two,https://books.toscrape.com/catalogue/political-suicide-missteps-peccadilloes-bad-calls-backroom-hijinx-sordid-pasts-rotten-breaks-and-just-plain-dumb-mistakes-in-the-annals-of-american-politics_917/index.html,2026-09-02T15:55:15.302386
125,Patience,10.16,In stock,star-rating Three,https://books.toscrape.com/catalogue/patience_916/index.html,2026-09-02T15:55:15.391787
126,"Outcast, Vol. 1: A Darkness Surrounds Him (Outcast #1)",15.44,In stock,star-rating Four,https://books.toscrape.com/catalogue/outcast-vol-1-a-darkness-surrounds-him-outcast-1_915/index.html,2026-09-02T15:55:15.510207
127,orange: The Complete Collection 1 (orange: The Complete Collection #1),48.41,In stock,star-rating One,https://books.toscrape.com/catalogue/orange-the-complete-collection-1-orange-the-complete-collection-1_914/index.html,2026-09-02T15:55:15.620243
128,Online Marketing for Busy Authors: A Step-By-Step Guide,46.35,In stock,star-rating One,https://books.toscrape.com/catalogue/online-marketing-for-busy-authors-a-step-by-step-guide_913/index.html,2026-09-02T15:55:15.705168
129,On a Midnight Clear,14.07,In stock,star-rating Three,https://books.toscrape.com/catalogue/on-a-midnight-clear_912/index.html,2026-09-02T15:55:15.820912
130,Obsidian (Lux #1),14.86,In stock,star-rating Two,https://books.toscrape.com/catalogue/obsidian-lux-1_911/index.html,2026-09-02T15:55:15.929184
131,My Paris Kitchen: Recipes and Stories,33.37,In stock,star-rating Two,https://books.toscrape.com/catalogue/my-paris-kitchen-recipes-and-stories_910/index.html,2026-09-02T15:55:16.005392
132,Masks and Shadows,56.4,In stock,star-rating Two,https://books.toscrape.com/catalogue/masks-and-shadows_909/index.html,2026-09-02T15:55:16.085629
133,"Mama Tried: Traditional Italian Cooking for the Screwed, Crude, Vegan, and Tattooed",14.02,In stock,star-rating Four,https://books.toscrape.com/catalogue/mama-tried-traditional-italian-cooking-for-the-screwed-crude-vegan-and-tattooed_908/index.html,2026-09-02T15:55:16.179868
134,"Lumberjanes, Vol. 2: Friendship to the Max (Lumberjanes #5-8)",46.91,In stock,star-rating Two,https://books.toscrape.com/catalogue/lumberjanes-vol-2-friendship-to-the-max-lumberjanes-5-8_907/index.html,2026-09-02T15:55:16.293195
135,"Lumberjanes, Vol. 1: Beware the Kitten Holy (Lumberjanes #1-4)",45.61,In stock,star-rating Three,https://books.toscrape.com/catalogue/lumberjanes-vol-1-beware-the-kitten-holy-lumberjanes-1-4_906/index.html,2026-09-02T15:55:16.419141
136,Lumberjanes Vol. 3: A Terrible Plan (Lumberjanes #9-12),19.92,In stock,star-rating Two,https://books.toscrape.com/catalogue/lumberjanes-vol-3-a-terrible-plan-lumberjanes-9-12_905/index.html,2026-09-02T15:55:16.552771
137,"Layered: Baking, Building, and Styling Spectacular Cakes",40.11,In stock,star-rating One,https://books.toscrape.com/catalogue/layered-baking-building-and-styling-spectacular-cakes_904/index.html,2026-09-02T15:55:16.670511
138,Judo: Seven Steps to Black Belt (an Introductory Guide for Beginners),53.9,In stock,star-rating Two,https://books.toscrape.com/catalogue/judo-seven-steps-to-black-belt-an-introductory-guide-for-beginners_903/index.html,2026-09-02T15:55:16.783172
139,Join,35.67,In stock,star-rating Five,https://books.toscrape.com/catalogue/join_902/index.html,2026-09-02T15:55:16.903995
140,In the Country We Love: My Family Divided,22.0,In stock,star-rating Four,https://books.toscrape.com/catalogue/in-the-country-we-love-my-family-divided_901/index.html,2026-09-02T15:55:17.002383
141,Immunity: How Elie Metchnikoff Changed the Course of Modern Medicine,57.36,In stock,star-rating Five,https://books.toscrape.com/catalogue/immunity-how-elie-metchnikoff-changed-the-course-of-modern-medicine_900/index.html,2026-09-02T15:55:26.208201
142,"I Hate Fairyland, Vol. 1: Madly Ever After (I Hate Fairyland (Compilations) #1-5)",29.17,In stock,star-rating Two,https://books.toscrape.com/catalogue/i-hate-fairyland-vol-1-madly-ever-after-i-hate-fairyland-compilations-1-5_899/index.html,2026-09-02T15:55:26.361048
143,I am a Hero Omnibus Volume 1,54.63,In stock,star-rating Three,https://books.toscrape.com/catalogue/i-am-a-hero-omnibus-volume-1_898/index.html,2026-09-02T15:55:26.447228
144,How to Be Miserable: 40 Strategies You Already Use,46.03,In stock,star-rating One,https://books.toscrape.com/catalogue/how-to-be-miserable-40-strategies-you-already-use_897/index.html,2026-09-02T15:55:26.542702
145,Her Backup Boyfriend (The Sorensen Family #1),33.97,In stock,star-rating One,https://books.toscrape.com/catalogue/her-backup-boyfriend-the-sorensen-family-1_896/index.html,2026-09-02T15:55:26.667609
146,"Giant Days, Vol. 2 (Giant Days #5-8)",22.11,In stock,star-rating Two,https://books.toscrape.com/catalogue/giant-days-vol-2-giant-days-5-8_895/index.html,2026-09-02T15:55:26.755142
147,Forever and Forever: The Courtship of Henry Longfellow and Fanny Appleton,29.69,In stock,star-rating Three,https://books.toscrape.com/catalogue/forever-and-forever-the-courtship-of-henry-longfellow-and-fanny-appleton_894/index.html,2026-09-02T15:55:26.840429
148,First and First (Five Boroughs #3),15.97,In stock,star-rating Four,https://books.toscrape.com/catalogue/first-and-first-five-boroughs-3_893/index.html,2026-09-02T15:55:26.939201
149,Fifty Shades Darker (Fifty Shades #2),21.96,In stock,star-rating One,https://books.toscrape.com/catalogue/fifty-shades-darker-fifty-shades-2_892/index.html,2026-09-02T15:55:27.032257
150,Everydata: The Misinformation Hidden in the Little Data You Consume Every Day,54.35,In stock,star-rating Two,https://books.toscrape.com/catalogue/everydata-the-misinformation-hidden-in-the-little-data-you-consume-every-day_891/index.html,2026-09-02T15:55:27.124379
151,"Don't Be a Jerk: And Other Practical Advice from Dogen, Japan's Greatest Zen Master",37.97,In stock,star-rating Two,https://books.toscrape.com/catalogue/dont-be-a-jerk-and-other-practical-advice-from-dogen-japans-greatest-zen-master_890/index.html,2026-09-02T15:55:27.201309
152,Danganronpa Volume 1,51.99,In stock,star-rating Four,https://books.toscrape.com/catalogue/danganronpa-volume-1_889/index.html,2026-09-02T15:55:27.294950
153,Crown of Midnight (Throne of Glass #2),43.29,In stock,star-rating Three,https://books.toscrape.com/catalogue/crown-of-midnight-throne-of-glass-2_888/index.html,2026-09-02T15:55:27.389017
154,"Codename Baboushka, Volume 1: The Conclave of Death",36.72,In stock,star-rating Four,https://books.toscrape.com/catalogue/codename-baboushka-volume-1-the-conclave-of-death_887/index.html,2026-09-02T15:55:27.475663
155,Camp Midnight,17.08,In stock,star-rating Four,https://books.toscrape.com/catalogue/camp-midnight_886/index.html,2026-09-02T15:55:27.605632
156,Call the Nurse: True Stories of a Country Nurse on a Scottish Isle,29.14,In stock,star-rating Five,https://books.toscrape.com/catalogue/call-the-nurse-true-stories-of-a-country-nurse-on-a-scottish-isle_885/index.html,2026-09-02T15:55:27.706981
157,Burning,28.81,In stock,star-rating Three,https://books.toscrape.com/catalogue/burning_884/index.html,2026-09-02T15:55:27.788833
158,Bossypants,49.46,In stock,star-rating Two,https://books.toscrape.com/catalogue/bossypants_883/index.html,2026-09-02T15:55:27.909254
159,"Bitch Planet, Vol. 1: Extraordinary Machine (Bitch Planet (Collected Editions))",37.92,In stock,star-rating Two,https://books.toscrape.com/catalogue/bitch-planet-vol-1-extraordinary-machine-bitch-planet-collected-editions_882/index.html,2026-09-02T15:55:28.006000
160,"Avatar: The Last Airbender: Smoke and Shadow, Part 3 (Smoke and Shadow #3)",28.09,In stock,star-rating Two,https://books.toscrape.com/catalogue/avatar-the-last-airbender-smoke-and-shadow-part-3-smoke-and-shadow-3_881/index.html,2026-09-02T15:55:28.098431
161,Algorithms to Live By: The Computer Science of Human Decisions,30.81,In stock,star-rating One,https://books.toscrape.com/catalogue/algorithms-to-live-by-the-computer-science-of-human-decisions_880/index.html,2026-09-02T15:55:37.768901
162,A World of Flavor: Your Gluten Free Passport,42.95,In stock,star-rating One,https://books.toscrape.com/catalogue/a-world-of-flavor-your-gluten-free-passport_879/index.html,2026-09-02T15:55:37.920545
163,"A Piece of Sky, a Grain of Rice: A Memoir in Four Meditations",56.76,In stock,star-rating Five,https://books.toscrape.com/catalogue/a-piece-of-sky-a-grain-of-rice-a-memoir-in-four-meditations_878/index.html,2026-09-02T15:55:38.072029
164,A Murder in Time,16.64,In stock,star-rating One,https://books.toscrape.com/catalogue/a-murder-in-time_877/index.html,2026-09-02T15:55:38.201862
165,A Flight of Arrows (The Pathfinders #2),55.53,In stock,star-rating Five,https://books.toscrape.com/catalogue/a-flight-of-arrows-the-pathfinders-2_876/index.html,2026-09-02T15:55:38.369511
166,A Fierce and Subtle Poison,28.13,In stock,star-rating Four,https://books.toscrape.com/catalogue/a-fierce-and-subtle-poison_875/index.html,2026-09-02T15:55:38.513225
167,A Court of Thorns and Roses (A Court of Thorns and Roses #1),52.37,In stock,star-rating One,https://books.toscrape.com/catalogue/a-court-of-thorns-and-roses-a-court-of-thorns-and-roses-1_874/index.html,2026-09-02T15:55:38.635119
168,(Un)Qualified: How God Uses Broken People to Do Big Things,54.0,In stock,star-rating Five,https://books.toscrape.com/catalogue/unqualified-how-god-uses-broken-people-to-do-big-things_873/index.html,2026-09-02T15:55:38.736718
169,You Are What You Love: The Spiritual Power of Habit,21.87,In stock,star-rating Four,https://books.toscrape.com/catalogue/you-are-what-you-love-the-spiritual-power-of-habit_872/index.html,2026-09-02T15:55:38.854831
170,"William Shakespeare's Star Wars: Verily, A New Hope (William Shakespeare's Star Wars #4)",43.3,In stock,star-rating Four,https://books.toscrape.com/catalogue/william-shakespeares-star-wars-verily-a-new-hope-william-shakespeares-star-wars-4_871/index.html,2026-09-02T15:55:38.978838
171,Tuesday Nights in 1980,21.04,In stock,star-rating Two,https://books.toscrape.com/catalogue/tuesday-nights-in-1980_870/index.html,2026-09-02T15:55:39.102352
172,Tracing Numbers on a Train,41.6,In stock,star-rating Three,https://books.toscrape.com/catalogue/tracing-numbers-on-a-train_869/index.html,2026-09-02T15:55:39.214969
173,Throne of Glass (Throne of Glass #1),35.07,In stock,star-rating Three,https://books.toscrape.com/catalogue/throne-of-glass-throne-of-glass-1_868/index.html,2026-09-02T15:55:39.350948
174,Thomas Jefferson and the Tripoli Pirates: The Forgotten War That Changed American History,59.64,In stock,star-rating One,https://books.toscrape.com/catalogue/thomas-jefferson-and-the-tripoli-pirates-the-forgotten-war-that-changed-american-history_867/index.html,2026-09-02T15:55:39.473579
175,Thirteen Reasons Why,52.72,In stock,star-rating One,https://books.toscrape.com/catalogue/thirteen-reasons-why_866/index.html,2026-09-02T15:55:39.591669
176,The White Cat and the Monk: A Retelling of the Poem “Pangur Bán”,58.08,In stock,star-rating Four,https://books.toscrape.com/catalogue/the-white-cat-and-the-monk-a-retelling-of-the-poem-pangur-ban_865/index.html,2026-09-02T15:55:39.700729
177,The Wedding Dress,24.12,In stock,star-rating One,https://books.toscrape.com/catalogue/the-wedding-dress_864/index.html,2026-09-02T15:55:39.830338
178,The Vacationers,42.15,In stock,star-rating Four,https://books.toscrape.com/catalogue/the-vacationers_863/index.html,2026-09-02T15:55:39.928776
179,The Third Wave: An Entrepreneur’s Vision of the Future,12.61,In stock,star-rating Five,https://books.toscrape.com/catalogue/the-third-wave-an-entrepreneurs-vision-of-the-future_862/index.html,2026-09-02T15:55:40.033726
180,The Stranger,17.44,In stock,star-rating Four,https://books.toscrape.com/catalogue/the-stranger_861/index.html,2026-09-02T15:55:40.155045
181,The Shadow Hero (The Shadow Hero),33.14,In stock,star-rating One,https://books.toscrape.com/catalogue/the-shadow-hero-the-shadow-hero_860/index.html,2026-09-02T15:55:48.141930
182,The Secret (The Secret #1),27.37,In stock,star-rating Four,https://books.toscrape.com/catalogue/the-secret-the-secret-1_859/index.html,2026-09-02T15:55:48.259525
183,The Regional Office Is Under Attack!,51.36,In stock,star-rating Five,https://books.toscrape.com/catalogue/the-regional-office-is-under-attack_858/index.html,2026-09-02T15:55:48.389777
184,The Psychopath Test: A Journey Through the Madness Industry,36.0,In stock,star-rating Two,https://books.toscrape.com/catalogue/the-psychopath-test-a-journey-through-the-madness-industry_857/index.html,2026-09-02T15:55:48.478582
185,The Project,10.65,In stock,star-rating One,https://books.toscrape.com/catalogue/the-project_856/index.html,2026-09-02T15:55:48.571067
186,The Power of Now: A Guide to Spiritual Enlightenment,43.54,In stock,star-rating Two,https://books.toscrape.com/catalogue/the-power-of-now-a-guide-to-spiritual-enlightenment_855/index.html,2026-09-02T15:55:48.689099
187,The Omnivore's Dilemma: A Natural History of Four Meals,38.21,In stock,star-rating Two,https://books.toscrape.com/catalogue/the-omnivores-dilemma-a-natural-history-of-four-meals_854/index.html,2026-09-02T15:55:48.794364
188,The Nerdy Nummies Cookbook: Sweet Treats for the Geek in All of Us,37.34,In stock,star-rating Five,https://books.toscrape.com/catalogue/the-nerdy-nummies-cookbook-sweet-treats-for-the-geek-in-all-of-us_853/index.html,2026-09-02T15:55:48.928198
189,The Murder of Roger Ackroyd (Hercule Poirot #4),44.1,In stock,star-rating Four,https://books.toscrape.com/catalogue/the-murder-of-roger-ackroyd-hercule-poirot-4_852/index.html,2026-09-02T15:55:49.073730
190,The Mistake (Off-Campus #2),43.29,In stock,star-rating Three,https://books.toscrape.com/catalogue/the-mistake-off-campus-2_851/index.html,2026-09-02T15:55:49.203640
191,The Matchmaker's Playbook (Wingmen Inc. #1),55.85,In stock,star-rating One,https://books.toscrape.com/catalogue/the-matchmakers-playbook-wingmen-inc-1_850/index.html,2026-09-02T15:55:49.311712
192,The Love and Lemons Cookbook: An Apple-to-Zucchini Celebration of Impromptu Cooking,37.6,In stock,star-rating Two,https://books.toscrape.com/catalogue/the-love-and-lemons-cookbook-an-apple-to-zucchini-celebration-of-impromptu-cooking_849/index.html,2026-09-02T15:55:49.436300
193,The Long Shadow of Small Ghosts: Murder and Memory in an American City,10.97,In stock,star-rating One,https://books.toscrape.com/catalogue/the-long-shadow-of-small-ghosts-murder-and-memory-in-an-american-city_848/index.html,2026-09-02T15:55:49.575702
194,The Kite Runner,41.82,In stock,star-rating Four,https://books.toscrape.com/catalogue/the-kite-runner_847/index.html,2026-09-02T15:55:49.665860
195,The House by the Lake,36.95,In stock,star-rating One,https://books.toscrape.com/catalogue/the-house-by-the-lake_846/index.html,2026-09-02T15:55:49.744298
196,The Glittering Court (The Glittering Court #1),44.28,In stock,star-rating One,https://books.toscrape.com/catalogue/the-glittering-court-the-glittering-court-1_845/index.html,2026-09-02T15:55:49.828940
197,The Girl on the Train,55.02,In stock,star-rating Two,https://books.toscrape.com/catalogue/the-girl-on-the-train_844/index.html,2026-09-02T15:55:49.925855
198,The Genius of Birds,17.24,In stock,star-rating One,https://books.toscrape.com/catalogue/the-genius-of-birds_843/index.html,2026-09-02T15:55:50.027148
199,The Emerald Mystery,23.15,In stock,star-rating Two,https://books.toscrape.com/catalogue/the-emerald-mystery_842/index.html,2026-09-02T15:55:50.129892
200,The Cookies & Cups Cookbook: 125+ sweet & savory recipes reminding you to Always Eat Dessert First,41.25,In stock,star-rating One,https://books.toscrape.com/catalogue/the-cookies-cups-cookbook-125-sweet-savory-recipes-reminding-you-to-always-eat-dessert-first_841/index.html,2026-09-02T15:55:50.251228
201,The Bridge to Consciousness: I'm Writing the Bridge Between Science and Our Old and New Beliefs.,32.0,In stock,star-rating Three,https://books.toscrape.com/catalogue/the-bridge-to-consciousness-im-writing-the-bridge-between-science-and-our-old-and-new-beliefs_840/index.html,2026-09-02T15:55:55.469959
202,The Artist's Way: A Spiritual Path to Higher Creativity,38.49,In stock,star-rating Five,https://books.toscrape.com/catalogue/the-artists-way-a-spiritual-path-to-higher-creativity_839/index.html,2026-09-02T15:55:55.596218
203,The Art of War,33.34,In stock,star-rating Five,https://books.toscrape.com/catalogue/the-art-of-war_838/index.html,2026-09-02T15:55:55.724204
204,The Argonauts,10.93,In stock,star-rating Two,https://books.toscrape.com/catalogue/the-argonauts_837/index.html,2026-09-02T15:55:55.853948
205,The 10% Entrepreneur: Live Your Startup Dream Without Quitting Your Day Job,27.55,In stock,star-rating Three,https://books.toscrape.com/catalogue/the-10-entrepreneur-live-your-startup-dream-without-quitting-your-day-job_836/index.html,2026-09-02T15:55:55.990132
206,Suddenly in Love (Lake Haven #1),55.99,In stock,star-rating Two,https://books.toscrape.com/catalogue/suddenly-in-love-lake-haven-1_835/index.html,2026-09-02T15:55:56.125737
207,Something More Than This,16.24,In stock,star-rating Four,https://books.toscrape.com/catalogue/something-more-than-this_834/index.html,2026-09-02T15:55:56.280555
208,Soft Apocalypse,26.12,In stock,star-rating Two,https://books.toscrape.com/catalogue/soft-apocalypse_833/index.html,2026-09-02T15:55:56.387091
209,So You've Been Publicly Shamed,12.23,In stock,star-rating Two,https://books.toscrape.com/catalogue/so-youve-been-publicly-shamed_832/index.html,2026-09-02T15:55:56.502561
210,Shoe Dog: A Memoir by the Creator of NIKE,23.99,In stock,star-rating Two,https://books.toscrape.com/catalogue/shoe-dog-a-memoir-by-the-creator-of-nike_831/index.html,2026-09-02T15:55:56.610166
211,"Shobu Samurai, Project Aryoku (#3)",29.06,In stock,star-rating Three,https://books.toscrape.com/catalogue/shobu-samurai-project-aryoku-3_830/index.html,2026-09-02T15:55:56.695482
212,Secrets and Lace (Fatal Hearts #1),20.27,In stock,star-rating One,https://books.toscrape.com/catalogue/secrets-and-lace-fatal-hearts-1_829/index.html,2026-09-02T15:55:56.777552
213,Scarlett Epstein Hates It Here,43.55,In stock,star-rating Five,https://books.toscrape.com/catalogue/scarlett-epstein-hates-it-here_828/index.html,2026-09-02T15:55:56.852474
214,Romero and Juliet: A Tragic Tale of Love and Zombies,36.94,In stock,star-rating One,https://books.toscrape.com/catalogue/romero-and-juliet-a-tragic-tale-of-love-and-zombies_827/index.html,2026-09-02T15:55:56.953073
215,Redeeming Love,20.47,In stock,star-rating Five,https://books.toscrape.com/catalogue/redeeming-love_826/index.html,2026-09-02T15:55:57.067444
216,Poses for Artists Volume 1 - Dynamic and Sitting Poses: An Essential Reference for Figure Drawing and the Human Form,41.06,In stock,star-rating One,https://books.toscrape.com/catalogue/poses-for-artists-volume-1-dynamic-and-sitting-poses-an-essential-reference-for-figure-drawing-and-the-human-form_825/index.html,2026-09-02T15:55:57.157363
217,Poems That Make Grown Women Cry,14.19,In stock,star-rating Four,https://books.toscrape.com/catalogue/poems-that-make-grown-women-cry_824/index.html,2026-09-02T15:55:57.334137
218,"Nightingale, Sing",38.28,In stock,star-rating One,https://books.toscrape.com/catalogue/nightingale-sing_823/index.html,2026-09-02T15:55:57.438116
219,Night Sky with Exit Wounds,41.05,In stock,star-rating One,https://books.toscrape.com/catalogue/night-sky-with-exit-wounds_822/index.html,2026-09-02T15:55:57.549863
220,Mrs. Houdini,30.25,In stock,star-rating Five,https://books.toscrape.com/catalogue/mrs-houdini_821/index.html,2026-09-02T15:55:57.641439
221,Modern Romance,28.26,In stock,star-rating Five,https://books.toscrape.com/catalogue/modern-romance_820/index.html,2026-09-02T15:56:02.769309
222,Miss Peregrine’s Home for Peculiar Children (Miss Peregrine’s Peculiar Children #1),10.76,In stock,star-rating One,https://books.toscrape.com/catalogue/miss-peregrines-home-for-peculiar-children-miss-peregrines-peculiar-children-1_819/index.html,2026-09-02T15:56:02.942038
223,Louisa: The Extraordinary Life of Mrs. Adams,16.85,In stock,star-rating Two,https://books.toscrape.com/catalogue/louisa-the-extraordinary-life-of-mrs-adams_818/index.html,2026-09-02T15:56:03.023032
224,Little Red,13.47,In stock,star-rating Three,https://books.toscrape.com/catalogue/little-red_817/index.html,2026-09-02T15:56:03.224802
225,Library of Souls (Miss Peregrine’s Peculiar Children #3),48.56,In stock,star-rating Five,https://books.toscrape.com/catalogue/library-of-souls-miss-peregrines-peculiar-children-3_816/index.html,2026-09-02T15:56:03.367799
226,Large Print Heart of the Pride,19.15,In stock,star-rating Two,https://books.toscrape.com/catalogue/large-print-heart-of-the-pride_815/index.html,2026-09-02T15:56:03.516921
227,I Had a Nice Time And Other Lies...: How to find love & sh*t like that,57.36,In stock,star-rating Four,https://books.toscrape.com/catalogue/i-had-a-nice-time-and-other-lies-how-to-find-love-sht-like-that_814/index.html,2026-09-02T15:56:03.638225
228,Hollow City (Miss Peregrine’s Peculiar Children #2),42.98,In stock,star-rating One,https://books.toscrape.com/catalogue/hollow-city-miss-peregrines-peculiar-children-2_813/index.html,2026-09-02T15:56:03.801427
229,Grumbles,22.16,In stock,star-rating Two,https://books.toscrape.com/catalogue/grumbles_812/index.html,2026-09-02T15:56:03.878169
230,Full Moon over Noah’s Ark: An Odyssey to Mount Ararat and Beyond,49.43,In stock,star-rating Four,https://books.toscrape.com/catalogue/full-moon-over-noahs-ark-an-odyssey-to-mount-ararat-and-beyond_811/index.html,2026-09-02T15:56:04.007473
231,Frostbite (Vampire Academy #2),29.99,In stock,star-rating Five,https://books.toscrape.com/catalogue/frostbite-vampire-academy-2_810/index.html,2026-09-02T15:56:04.092281
232,Follow You Home,21.36,In stock,star-rating One,https://books.toscrape.com/catalogue/follow-you-home_809/index.html,2026-09-02T15:56:04.193940
233,First Steps for New Christians (Print Edition),29.0,In stock,star-rating One,https://books.toscrape.com/catalogue/first-steps-for-new-christians-print-edition_808/index.html,2026-09-02T15:56:04.288983
234,Finders Keepers (Bill Hodges Trilogy #2),53.53,In stock,star-rating Five,https://books.toscrape.com/catalogue/finders-keepers-bill-hodges-trilogy-2_807/index.html,2026-09-02T15:56:04.392792
235,"Fables, Vol. 1: Legends in Exile (Fables #1)",41.62,In stock,star-rating Four,https://books.toscrape.com/catalogue/fables-vol-1-legends-in-exile-fables-1_806/index.html,2026-09-02T15:56:04.503113
236,Eureka Trivia 6.0,54.59,In stock,star-rating Four,https://books.toscrape.com/catalogue/eureka-trivia-60_805/index.html,2026-09-02T15:56:04.651122
237,Drive: The Surprising Truth About What Motivates Us,34.95,In stock,star-rating Four,https://books.toscrape.com/catalogue/drive-the-surprising-truth-about-what-motivates-us_804/index.html,2026-09-02T15:56:04.774974
238,Done Rubbed Out (Reightman & Bailey #1),37.72,In stock,star-rating Five,https://books.toscrape.com/catalogue/done-rubbed-out-reightman-bailey-1_803/index.html,2026-09-02T15:56:04.880154
239,Doing It Over (Most Likely To #1),35.61,In stock,star-rating Three,https://books.toscrape.com/catalogue/doing-it-over-most-likely-to-1_802/index.html,2026-09-02T15:56:04.958361
240,"Deliciously Ella Every Day: Quick and Easy Recipes for Gluten-Free Snacks, Packed Lunches, and Simple Meals",42.16,In stock,star-rating Three,https://books.toscrape.com/catalogue/deliciously-ella-every-day-quick-and-easy-recipes-for-gluten-free-snacks-packed-lunches-and-simple-meals_801/index.html,2026-09-02T15:56:05.055965
241,Dark Notes,19.19,In stock,star-rating Five,https://books.toscrape.com/catalogue/dark-notes_800/index.html,2026-09-02T15:56:08.177677
242,"Daring Greatly: How the Courage to Be Vulnerable Transforms the Way We Live, Love, Parent, and Lead",19.43,In stock,star-rating Three,https://books.toscrape.com/catalogue/daring-greatly-how-the-courage-to-be-vulnerable-transforms-the-way-we-live-love-parent-and-lead_799/index.html,2026-09-02T15:56:08.332345
243,Close to You,49.46,In stock,star-rating Four,https://books.toscrape.com/catalogue/close-to-you_798/index.html,2026-09-02T15:56:08.484838
244,Chasing Heaven: What Dying Taught Me About Living,37.8,In stock,star-rating Two,https://books.toscrape.com/catalogue/chasing-heaven-what-dying-taught-me-about-living_797/index.html,2026-09-02T15:56:08.613839
245,Big Magic: Creative Living Beyond Fear,30.8,In stock,star-rating Three,https://books.toscrape.com/catalogue/big-magic-creative-living-beyond-fear_796/index.html,2026-09-02T15:56:08.770361
246,Becoming Wise: An Inquiry into the Mystery and Art of Living,27.43,In stock,star-rating Two,https://books.toscrape.com/catalogue/becoming-wise-an-inquiry-into-the-mystery-and-art-of-living_795/index.html,2026-09-02T15:56:08.884300
247,Beauty Restored (Riley Family Legacy Novellas #3),11.11,In stock,star-rating Two,https://books.toscrape.com/catalogue/beauty-restored-riley-family-legacy-novellas-3_794/index.html,2026-09-02T15:56:09.016305
248,Batman: The Long Halloween (Batman),36.5,In stock,star-rating Two,https://books.toscrape.com/catalogue/batman-the-long-halloween-batman_793/index.html,2026-09-02T15:56:09.112421
249,Batman: The Dark Knight Returns (Batman),15.38,In stock,star-rating Five,https://books.toscrape.com/catalogue/batman-the-dark-knight-returns-batman_792/index.html,2026-09-02T15:56:09.207798
250,Ayumi's Violin,15.48,In stock,star-rating Two,https://books.toscrape.com/catalogue/ayumis-violin_791/index.html,2026-09-02T15:56:09.282817
251,Anonymous,46.82,In stock,star-rating Four,https://books.toscrape.com/catalogue/anonymous_790/index.html,2026-09-02T15:56:09.356175
252,Amy Meets the Saints and Sages,18.46,In stock,star-rating Three,https://books.toscrape.com/catalogue/amy-meets-the-saints-and-sages_789/index.html,2026-09-02T15:56:09.482654
253,Amid the Chaos,36.58,In stock,star-rating One,https://books.toscrape.com/catalogue/amid-the-chaos_788/index.html,2026-09-02T15:56:09.627483
254,Amatus,50.54,In stock,star-rating Five,https://books.toscrape.com/catalogue/amatus_787/index.html,2026-09-02T15:56:09.737225
255,Agnostic: A Spirited Manifesto,12.51,In stock,star-rating Five,https://books.toscrape.com/catalogue/agnostic-a-spirited-manifesto_786/index.html,2026-09-02T15:56:09.832284
256,Zealot: The Life and Times of Jesus of Nazareth,24.7,In stock,star-rating Three,https://books.toscrape.com/catalogue/zealot-the-life-and-times-of-jesus-of-nazareth_785/index.html,2026-09-02T15:56:09.957305
257,You (You #1),43.61,In stock,star-rating Five,https://books.toscrape.com/catalogue/you-you-1_784/index.html,2026-09-02T15:56:10.066980
258,"Wonder Woman: Earth One, Volume One (Wonder Woman: Earth One #1)",37.34,In stock,star-rating Four,https://books.toscrape.com/catalogue/wonder-woman-earth-one-volume-one-wonder-woman-earth-one-1_783/index.html,2026-09-02T15:56:10.147866
259,Wild Swans,14.36,In stock,star-rating Two,https://books.toscrape.com/catalogue/wild-swans_782/index.html,2026-09-02T15:56:10.250713
260,Why the Right Went Wrong: Conservatism--From Goldwater to the Tea Party and Beyond,52.65,In stock,star-rating Four,https://books.toscrape.com/catalogue/why-the-right-went-wrong-conservatism-from-goldwater-to-the-tea-party-and-beyond_781/index.html,2026-09-02T15:56:10.364648
261,Whole Lotta Creativity Going On: 60 Fun and Unusual Exercises to Awaken and Strengthen Your Creativity,38.2,In stock,star-rating Four,https://books.toscrape.com/catalogue/whole-lotta-creativity-going-on-60-fun-and-unusual-exercises-to-awaken-and-strengthen-your-creativity_780/index.html,2026-09-02T15:56:12.584306
262,What's It Like in Space?: Stories from Astronauts Who've Been There,19.6,In stock,star-rating Two,https://books.toscrape.com/catalogue/whats-it-like-in-space-stories-from-astronauts-whove-been-there_779/index.html,2026-09-02T15:56:12.714641
263,"We Are Robin, Vol. 1: The Vigilante Business (We Are Robin #1)",53.9,In stock,star-rating One,https://books.toscrape.com/catalogue/we-are-robin-vol-1-the-vigilante-business-we-are-robin-1_778/index.html,2026-09-02T15:56:12.818457
264,Walt Disney's Alice in Wonderland,12.96,In stock,star-rating Five,https://books.toscrape.com/catalogue/walt-disneys-alice-in-wonderland_777/index.html,2026-09-02T15:56:12.927581
265,V for Vendetta (V for Vendetta Complete),37.1,In stock,star-rating Four,https://books.toscrape.com/catalogue/v-for-vendetta-v-for-vendetta-complete_776/index.html,2026-09-02T15:56:13.026836
266,Until Friday Night (The Field Party #1),46.31,In stock,star-rating Two,https://books.toscrape.com/catalogue/until-friday-night-the-field-party-1_775/index.html,2026-09-02T15:56:13.123843
267,"Unbroken: A World War II Story of Survival, Resilience, and Redemption",45.95,In stock,star-rating Two,https://books.toscrape.com/catalogue/unbroken-a-world-war-ii-story-of-survival-resilience-and-redemption_774/index.html,2026-09-02T15:56:13.228083
268,Twenty Yawns,22.08,In stock,star-rating Two,https://books.toscrape.com/catalogue/twenty-yawns_773/index.html,2026-09-02T15:56:13.387581
269,Through the Woods,25.38,In stock,star-rating Two,https://books.toscrape.com/catalogue/through-the-woods_772/index.html,2026-09-02T15:56:13.496018
270,This Is Where It Ends,27.12,In stock,star-rating Two,https://books.toscrape.com/catalogue/this-is-where-it-ends_771/index.html,2026-09-02T15:56:13.620821
271,The Year of Magical Thinking,43.04,In stock,star-rating Two,https://books.toscrape.com/catalogue/the-year-of-magical-thinking_770/index.html,2026-09-02T15:56:13.705067
272,The Wright Brothers,56.8,In stock,star-rating Four,https://books.toscrape.com/catalogue/the-wright-brothers_769/index.html,2026-09-02T15:56:13.782756
273,The White Queen (The Cousins' War #1),25.91,In stock,star-rating Five,https://books.toscrape.com/catalogue/the-white-queen-the-cousins-war-1_768/index.html,2026-09-02T15:56:13.862874
274,The Wedding Pact (The O'Malleys #2),32.61,In stock,star-rating Three,https://books.toscrape.com/catalogue/the-wedding-pact-the-omalleys-2_767/index.html,2026-09-02T15:56:13.972451
275,The Time Keeper,27.88,In stock,star-rating Five,https://books.toscrape.com/catalogue/the-time-keeper_766/index.html,2026-09-02T15:56:14.077975
276,The Testament of Mary,52.67,In stock,star-rating Four,https://books.toscrape.com/catalogue/the-testament-of-mary_765/index.html,2026-09-02T15:56:14.193186
277,The Star-Touched Queen,46.02,In stock,star-rating Five,https://books.toscrape.com/catalogue/the-star-touched-queen_764/index.html,2026-09-02T15:56:14.274303
278,The Songs of the Gods,44.48,In stock,star-rating Five,https://books.toscrape.com/catalogue/the-songs-of-the-gods_763/index.html,2026-09-02T15:56:14.387310
279,The Song of Achilles,37.4,In stock,star-rating Five,https://books.toscrape.com/catalogue/the-song-of-achilles_762/index.html,2026-09-02T15:56:14.499615
280,The Rosie Project (Don Tillman #1),54.04,In stock,star-rating One,https://books.toscrape.com/catalogue/the-rosie-project-don-tillman-1_761/index.html,2026-09-02T15:56:14.589676
281,The Power of Habit: Why We Do What We Do in Life and Business,16.88,In stock,star-rating Three,https://books.toscrape.com/catalogue/the-power-of-habit-why-we-do-what-we-do-in-life-and-business_760/index.html,2026-09-02T15:56:16.472301
282,The Marriage of Opposites,28.08,In stock,star-rating Four,https://books.toscrape.com/catalogue/the-marriage-of-opposites_759/index.html,2026-09-02T15:56:16.589812
283,The Lucifer Effect: Understanding How Good People Turn Evil,10.4,In stock,star-rating One,https://books.toscrape.com/catalogue/the-lucifer-effect-understanding-how-good-people-turn-evil_758/index.html,2026-09-02T15:56:16.719529
284,The Long Haul (Diary of a Wimpy Kid #9),44.07,In stock,star-rating One,https://books.toscrape.com/catalogue/the-long-haul-diary-of-a-wimpy-kid-9_757/index.html,2026-09-02T15:56:16.849225
285,The Loney,23.4,In stock,star-rating One,https://books.toscrape.com/catalogue/the-loney_756/index.html,2026-09-02T15:56:16.948443
286,The Literature Book (Big Ideas Simply Explained),17.43,In stock,star-rating Three,https://books.toscrape.com/catalogue/the-literature-book-big-ideas-simply-explained_755/index.html,2026-09-02T15:56:17.019211
287,The Last Mile (Amos Decker #2),54.21,In stock,star-rating Two,https://books.toscrape.com/catalogue/the-last-mile-amos-decker-2_754/index.html,2026-09-02T15:56:17.125338
288,The Immortal Life of Henrietta Lacks,40.67,In stock,star-rating Two,https://books.toscrape.com/catalogue/the-immortal-life-of-henrietta-lacks_753/index.html,2026-09-02T15:56:17.271034
289,The Hidden Oracle (The Trials of Apollo #1),52.26,In stock,star-rating Two,https://books.toscrape.com/catalogue/the-hidden-oracle-the-trials-of-apollo-1_752/index.html,2026-09-02T15:56:17.372464
290,The Help Yourself Cookbook for Kids: 60 Easy Plant-Based Recipes Kids Can Make to Stay Healthy and Save the Earth,28.77,In stock,star-rating Three,https://books.toscrape.com/catalogue/the-help-yourself-cookbook-for-kids-60-easy-plant-based-recipes-kids-can-make-to-stay-healthy-and-save-the-earth_751/index.html,2026-09-02T15:56:17.492404
291,The Guilty (Will Robie #4),13.82,In stock,star-rating Two,https://books.toscrape.com/catalogue/the-guilty-will-robie-4_750/index.html,2026-09-02T15:56:17.588689
292,The First Hostage (J.B. Collins #2),25.85,In stock,star-rating Three,https://books.toscrape.com/catalogue/the-first-hostage-jb-collins-2_749/index.html,2026-09-02T15:56:17.685794
293,The Dovekeepers,48.78,In stock,star-rating One,https://books.toscrape.com/catalogue/the-dovekeepers_748/index.html,2026-09-02T15:56:17.778376
294,The Darkest Lie,35.35,In stock,star-rating Five,https://books.toscrape.com/catalogue/the-darkest-lie_747/index.html,2026-09-02T15:56:17.902603
295,The Bane Chronicles (The Bane Chronicles #1-11),44.73,In stock,star-rating Four,https://books.toscrape.com/catalogue/the-bane-chronicles-the-bane-chronicles-1-11_746/index.html,2026-09-02T15:56:18.019288
296,The Bad-Ass Librarians of Timbuktu: And Their Race to Save the World’s Most Precious Manuscripts,15.77,In stock,star-rating One,https://books.toscrape.com/catalogue/the-bad-ass-librarians-of-timbuktu-and-their-race-to-save-the-worlds-most-precious-manuscripts_745/index.html,2026-09-02T15:56:18.107353
297,The 14th Colony (Cotton Malone #11),39.24,In stock,star-rating One,https://books.toscrape.com/catalogue/the-14th-colony-cotton-malone-11_744/index.html,2026-09-02T15:56:18.184309
298,That Darkness (Gardiner and Renner #1),13.92,In stock,star-rating One,https://books.toscrape.com/catalogue/that-darkness-gardiner-and-renner-1_743/index.html,2026-09-02T15:56:18.254277
299,Tastes Like Fear (DI Marnie Rome #3),10.69,In stock,star-rating One,https://books.toscrape.com/catalogue/tastes-like-fear-di-marnie-rome-3_742/index.html,2026-09-02T15:56:18.360407
300,Take Me with You,45.21,In stock,star-rating Three,https://books.toscrape.com/catalogue/take-me-with-you_741/index.html,2026-09-02T15:56:18.442163
301,Swell: A Year of Waves,45.58,In stock,star-rating One,https://books.toscrape.com/catalogue/swell-a-year-of-waves_740/index.html,2026-09-02T15:56:20.957007
302,Superman Vol. 1: Before Truth (Superman by Gene Luen Yang #1),11.89,In stock,star-rating Five,https://books.toscrape.com/catalogue/superman-vol-1-before-truth-superman-by-gene-luen-yang-1_739/index.html,2026-09-02T15:56:21.117123
303,Still Life with Bread Crumbs,26.41,In stock,star-rating Three,https://books.toscrape.com/catalogue/still-life-with-bread-crumbs_738/index.html,2026-09-02T15:56:21.199876
304,Steve Jobs,39.5,In stock,star-rating Five,https://books.toscrape.com/catalogue/steve-jobs_737/index.html,2026-09-02T15:56:21.321247
305,Sorting the Beef from the Bull: The Science of Food Fraud Forensics,44.74,In stock,star-rating Four,https://books.toscrape.com/catalogue/sorting-the-beef-from-the-bull-the-science-of-food-fraud-forensics_736/index.html,2026-09-02T15:56:21.444243
306,Someone Like You (The Harrisons #2),52.79,In stock,star-rating Five,https://books.toscrape.com/catalogue/someone-like-you-the-harrisons-2_735/index.html,2026-09-02T15:56:21.528266
307,"So Cute It Hurts!!, Vol. 6 (So Cute It Hurts!! #6)",35.43,In stock,star-rating Four,https://books.toscrape.com/catalogue/so-cute-it-hurts-vol-6-so-cute-it-hurts-6_734/index.html,2026-09-02T15:56:21.652443
308,Shtum,55.84,In stock,star-rating Four,https://books.toscrape.com/catalogue/shtum_733/index.html,2026-09-02T15:56:21.759696
309,See America: A Celebration of Our National Parks & Treasured Sites,48.87,In stock,star-rating Three,https://books.toscrape.com/catalogue/see-america-a-celebration-of-our-national-parks-treasured-sites_732/index.html,2026-09-02T15:56:21.879723
310,salt.,46.78,In stock,star-rating Four,https://books.toscrape.com/catalogue/salt_731/index.html,2026-09-02T15:56:21.959808
311,Robin War,47.82,In stock,star-rating Three,https://books.toscrape.com/catalogue/robin-war_730/index.html,2026-09-02T15:56:22.045363
312,"Red Hood/Arsenal, Vol. 1: Open for Business (Red Hood/Arsenal #1)",25.48,In stock,star-rating Two,https://books.toscrape.com/catalogue/red-hoodarsenal-vol-1-open-for-business-red-hoodarsenal-1_729/index.html,2026-09-02T15:56:22.137845
313,Rain Fish,23.57,In stock,star-rating Three,https://books.toscrape.com/catalogue/rain-fish_728/index.html,2026-09-02T15:56:22.266520
314,"Quarter Life Poetry: Poems for the Young, Broke and Hangry",50.89,In stock,star-rating Five,https://books.toscrape.com/catalogue/quarter-life-poetry-poems-for-the-young-broke-and-hangry_727/index.html,2026-09-02T15:56:22.363895
315,Pet Sematary,10.56,In stock,star-rating Three,https://books.toscrape.com/catalogue/pet-sematary_726/index.html,2026-09-02T15:56:22.482767
316,"Overload: How to Unplug, Unwind, and Unleash Yourself from the Pressure of Stress",52.15,In stock,star-rating Three,https://books.toscrape.com/catalogue/overload-how-to-unplug-unwind-and-unleash-yourself-from-the-pressure-of-stress_725/index.html,2026-09-02T15:56:22.581390
317,Once Was a Time,18.28,In stock,star-rating Two,https://books.toscrape.com/catalogue/once-was-a-time_724/index.html,2026-09-02T15:56:22.681216
318,Old School (Diary of a Wimpy Kid #10),11.83,In stock,star-rating Five,https://books.toscrape.com/catalogue/old-school-diary-of-a-wimpy-kid-10_723/index.html,2026-09-02T15:56:22.791965
319,No Dream Is Too High: Life Lessons From a Man Who Walked on the Moon,21.95,In stock,star-rating Two,https://books.toscrape.com/catalogue/no-dream-is-too-high-life-lessons-from-a-man-who-walked-on-the-moon_722/index.html,2026-09-02T15:56:22.902076
320,"Naruto (3-in-1 Edition), Vol. 14: Includes Vols. 40, 41 & 42 (Naruto: Omnibus #14)",38.39,In stock,star-rating Two,https://books.toscrape.com/catalogue/naruto-3-in-1-edition-vol-14-includes-vols-40-41-42-naruto-omnibus-14_721/index.html,2026-09-02T15:56:23.011916
321,My Name Is Lucy Barton,41.56,In stock,star-rating One,https://books.toscrape.com/catalogue/my-name-is-lucy-barton_720/index.html,2026-09-02T15:56:28.300441
322,My Mrs. Brown,24.48,In stock,star-rating Three,https://books.toscrape.com/catalogue/my-mrs-brown_719/index.html,2026-09-02T15:56:28.385741
323,My Kind of Crazy,40.36,In stock,star-rating One,https://books.toscrape.com/catalogue/my-kind-of-crazy_718/index.html,2026-09-02T15:56:28.478067
324,Mr. Mercedes (Bill Hodges Trilogy #1),28.9,In stock,star-rating One,https://books.toscrape.com/catalogue/mr-mercedes-bill-hodges-trilogy-1_717/index.html,2026-09-02T15:56:28.558700
325,More Than Music (Chasing the Dream #1),37.61,In stock,star-rating Two,https://books.toscrape.com/catalogue/more-than-music-chasing-the-dream-1_716/index.html,2026-09-02T15:56:28.631367
326,Made to Stick: Why Some Ideas Survive and Others Die,38.85,In stock,star-rating Five,https://books.toscrape.com/catalogue/made-to-stick-why-some-ideas-survive-and-others-die_715/index.html,2026-09-02T15:56:28.706399
327,Luis Paints the World,53.95,In stock,star-rating Three,https://books.toscrape.com/catalogue/luis-paints-the-world_714/index.html,2026-09-02T15:56:28.805219
328,Luckiest Girl Alive,49.83,In stock,star-rating Three,https://books.toscrape.com/catalogue/luckiest-girl-alive_713/index.html,2026-09-02T15:56:28.916416
329,Lowriders to the Center of the Earth (Lowriders in Space #2),51.51,In stock,star-rating Two,https://books.toscrape.com/catalogue/lowriders-to-the-center-of-the-earth-lowriders-in-space-2_712/index.html,2026-09-02T15:56:28.999518
330,Love Is a Mix Tape (Music #1),18.03,In stock,star-rating One,https://books.toscrape.com/catalogue/love-is-a-mix-tape-music-1_711/index.html,2026-09-02T15:56:29.106572
331,Looking for Lovely: Collecting the Moments that Matter,29.14,In stock,star-rating Five,https://books.toscrape.com/catalogue/looking-for-lovely-collecting-the-moments-that-matter_710/index.html,2026-09-02T15:56:29.189017
332,"Living Leadership by Insight: A Good Leader Achieves, a Great Leader Builds Monuments",46.91,In stock,star-rating Four,https://books.toscrape.com/catalogue/living-leadership-by-insight-a-good-leader-achieves-a-great-leader-builds-monuments_709/index.html,2026-09-02T15:56:29.273751
333,Let It Out: A Journey Through Journaling,26.79,In stock,star-rating Five,https://books.toscrape.com/catalogue/let-it-out-a-journey-through-journaling_708/index.html,2026-09-02T15:56:29.374573
334,Lady Midnight (The Dark Artifices #1),16.28,In stock,star-rating Five,https://books.toscrape.com/catalogue/lady-midnight-the-dark-artifices-1_707/index.html,2026-09-02T15:56:29.467553
335,"It's All Easy: Healthy, Delicious Weeknight Meals in under 30 Minutes",19.55,In stock,star-rating One,https://books.toscrape.com/catalogue/its-all-easy-healthy-delicious-weeknight-meals-in-under-30-minutes_706/index.html,2026-09-02T15:56:29.565827
336,Island of Dragons (Unwanteds #7),29.65,In stock,star-rating One,https://books.toscrape.com/catalogue/island-of-dragons-unwanteds-7_705/index.html,2026-09-02T15:56:29.647934
337,I Know What I'm Doing -- and Other Lies I Tell Myself: Dispatches from a Life Under Construction,25.98,In stock,star-rating Four,https://books.toscrape.com/catalogue/i-know-what-im-doing-and-other-lies-i-tell-myself-dispatches-from-a-life-under-construction_704/index.html,2026-09-02T15:56:29.734759
338,I Am Pilgrim (Pilgrim #1),10.6,In stock,star-rating Four,https://books.toscrape.com/catalogue/i-am-pilgrim-pilgrim-1_703/index.html,2026-09-02T15:56:29.849940
339,"Hyperbole and a Half: Unfortunate Situations, Flawed Coping Mechanisms, Mayhem, and Other Things That Happened",14.75,In stock,star-rating Five,https://books.toscrape.com/catalogue/hyperbole-and-a-half-unfortunate-situations-flawed-coping-mechanisms-mayhem-and-other-things-that-happened_702/index.html,2026-09-02T15:56:29.941374
340,"Hush, Hush (Hush, Hush #1)",47.02,In stock,star-rating Three,https://books.toscrape.com/catalogue/hush-hush-hush-hush-1_701/index.html,2026-09-02T15:56:30.030902
341,Hold Your Breath (Search and Rescue #1),28.82,In stock,star-rating One,https://books.toscrape.com/catalogue/hold-your-breath-search-and-rescue-1_700/index.html,2026-09-02T15:56:34.174284
342,Hamilton: The Revolution,58.79,In stock,star-rating Three,https://books.toscrape.com/catalogue/hamilton-the-revolution_699/index.html,2026-09-02T15:56:34.295332
343,Greek Mythic History,10.23,In stock,star-rating Five,https://books.toscrape.com/catalogue/greek-mythic-history_698/index.html,2026-09-02T15:56:34.412881
344,God: The Most Unpleasant Character in All Fiction,30.03,In stock,star-rating Five,https://books.toscrape.com/catalogue/god-the-most-unpleasant-character-in-all-fiction_697/index.html,2026-09-02T15:56:34.502608
345,Glory over Everything: Beyond The Kitchen House,45.84,In stock,star-rating Three,https://books.toscrape.com/catalogue/glory-over-everything-beyond-the-kitchen-house_696/index.html,2026-09-02T15:56:34.578407
346,Feathers: Displays of Brilliant Plumage,49.05,In stock,star-rating Three,https://books.toscrape.com/catalogue/feathers-displays-of-brilliant-plumage_695/index.html,2026-09-02T15:56:34.683055
347,"Far & Away: Places on the Brink of Change: Seven Continents, Twenty-Five Years",15.06,In stock,star-rating Four,https://books.toscrape.com/catalogue/far-away-places-on-the-brink-of-change-seven-continents-twenty-five-years_694/index.html,2026-09-02T15:56:34.761130
348,Every Last Word,46.47,In stock,star-rating Three,https://books.toscrape.com/catalogue/every-last-word_693/index.html,2026-09-02T15:56:34.858752
349,Eligible (The Austen Project #4),27.09,In stock,star-rating Three,https://books.toscrape.com/catalogue/eligible-the-austen-project-4_692/index.html,2026-09-02T15:56:34.941555
350,El Deafo,57.62,In stock,star-rating Five,https://books.toscrape.com/catalogue/el-deafo_691/index.html,2026-09-02T15:56:35.028536
351,Eight Hundred Grapes,14.39,In stock,star-rating Four,https://books.toscrape.com/catalogue/eight-hundred-grapes_690/index.html,2026-09-02T15:56:35.111480
352,"Eaternity: More than 150 Deliciously Easy Vegan Recipes for a Long, Healthy, Satisfied, Joyful Life",51.75,In stock,star-rating Five,https://books.toscrape.com/catalogue/eaternity-more-than-150-deliciously-easy-vegan-recipes-for-a-long-healthy-satisfied-joyful-life_689/index.html,2026-09-02T15:56:35.198755
353,"Eat Fat, Get Thin",54.07,In stock,star-rating Two,https://books.toscrape.com/catalogue/eat-fat-get-thin_688/index.html,2026-09-02T15:56:35.369991
354,Don't Get Caught,55.35,In stock,star-rating One,https://books.toscrape.com/catalogue/dont-get-caught_687/index.html,2026-09-02T15:56:35.484586
355,Doctor Sleep (The Shining #2),40.12,In stock,star-rating Two,https://books.toscrape.com/catalogue/doctor-sleep-the-shining-2_686/index.html,2026-09-02T15:56:35.580905
356,Demigods & Magicians: Percy and Annabeth Meet the Kanes (Percy Jackson & Kane Chronicles Crossover #1-3),37.51,In stock,star-rating Five,https://books.toscrape.com/catalogue/demigods-magicians-percy-and-annabeth-meet-the-kanes-percy-jackson-kane-chronicles-crossover-1-3_685/index.html,2026-09-02T15:56:35.681772
357,Dear Mr. Knightley,11.21,In stock,star-rating Five,https://books.toscrape.com/catalogue/dear-mr-knightley_684/index.html,2026-09-02T15:56:35.769150
358,Daily Fantasy Sports,36.58,In stock,star-rating One,https://books.toscrape.com/catalogue/daily-fantasy-sports_683/index.html,2026-09-02T15:56:35.871556
359,Crazy Love: Overwhelmed by a Relentless God,47.72,In stock,star-rating Two,https://books.toscrape.com/catalogue/crazy-love-overwhelmed-by-a-relentless-god_682/index.html,2026-09-02T15:56:35.950009
360,Cometh the Hour (The Clifton Chronicles #6),25.01,In stock,star-rating Three,https://books.toscrape.com/catalogue/cometh-the-hour-the-clifton-chronicles-6_681/index.html,2026-09-02T15:56:36.053970
361,Code Name Verity (Code Name Verity #1),22.13,In stock,star-rating Four,https://books.toscrape.com/catalogue/code-name-verity-code-name-verity-1_680/index.html,2026-09-02T15:56:44.449443
362,Clockwork Angel (The Infernal Devices #1),44.14,In stock,star-rating One,https://books.toscrape.com/catalogue/clockwork-angel-the-infernal-devices-1_679/index.html,2026-09-02T15:56:44.541065
363,City of Glass (The Mortal Instruments #3),56.02,In stock,star-rating Four,https://books.toscrape.com/catalogue/city-of-glass-the-mortal-instruments-3_678/index.html,2026-09-02T15:56:44.638553
364,City of Fallen Angels (The Mortal Instruments #4),11.23,In stock,star-rating Four,https://books.toscrape.com/catalogue/city-of-fallen-angels-the-mortal-instruments-4_677/index.html,2026-09-02T15:56:44.726266
365,City of Bones (The Mortal Instruments #1),43.28,In stock,star-rating One,https://books.toscrape.com/catalogue/city-of-bones-the-mortal-instruments-1_676/index.html,2026-09-02T15:56:44.800904
366,City of Ashes (The Mortal Instruments #2),47.27,In stock,star-rating One,https://books.toscrape.com/catalogue/city-of-ashes-the-mortal-instruments-2_675/index.html,2026-09-02T15:56:44.878163
367,Cell,20.29,In stock,star-rating Four,https://books.toscrape.com/catalogue/cell_674/index.html,2026-09-02T15:56:44.956932
368,Catching Jordan (Hundred Oaks),50.83,In stock,star-rating Three,https://books.toscrape.com/catalogue/catching-jordan-hundred-oaks_673/index.html,2026-09-02T15:56:45.028088
369,"Carry On, Warrior: Thoughts on Life Unarmed",31.85,In stock,star-rating Three,https://books.toscrape.com/catalogue/carry-on-warrior-thoughts-on-life-unarmed_672/index.html,2026-09-02T15:56:45.108518
370,Carrie,46.23,In stock,star-rating Two,https://books.toscrape.com/catalogue/carrie_671/index.html,2026-09-02T15:56:45.194098
371,Buying In: The Secret Dialogue Between What We Buy and Who We Are,37.8,In stock,star-rating Four,https://books.toscrape.com/catalogue/buying-in-the-secret-dialogue-between-what-we-buy-and-who-we-are_670/index.html,2026-09-02T15:56:45.273174
372,Brain on Fire: My Month of Madness,49.32,In stock,star-rating Five,https://books.toscrape.com/catalogue/brain-on-fire-my-month-of-madness_669/index.html,2026-09-02T15:56:45.372485
373,Batman: Europa,32.01,In stock,star-rating Two,https://books.toscrape.com/catalogue/batman-europa_668/index.html,2026-09-02T15:56:45.464976
374,Barefoot Contessa Back to Basics,28.01,In stock,star-rating One,https://books.toscrape.com/catalogue/barefoot-contessa-back-to-basics_667/index.html,2026-09-02T15:56:45.560279
375,Barefoot Contessa at Home: Everyday Recipes You'll Make Over and Over Again,50.62,In stock,star-rating Five,https://books.toscrape.com/catalogue/barefoot-contessa-at-home-everyday-recipes-youll-make-over-and-over-again_666/index.html,2026-09-02T15:56:45.641921
376,Balloon Animals,17.03,In stock,star-rating Three,https://books.toscrape.com/catalogue/balloon-animals_665/index.html,2026-09-02T15:56:45.744467
377,Art Ops Vol. 1,48.8,In stock,star-rating Three,https://books.toscrape.com/catalogue/art-ops-vol-1_664/index.html,2026-09-02T15:56:45.853690
378,Aristotle and Dante Discover the Secrets of the Universe (Aristotle and Dante Discover the Secrets of the Universe #1),58.14,In stock,star-rating Four,https://books.toscrape.com/catalogue/aristotle-and-dante-discover-the-secrets-of-the-universe-aristotle-and-dante-discover-the-secrets-of-the-universe-1_663/index.html,2026-09-02T15:56:45.961336
379,Angels Walking (Angels Walking #1),34.2,In stock,star-rating Two,https://books.toscrape.com/catalogue/angels-walking-angels-walking-1_662/index.html,2026-09-02T15:56:46.076107
380,Angels & Demons (Robert Langdon #1),51.48,In stock,star-rating Three,https://books.toscrape.com/catalogue/angels-demons-robert-langdon-1_661/index.html,2026-09-02T15:56:46.184004
381,All the Light We Cannot See,29.87,In stock,star-rating Five,https://books.toscrape.com/catalogue/all-the-light-we-cannot-see_660/index.html,2026-09-02T15:56:51.183606
382,"Adulthood Is a Myth: A ""Sarah's Scribbles"" Collection",10.9,In stock,star-rating Two,https://books.toscrape.com/catalogue/adulthood-is-a-myth-a-sarahs-scribbles-collection_659/index.html,2026-09-02T15:56:51.372822
383,Abstract City,56.37,In stock,star-rating Five,https://books.toscrape.com/catalogue/abstract-city_658/index.html,2026-09-02T15:56:51.479982
384,A Time of Torment (Charlie Parker #14),48.35,In stock,star-rating Five,https://books.toscrape.com/catalogue/a-time-of-torment-charlie-parker-14_657/index.html,2026-09-02T15:56:51.564727
385,A Study in Scarlet (Sherlock Holmes #1),16.73,In stock,star-rating Two,https://books.toscrape.com/catalogue/a-study-in-scarlet-sherlock-holmes-1_656/index.html,2026-09-02T15:56:51.667471
386,"A Series of Catastrophes and Miracles: A True Story of Love, Science, and Cancer",56.48,In stock,star-rating Two,https://books.toscrape.com/catalogue/a-series-of-catastrophes-and-miracles-a-true-story-of-love-science-and-cancer_655/index.html,2026-09-02T15:56:51.771304
387,A People's History of the United States,40.79,In stock,star-rating Two,https://books.toscrape.com/catalogue/a-peoples-history-of-the-united-states_654/index.html,2026-09-02T15:56:51.852282
388,A Man Called Ove,39.72,In stock,star-rating One,https://books.toscrape.com/catalogue/a-man-called-ove_653/index.html,2026-09-02T15:56:51.974092
389,A Distant Mirror: The Calamitous 14th Century,14.58,In stock,star-rating Three,https://books.toscrape.com/catalogue/a-distant-mirror-the-calamitous-14th-century_652/index.html,2026-09-02T15:56:52.098887
390,A Brush of Wings (Angels Walking #3),55.51,In stock,star-rating One,https://books.toscrape.com/catalogue/a-brush-of-wings-angels-walking-3_651/index.html,2026-09-02T15:56:52.216650
391,1491: New Revelations of the Americas Before Columbus,21.8,In stock,star-rating Three,https://books.toscrape.com/catalogue/1491-new-revelations-of-the-americas-before-columbus_650/index.html,2026-09-02T15:56:52.287597
392,"The Three Searches, Meaning, and the Story",13.33,In stock,star-rating Three,https://books.toscrape.com/catalogue/the-three-searches-meaning-and-the-story_649/index.html,2026-09-02T15:56:52.374936
393,Searching for Meaning in Gailana,38.73,In stock,star-rating One,https://books.toscrape.com/catalogue/searching-for-meaning-in-gailana_648/index.html,2026-09-02T15:56:52.462163
394,Rook,37.86,In stock,star-rating Four,https://books.toscrape.com/catalogue/rook_647/index.html,2026-09-02T15:56:52.537447
395,My Kitchen Year: 136 Recipes That Saved My Life,11.53,In stock,star-rating Two,https://books.toscrape.com/catalogue/my-kitchen-year-136-recipes-that-saved-my-life_646/index.html,2026-09-02T15:56:52.630862
396,13 Hours: The Inside Account of What Really Happened In Benghazi,27.06,In stock,star-rating One,https://books.toscrape.com/catalogue/13-hours-the-inside-account-of-what-really-happened-in-benghazi_645/index.html,2026-09-02T15:56:52.713952
397,Will You Won't You Want Me?,13.86,In stock,star-rating Three,https://books.toscrape.com/catalogue/will-you-wont-you-want-me_644/index.html,2026-09-02T15:56:52.784968
398,Tipping Point for Planet Earth: How Close Are We to the Edge?,37.55,In stock,star-rating One,https://books.toscrape.com/catalogue/tipping-point-for-planet-earth-how-close-are-we-to-the-edge_643/index.html,2026-09-02T15:56:52.861165
399,The Star-Touched Queen,32.3,In stock,star-rating Five,https://books.toscrape.com/catalogue/the-star-touched-queen_642/index.html,2026-09-02T15:56:52.950356
400,The Silent Sister (Riley MacPherson #1),46.29,In stock,star-rating Five,https://books.toscrape.com/catalogue/the-silent-sister-riley-macpherson-1_641/index.html,2026-09-02T15:56:53.054258
401,The Midnight Watch: A Novel of the Titanic and the Californian,26.2,In stock,star-rating One,https://books.toscrape.com/catalogue/the-midnight-watch-a-novel-of-the-titanic-and-the-californian_640/index.html,2026-09-02T15:56:56.718037
402,The Lonely City: Adventures in the Art of Being Alone,33.26,In stock,star-rating Two,https://books.toscrape.com/catalogue/the-lonely-city-adventures-in-the-art-of-being-alone_639/index.html,2026-09-02T15:56:56.843087
403,The Gray Rhino: How to Recognize and Act on the Obvious Dangers We Ignore,59.15,In stock,star-rating Four,https://books.toscrape.com/catalogue/the-gray-rhino-how-to-recognize-and-act-on-the-obvious-dangers-we-ignore_638/index.html,2026-09-02T15:56:56.928236
404,The Golden Condom: And Other Essays on Love Lost and Found,39.43,In stock,star-rating One,https://books.toscrape.com/catalogue/the-golden-condom-and-other-essays-on-love-lost-and-found_637/index.html,2026-09-02T15:56:57.018148
405,The Epidemic (The Program 0.6),14.44,In stock,star-rating Five,https://books.toscrape.com/catalogue/the-epidemic-the-program-06_636/index.html,2026-09-02T15:56:57.094678
406,The Dinner Party,56.54,In stock,star-rating Two,https://books.toscrape.com/catalogue/the-dinner-party_635/index.html,2026-09-02T15:56:57.192840
407,The Diary of a Young Girl,59.9,In stock,star-rating Three,https://books.toscrape.com/catalogue/the-diary-of-a-young-girl_634/index.html,2026-09-02T15:56:57.280257
408,The Children,11.88,In stock,star-rating Three,https://books.toscrape.com/catalogue/the-children_633/index.html,2026-09-02T15:56:57.363572
409,Stars Above (The Lunar Chronicles #4.5),48.05,In stock,star-rating Two,https://books.toscrape.com/catalogue/stars-above-the-lunar-chronicles-45_632/index.html,2026-09-02T15:56:57.473402
410,Snatched: How A Drug Queen Went Undercover for the DEA and Was Kidnapped By Colombian Guerillas,21.21,In stock,star-rating Three,https://books.toscrape.com/catalogue/snatched-how-a-drug-queen-went-undercover-for-the-dea-and-was-kidnapped-by-colombian-guerillas_631/index.html,2026-09-02T15:56:57.575882
411,Raspberry Pi Electronics Projects for the Evil Genius,49.67,In stock,star-rating Four,https://books.toscrape.com/catalogue/raspberry-pi-electronics-projects-for-the-evil-genius_630/index.html,2026-09-02T15:56:57.653227
412,Quench Your Own Thirst: Business Lessons Learned Over a Beer or Two,43.14,In stock,star-rating One,https://books.toscrape.com/catalogue/quench-your-own-thirst-business-lessons-learned-over-a-beer-or-two_629/index.html,2026-09-02T15:56:57.759911
413,Psycho: Sanitarium (Psycho #1.5),36.97,In stock,star-rating Five,https://books.toscrape.com/catalogue/psycho-sanitarium-psycho-15_628/index.html,2026-09-02T15:56:57.854736
414,Poisonous (Max Revere Novels #3),26.8,In stock,star-rating Three,https://books.toscrape.com/catalogue/poisonous-max-revere-novels-3_627/index.html,2026-09-02T15:56:57.929666
415,One with You (Crossfire #5),15.71,In stock,star-rating Four,https://books.toscrape.com/catalogue/one-with-you-crossfire-5_626/index.html,2026-09-02T15:56:58.007173
416,No Love Allowed (Dodge Cove #1),54.65,In stock,star-rating Four,https://books.toscrape.com/catalogue/no-love-allowed-dodge-cove-1_625/index.html,2026-09-02T15:56:58.118898
417,Murder at the 42nd Street Library (Raymond Ambler #1),54.36,In stock,star-rating Four,https://books.toscrape.com/catalogue/murder-at-the-42nd-street-library-raymond-ambler-1_624/index.html,2026-09-02T15:56:58.221238
418,Most Wanted,35.28,In stock,star-rating Three,https://books.toscrape.com/catalogue/most-wanted_623/index.html,2026-09-02T15:56:58.306770
419,"Love, Lies and Spies",20.55,In stock,star-rating Two,https://books.toscrape.com/catalogue/love-lies-and-spies_622/index.html,2026-09-02T15:56:58.380625
420,How to Speak Golf: An Illustrated Guide to Links Lingo,58.32,In stock,star-rating Five,https://books.toscrape.com/catalogue/how-to-speak-golf-an-illustrated-guide-to-links-lingo_621/index.html,2026-09-02T15:56:58.451227
421,Hide Away (Eve Duncan #20),11.84,In stock,star-rating One,https://books.toscrape.com/catalogue/hide-away-eve-duncan-20_620/index.html,2026-09-02T15:57:00.331937
422,Furiously Happy: A Funny Book About Horrible Things,41.46,In stock,star-rating Four,https://books.toscrape.com/catalogue/furiously-happy-a-funny-book-about-horrible-things_619/index.html,2026-09-02T15:57:00.428668
423,Everyday Italian: 125 Simple and Delicious Recipes,20.1,In stock,star-rating Five,https://books.toscrape.com/catalogue/everyday-italian-125-simple-and-delicious-recipes_618/index.html,2026-09-02T15:57:00.524561
424,Equal Is Unfair: America's Misguided Fight Against Income Inequality,56.86,In stock,star-rating One,https://books.toscrape.com/catalogue/equal-is-unfair-americas-misguided-fight-against-income-inequality_617/index.html,2026-09-02T15:57:00.611804
425,Eleanor & Park,56.51,In stock,star-rating Five,https://books.toscrape.com/catalogue/eleanor-park_616/index.html,2026-09-02T15:57:00.702450
426,Dirty (Dive Bar #1),40.83,In stock,star-rating Four,https://books.toscrape.com/catalogue/dirty-dive-bar-1_615/index.html,2026-09-02T15:57:00.790108
427,Can You Keep a Secret? (Fear Street Relaunch #4),48.64,In stock,star-rating One,https://books.toscrape.com/catalogue/can-you-keep-a-secret-fear-street-relaunch-4_614/index.html,2026-09-02T15:57:00.920123
428,Boar Island (Anna Pigeon #19),59.48,In stock,star-rating Three,https://books.toscrape.com/catalogue/boar-island-anna-pigeon-19_613/index.html,2026-09-02T15:57:01.029661
429,A Paris Apartment,39.01,In stock,star-rating Four,https://books.toscrape.com/catalogue/a-paris-apartment_612/index.html,2026-09-02T15:57:01.125322
430,"A la Mode: 120 Recipes in 60 Pairings: Pies, Tarts, Cakes, Crisps, and More Topped with Ice Cream, Gelato, Frozen Custard, and More",38.77,In stock,star-rating One,https://books.toscrape.com/catalogue/a-la-mode-120-recipes-in-60-pairings-pies-tarts-cakes-crisps-and-more-topped-with-ice-cream-gelato-frozen-custard-and-more_611/index.html,2026-09-02T15:57:01.208649
431,Troublemaker: Surviving Hollywood and Scientology,48.39,In stock,star-rating Two,https://books.toscrape.com/catalogue/troublemaker-surviving-hollywood-and-scientology_610/index.html,2026-09-02T15:57:01.286731
432,The Widow,27.26,In stock,star-rating Two,https://books.toscrape.com/catalogue/the-widow_609/index.html,2026-09-02T15:57:01.373705
433,"The Sleep Revolution: Transforming Your Life, One Night at a Time",11.68,In stock,star-rating Four,https://books.toscrape.com/catalogue/the-sleep-revolution-transforming-your-life-one-night-at-a-time_608/index.html,2026-09-02T15:57:01.477777
434,The Improbability of Love,59.45,In stock,star-rating One,https://books.toscrape.com/catalogue/the-improbability-of-love_607/index.html,2026-09-02T15:57:01.630083
435,The Art of Startup Fundraising,21.0,In stock,star-rating Three,https://books.toscrape.com/catalogue/the-art-of-startup-fundraising_606/index.html,2026-09-02T15:57:01.741034
436,Take Me Home Tonight (Rock Star Romance #3),53.98,In stock,star-rating Three,https://books.toscrape.com/catalogue/take-me-home-tonight-rock-star-romance-3_605/index.html,2026-09-02T15:57:01.838523
437,Sleeping Giants (Themis Files #1),48.74,In stock,star-rating One,https://books.toscrape.com/catalogue/sleeping-giants-themis-files-1_604/index.html,2026-09-02T15:57:01.933489
438,"Setting the World on Fire: The Brief, Astonishing Life of St. Catherine of Siena",21.15,In stock,star-rating Two,https://books.toscrape.com/catalogue/setting-the-world-on-fire-the-brief-astonishing-life-of-st-catherine-of-siena_603/index.html,2026-09-02T15:57:02.057830
439,Playing with Fire,13.71,In stock,star-rating Three,https://books.toscrape.com/catalogue/playing-with-fire_602/index.html,2026-09-02T15:57:02.179995
440,Off the Hook (Fishing for Trouble #1),47.67,In stock,star-rating Three,https://books.toscrape.com/catalogue/off-the-hook-fishing-for-trouble-1_601/index.html,2026-09-02T15:57:02.312879
441,Mothering Sunday,13.34,In stock,star-rating Two,https://books.toscrape.com/catalogue/mothering-sunday_600/index.html,2026-09-02T15:57:05.353825
442,"Mother, Can You Not?",16.89,In stock,star-rating Five,https://books.toscrape.com/catalogue/mother-can-you-not_599/index.html,2026-09-02T15:57:05.435694
443,M Train,27.18,In stock,star-rating One,https://books.toscrape.com/catalogue/m-train_598/index.html,2026-09-02T15:57:05.527486
444,Lilac Girls,17.28,In stock,star-rating Two,https://books.toscrape.com/catalogue/lilac-girls_597/index.html,2026-09-02T15:57:05.604194
445,Lies and Other Acts of Love,45.14,In stock,star-rating One,https://books.toscrape.com/catalogue/lies-and-other-acts-of-love_596/index.html,2026-09-02T15:57:05.686204
446,Lab Girl,40.85,In stock,star-rating One,https://books.toscrape.com/catalogue/lab-girl_595/index.html,2026-09-02T15:57:05.776377
447,Keep Me Posted,20.46,In stock,star-rating Four,https://books.toscrape.com/catalogue/keep-me-posted_594/index.html,2026-09-02T15:57:05.881174
448,It Didn't Start with You: How Inherited Family Trauma Shapes Who We Are and How to End the Cycle,56.27,In stock,star-rating Three,https://books.toscrape.com/catalogue/it-didnt-start-with-you-how-inherited-family-trauma-shapes-who-we-are-and-how-to-end-the-cycle_593/index.html,2026-09-02T15:57:05.969358
449,Grey (Fifty Shades #4),48.49,In stock,star-rating Four,https://books.toscrape.com/catalogue/grey-fifty-shades-4_592/index.html,2026-09-02T15:57:06.055822
450,"Exit, Pursued by a Bear",51.34,In stock,star-rating Four,https://books.toscrape.com/catalogue/exit-pursued-by-a-bear_591/index.html,2026-09-02T15:57:06.129540
451,Daredevils,16.34,In stock,star-rating Three,https://books.toscrape.com/catalogue/daredevils_590/index.html,2026-09-02T15:57:06.214872
452,Cravings: Recipes for What You Want to Eat,20.5,In stock,star-rating Three,https://books.toscrape.com/catalogue/cravings-recipes-for-what-you-want-to-eat_589/index.html,2026-09-02T15:57:06.312443
453,Born for This: How to Find the Work You Were Meant to Do,21.59,In stock,star-rating Five,https://books.toscrape.com/catalogue/born-for-this-how-to-find-the-work-you-were-meant-to-do_588/index.html,2026-09-02T15:57:06.432001
454,Arena,21.36,In stock,star-rating Four,https://books.toscrape.com/catalogue/arena_587/index.html,2026-09-02T15:57:06.538003
455,Adultery,20.88,In stock,star-rating Five,https://books.toscrape.com/catalogue/adultery_586/index.html,2026-09-02T15:57:06.622900
456,A Mother's Reckoning: Living in the Aftermath of Tragedy,19.53,In stock,star-rating Three,https://books.toscrape.com/catalogue/a-mothers-reckoning-living-in-the-aftermath-of-tragedy_585/index.html,2026-09-02T15:57:06.709991
457,A Gentleman's Position (Society of Gentlemen #3),14.75,In stock,star-rating Five,https://books.toscrape.com/catalogue/a-gentlemans-position-society-of-gentlemen-3_584/index.html,2026-09-02T15:57:06.840483
458,11/22/63,48.48,In stock,star-rating Three,https://books.toscrape.com/catalogue/112263_583/index.html,2026-09-02T15:57:06.952512
459,"10% Happier: How I Tamed the Voice in My Head, Reduced Stress Without Losing My Edge, and Found Self-Help That Actually Works",24.57,In stock,star-rating Two,https://books.toscrape.com/catalogue/10-happier-how-i-tamed-the-voice-in-my-head-reduced-stress-without-losing-my-edge-and-found-self-help-that-actually-works_582/index.html,2026-09-02T15:57:07.032145
460,10-Day Green Smoothie Cleanse: Lose Up to 15 Pounds in 10 Days!,49.71,In stock,star-rating Five,https://books.toscrape.com/catalogue/10-day-green-smoothie-cleanse-lose-up-to-15-pounds-in-10-days_581/index.html,2026-09-02T15:57:07.136717
461,Without Shame,48.27,In stock,star-rating Five,https://books.toscrape.com/catalogue/without-shame_580/index.html,2026-09-02T15:57:11.675605
462,Watchmen,58.05,In stock,star-rating Four,https://books.toscrape.com/catalogue/watchmen_579/index.html,2026-09-02T15:57:11.778383
463,Unlimited Intuition Now,58.87,In stock,star-rating Four,https://books.toscrape.com/catalogue/unlimited-intuition-now_578/index.html,2026-09-02T15:57:11.887496
464,Underlying Notes,11.82,In stock,star-rating Two,https://books.toscrape.com/catalogue/underlying-notes_577/index.html,2026-09-02T15:57:11.992835
465,The Shack,28.03,In stock,star-rating One,https://books.toscrape.com/catalogue/the-shack_576/index.html,2026-09-02T15:57:12.098944
466,The New Brand You: Your New Image Makes the Sale for You,44.05,In stock,star-rating Five,https://books.toscrape.com/catalogue/the-new-brand-you-your-new-image-makes-the-sale-for-you_575/index.html,2026-09-02T15:57:12.185951
467,"The Moosewood Cookbook: Recipes from Moosewood Restaurant, Ithaca, New York",12.34,In stock,star-rating Four,https://books.toscrape.com/catalogue/the-moosewood-cookbook-recipes-from-moosewood-restaurant-ithaca-new-york_574/index.html,2026-09-02T15:57:12.276555
468,The Flowers Lied,16.68,In stock,star-rating Two,https://books.toscrape.com/catalogue/the-flowers-lied_573/index.html,2026-09-02T15:57:12.373985
469,"The Fabric of the Cosmos: Space, Time, and the Texture of Reality",55.91,In stock,star-rating One,https://books.toscrape.com/catalogue/the-fabric-of-the-cosmos-space-time-and-the-texture-of-reality_572/index.html,2026-09-02T15:57:12.473018
470,The Book of Mormon,24.57,In stock,star-rating Three,https://books.toscrape.com/catalogue/the-book-of-mormon_571/index.html,2026-09-02T15:57:12.555346
471,The Art and Science of Low Carbohydrate Living,52.98,In stock,star-rating Five,https://books.toscrape.com/catalogue/the-art-and-science-of-low-carbohydrate-living_570/index.html,2026-09-02T15:57:12.671355
472,The Alien Club,54.4,In stock,star-rating One,https://books.toscrape.com/catalogue/the-alien-club_569/index.html,2026-09-02T15:57:12.767336
473,Suzie Snowflake: One beautiful flake (a self-esteem story),54.81,In stock,star-rating Five,https://books.toscrape.com/catalogue/suzie-snowflake-one-beautiful-flake-a-self-esteem-story_568/index.html,2026-09-02T15:57:12.845201
474,Nap-a-Roo,25.08,In stock,star-rating One,https://books.toscrape.com/catalogue/nap-a-roo_567/index.html,2026-09-02T15:57:12.924501
475,"NaNo What Now? Finding your editing process, revising your NaNoWriMo book and building a writing career through publishing and beyond",10.41,In stock,star-rating Four,https://books.toscrape.com/catalogue/nano-what-now-finding-your-editing-process-revising-your-nanowrimo-book-and-building-a-writing-career-through-publishing-and-beyond_566/index.html,2026-09-02T15:57:13.001259
476,Modern Day Fables,47.44,In stock,star-rating Two,https://books.toscrape.com/catalogue/modern-day-fables_565/index.html,2026-09-02T15:57:13.120223
477,If I Gave You God's Phone Number....: Searching for Spirituality in America,20.91,In stock,star-rating One,https://books.toscrape.com/catalogue/if-i-gave-you-gods-phone-number-searching-for-spirituality-in-america_564/index.html,2026-09-02T15:57:13.191824
478,"Fruits Basket, Vol. 9 (Fruits Basket #9)",33.95,In stock,star-rating Four,https://books.toscrape.com/catalogue/fruits-basket-vol-9-fruits-basket-9_563/index.html,2026-09-02T15:57:13.297178
479,Dress Your Family in Corduroy and Denim,43.68,In stock,star-rating Three,https://books.toscrape.com/catalogue/dress-your-family-in-corduroy-and-denim_562/index.html,2026-09-02T15:57:13.384399
480,Don't Forget Steven,33.23,In stock,star-rating One,https://books.toscrape.com/catalogue/dont-forget-steven_561/index.html,2026-09-02T15:57:13.483504
481,Chernobyl 01:23:40: The Incredible True Story of the World's Worst Nuclear Disaster,35.92,In stock,star-rating Two,https://books.toscrape.com/catalogue/chernobyl-012340-the-incredible-true-story-of-the-worlds-worst-nuclear-disaster_560/index.html,2026-09-02T15:57:17.845005
482,Art and Fear: Observations on the Perils (and Rewards) of Artmaking,48.63,In stock,star-rating Four,https://books.toscrape.com/catalogue/art-and-fear-observations-on-the-perils-and-rewards-of-artmaking_559/index.html,2026-09-02T15:57:17.992084
483,A Shard of Ice (The Black Symphony Saga #1),56.63,In stock,star-rating Three,https://books.toscrape.com/catalogue/a-shard-of-ice-the-black-symphony-saga-1_558/index.html,2026-09-02T15:57:18.067540
484,A Hero's Curse (The Unseen Chronicles #1),50.49,In stock,star-rating Three,https://books.toscrape.com/catalogue/a-heros-curse-the-unseen-chronicles-1_557/index.html,2026-09-02T15:57:18.166807
485,23 Degrees South: A Tropical Tale of Changing Whether...,35.79,In stock,star-rating Two,https://books.toscrape.com/catalogue/23-degrees-south-a-tropical-tale-of-changing-whether_556/index.html,2026-09-02T15:57:18.253447
486,"Zero to One: Notes on Startups, or How to Build the Future",34.06,In stock,star-rating Three,https://books.toscrape.com/catalogue/zero-to-one-notes-on-startups-or-how-to-build-the-future_555/index.html,2026-09-02T15:57:18.358038
487,Why Not Me?,17.76,In stock,star-rating One,https://books.toscrape.com/catalogue/why-not-me_554/index.html,2026-09-02T15:57:18.491740
488,When Breath Becomes Air,39.36,In stock,star-rating Two,https://books.toscrape.com/catalogue/when-breath-becomes-air_553/index.html,2026-09-02T15:57:18.583765
489,Vagabonding: An Uncommon Guide to the Art of Long-Term World Travel,36.94,In stock,star-rating Two,https://books.toscrape.com/catalogue/vagabonding-an-uncommon-guide-to-the-art-of-long-term-world-travel_552/index.html,2026-09-02T15:57:18.684265
490,The Unlikely Pilgrimage of Harold Fry (Harold Fry #1),43.62,In stock,star-rating Five,https://books.toscrape.com/catalogue/the-unlikely-pilgrimage-of-harold-fry-harold-fry-1_551/index.html,2026-09-02T15:57:18.802058
491,The New Drawing on the Right Side of the Brain,43.02,In stock,star-rating Three,https://books.toscrape.com/catalogue/the-new-drawing-on-the-right-side-of-the-brain_550/index.html,2026-09-02T15:57:18.920271
492,"The Midnight Assassin: Panic, Scandal, and the Hunt for America's First Serial Killer",28.45,In stock,star-rating Four,https://books.toscrape.com/catalogue/the-midnight-assassin-panic-scandal-and-the-hunt-for-americas-first-serial-killer_549/index.html,2026-09-02T15:57:19.004764
493,The Martian (The Martian #1),41.39,In stock,star-rating Two,https://books.toscrape.com/catalogue/the-martian-the-martian-1_548/index.html,2026-09-02T15:57:19.084902
494,The High Mountains of Portugal,51.15,In stock,star-rating One,https://books.toscrape.com/catalogue/the-high-mountains-of-portugal_547/index.html,2026-09-02T15:57:19.165539
495,The Grownup,35.88,In stock,star-rating One,https://books.toscrape.com/catalogue/the-grownup_546/index.html,2026-09-02T15:57:19.247992
496,The E-Myth Revisited: Why Most Small Businesses Don't Work and What to Do About It,36.91,In stock,star-rating One,https://books.toscrape.com/catalogue/the-e-myth-revisited-why-most-small-businesses-dont-work-and-what-to-do-about-it_545/index.html,2026-09-02T15:57:19.331815
497,South of Sunshine,28.93,In stock,star-rating One,https://books.toscrape.com/catalogue/south-of-sunshine_544/index.html,2026-09-02T15:57:19.421078
498,Smarter Faster Better: The Secrets of Being Productive in Life and Business,38.89,In stock,star-rating Five,https://books.toscrape.com/catalogue/smarter-faster-better-the-secrets-of-being-productive-in-life-and-business_543/index.html,2026-09-02T15:57:19.491277
499,Silence in the Dark (Logan Point #4),58.33,In stock,star-rating Three,https://books.toscrape.com/catalogue/silence-in-the-dark-logan-point-4_542/index.html,2026-09-02T15:57:19.564071
500,Shadows of the Past (Logan Point #1),39.67,In stock,star-rating Five,https://books.toscrape.com/catalogue/shadows-of-the-past-logan-point-1_541/index.html,2026-09-02T15:57:19.668576
501,Roller Girl,14.1,In stock,star-rating Five,https://books.toscrape.com/catalogue/roller-girl_540/index.html,2026-09-02T15:57:25.845338
502,Rising Strong,21.82,In stock,star-rating Three,https://books.toscrape.com/catalogue/rising-strong_539/index.html,2026-09-02T15:57:25.994943
503,Proofs of God: Classical Arguments from Tertullian to Barth,54.21,In stock,star-rating One,https://books.toscrape.com/catalogue/proofs-of-god-classical-arguments-from-tertullian-to-barth_538/index.html,2026-09-02T15:57:26.091095
504,Please Kill Me: The Uncensored Oral History of Punk,31.19,In stock,star-rating Four,https://books.toscrape.com/catalogue/please-kill-me-the-uncensored-oral-history-of-punk_537/index.html,2026-09-02T15:57:26.178890
505,Out of Print: City Lights Spotlight No. 14,53.64,In stock,star-rating Five,https://books.toscrape.com/catalogue/out-of-print-city-lights-spotlight-no-14_536/index.html,2026-09-02T15:57:26.274666
506,My Life Next Door (My Life Next Door ),36.39,In stock,star-rating Five,https://books.toscrape.com/catalogue/my-life-next-door-my-life-next-door_535/index.html,2026-09-02T15:57:26.388616
507,Miller's Valley,58.54,In stock,star-rating Two,https://books.toscrape.com/catalogue/millers-valley_534/index.html,2026-09-02T15:57:26.480718
508,Man's Search for Meaning,29.48,In stock,star-rating Three,https://books.toscrape.com/catalogue/mans-search-for-meaning_533/index.html,2026-09-02T15:57:26.562361
509,"Love That Boy: What Two Presidents, Eight Road Trips, and My Son Taught Me About a Parent's Expectations",25.06,In stock,star-rating Two,https://books.toscrape.com/catalogue/love-that-boy-what-two-presidents-eight-road-trips-and-my-son-taught-me-about-a-parents-expectations_532/index.html,2026-09-02T15:57:26.633808
510,Living Forward: A Proven Plan to Stop Drifting and Get the Life You Want,12.55,In stock,star-rating Three,https://books.toscrape.com/catalogue/living-forward-a-proven-plan-to-stop-drifting-and-get-the-life-you-want_531/index.html,2026-09-02T15:57:26.713040
511,Les Fleurs du Mal,29.04,In stock,star-rating Five,https://books.toscrape.com/catalogue/les-fleurs-du-mal_530/index.html,2026-09-02T15:57:26.832867
512,Left Behind (Left Behind #1),40.72,In stock,star-rating Two,https://books.toscrape.com/catalogue/left-behind-left-behind-1_529/index.html,2026-09-02T15:57:26.963681
513,Kill 'Em and Leave: Searching for James Brown and the American Soul,45.05,In stock,star-rating Five,https://books.toscrape.com/catalogue/kill-em-and-leave-searching-for-james-brown-and-the-american-soul_528/index.html,2026-09-02T15:57:27.096447
514,Kierkegaard: A Christian Missionary to Christians,47.13,In stock,star-rating One,https://books.toscrape.com/catalogue/kierkegaard-a-christian-missionary-to-christians_527/index.html,2026-09-02T15:57:27.191472
515,John Vassos: Industrial Design for Modern Life,20.22,In stock,star-rating Four,https://books.toscrape.com/catalogue/john-vassos-industrial-design-for-modern-life_526/index.html,2026-09-02T15:57:27.305762
516,I'll Give You the Sun,56.48,In stock,star-rating One,https://books.toscrape.com/catalogue/ill-give-you-the-sun_525/index.html,2026-09-02T15:57:27.430995
517,I Will Find You,44.21,In stock,star-rating One,https://books.toscrape.com/catalogue/i-will-find-you_524/index.html,2026-09-02T15:57:27.523584
518,Hystopia: A Novel,21.96,In stock,star-rating Four,https://books.toscrape.com/catalogue/hystopia-a-novel_523/index.html,2026-09-02T15:57:27.685801
519,Howl and Other Poems,40.45,In stock,star-rating Two,https://books.toscrape.com/catalogue/howl-and-other-poems_522/index.html,2026-09-02T15:57:27.804827
520,History of Beauty,10.29,In stock,star-rating Four,https://books.toscrape.com/catalogue/history-of-beauty_521/index.html,2026-09-02T15:57:27.954813
521,Heaven is for Real: A Little Boy's Astounding Story of His Trip to Heaven and Back,52.86,In stock,star-rating Two,https://books.toscrape.com/catalogue/heaven-is-for-real-a-little-boys-astounding-story-of-his-trip-to-heaven-and-back_520/index.html,2026-09-02T15:57:31.948587
522,Future Shock (Future Shock #1),55.65,In stock,star-rating Five,https://books.toscrape.com/catalogue/future-shock-future-shock-1_519/index.html,2026-09-02T15:57:32.104080
523,Ender's Game (The Ender Quintet #1),43.64,In stock,star-rating One,https://books.toscrape.com/catalogue/enders-game-the-ender-quintet-1_518/index.html,2026-09-02T15:57:32.191838
524,Diary of a Citizen Scientist: Chasing Tiger Beetles and Other New Ways of Engaging the World,28.41,In stock,star-rating One,https://books.toscrape.com/catalogue/diary-of-a-citizen-scientist-chasing-tiger-beetles-and-other-new-ways-of-engaging-the-world_517/index.html,2026-09-02T15:57:32.306551
525,Death by Leisure: A Cautionary Tale,37.51,In stock,star-rating Four,https://books.toscrape.com/catalogue/death-by-leisure-a-cautionary-tale_516/index.html,2026-09-02T15:57:32.404012
526,Brilliant Beacons: A History of the American Lighthouse,11.45,In stock,star-rating Three,https://books.toscrape.com/catalogue/brilliant-beacons-a-history-of-the-american-lighthouse_515/index.html,2026-09-02T15:57:32.568677
527,Brazen: The Courage to Find the You That's Been Hiding,19.22,In stock,star-rating Two,https://books.toscrape.com/catalogue/brazen-the-courage-to-find-the-you-thats-been-hiding_514/index.html,2026-09-02T15:57:32.696321
528,Between the World and Me,56.91,In stock,star-rating Four,https://books.toscrape.com/catalogue/between-the-world-and-me_513/index.html,2026-09-02T15:57:32.846329
529,Being Mortal: Medicine and What Matters in the End,55.06,In stock,star-rating Four,https://books.toscrape.com/catalogue/being-mortal-medicine-and-what-matters-in-the-end_512/index.html,2026-09-02T15:57:32.929488
530,"A Murder Over a Girl: Justice, Gender, Junior High",13.2,In stock,star-rating Three,https://books.toscrape.com/catalogue/a-murder-over-a-girl-justice-gender-junior-high_511/index.html,2026-09-02T15:57:33.031961
531,32 Yolks,53.63,In stock,star-rating Two,https://books.toscrape.com/catalogue/32-yolks_510/index.html,2026-09-02T15:57:33.131161
532,"""Most Blessed of the Patriarchs"": Thomas Jefferson and the Empire of the Imagination",44.48,In stock,star-rating Five,https://books.toscrape.com/catalogue/most-blessed-of-the-patriarchs-thomas-jefferson-and-the-empire-of-the-imagination_509/index.html,2026-09-02T15:57:33.246785
533,You Are a Badass: How to Stop Doubting Your Greatness and Start Living an Awesome Life,12.08,In stock,star-rating Three,https://books.toscrape.com/catalogue/you-are-a-badass-how-to-stop-doubting-your-greatness-and-start-living-an-awesome-life_508/index.html,2026-09-02T15:57:33.378945
534,Wildlife of New York: A Five-Borough Coloring Book,22.14,In stock,star-rating Two,https://books.toscrape.com/catalogue/wildlife-of-new-york-a-five-borough-coloring-book_507/index.html,2026-09-02T15:57:33.477785
535,What Happened on Beale Street (Secrets of the South Mysteries #2),25.37,In stock,star-rating Five,https://books.toscrape.com/catalogue/what-happened-on-beale-street-secrets-of-the-south-mysteries-2_506/index.html,2026-09-02T15:57:33.566429
536,Unreasonable Hope: Finding Faith in the God Who Brings Purpose to Your Pain,46.33,In stock,star-rating Two,https://books.toscrape.com/catalogue/unreasonable-hope-finding-faith-in-the-god-who-brings-purpose-to-your-pain_505/index.html,2026-09-02T15:57:33.661004
537,Under the Tuscan Sun,37.33,In stock,star-rating Three,https://books.toscrape.com/catalogue/under-the-tuscan-sun_504/index.html,2026-09-02T15:57:33.777899
538,Toddlers Are A**holes: It's Not Your Fault,25.55,In stock,star-rating One,https://books.toscrape.com/catalogue/toddlers-are-aholes-its-not-your-fault_503/index.html,2026-09-02T15:57:33.856447
539,The Year of Living Biblically: One Man's Humble Quest to Follow the Bible as Literally as Possible,34.72,In stock,star-rating One,https://books.toscrape.com/catalogue/the-year-of-living-biblically-one-mans-humble-quest-to-follow-the-bible-as-literally-as-possible_502/index.html,2026-09-02T15:57:33.965741
540,The Whale,35.96,In stock,star-rating Four,https://books.toscrape.com/catalogue/the-whale_501/index.html,2026-09-02T15:57:34.104213
541,The Story of Art,41.14,In stock,star-rating Four,https://books.toscrape.com/catalogue/the-story-of-art_500/index.html,2026-09-02T15:57:47.422345
542,The Origin of Species,10.01,In stock,star-rating Four,https://books.toscrape.com/catalogue/the-origin-of-species_499/index.html,2026-09-02T15:57:47.541121
543,The Great Gatsby,36.05,In stock,star-rating Four,https://books.toscrape.com/catalogue/the-great-gatsby_498/index.html,2026-09-02T15:57:47.680131
544,The Good Girl,49.03,In stock,star-rating Three,https://books.toscrape.com/catalogue/the-good-girl_497/index.html,2026-09-02T15:57:47.784331
545,The Glass Castle,16.24,In stock,star-rating One,https://books.toscrape.com/catalogue/the-glass-castle_496/index.html,2026-09-02T15:57:47.876311
546,The Faith of Christopher Hitchens: The Restless Soul of the World's Most Notorious Atheist,39.55,In stock,star-rating One,https://books.toscrape.com/catalogue/the-faith-of-christopher-hitchens-the-restless-soul-of-the-worlds-most-notorious-atheist_495/index.html,2026-09-02T15:57:47.987933
547,The Drowning Girls,35.67,In stock,star-rating Three,https://books.toscrape.com/catalogue/the-drowning-girls_494/index.html,2026-09-02T15:57:48.079159
548,The Constant Princess (The Tudor Court #1),16.62,In stock,star-rating Three,https://books.toscrape.com/catalogue/the-constant-princess-the-tudor-court-1_493/index.html,2026-09-02T15:57:48.160817
549,The Bourne Identity (Jason Bourne #1),42.78,In stock,star-rating Four,https://books.toscrape.com/catalogue/the-bourne-identity-jason-bourne-1_492/index.html,2026-09-02T15:57:48.268706
550,The Bachelor Girl's Guide to Murder (Herringford and Watts Mysteries #1),52.3,In stock,star-rating Five,https://books.toscrape.com/catalogue/the-bachelor-girls-guide-to-murder-herringford-and-watts-mysteries-1_491/index.html,2026-09-02T15:57:48.439188
551,The Art Book,32.34,In stock,star-rating Two,https://books.toscrape.com/catalogue/the-art-book_490/index.html,2026-09-02T15:57:48.575940
552,The 7 Habits of Highly Effective People: Powerful Lessons in Personal Change,33.17,In stock,star-rating Four,https://books.toscrape.com/catalogue/the-7-habits-of-highly-effective-people-powerful-lessons-in-personal-change_489/index.html,2026-09-02T15:57:48.682221
553,Team of Rivals: The Political Genius of Abraham Lincoln,20.12,In stock,star-rating Five,https://books.toscrape.com/catalogue/team-of-rivals-the-political-genius-of-abraham-lincoln_488/index.html,2026-09-02T15:57:48.788061
554,Steal Like an Artist: 10 Things Nobody Told You About Being Creative,20.9,In stock,star-rating Two,https://books.toscrape.com/catalogue/steal-like-an-artist-10-things-nobody-told-you-about-being-creative_487/index.html,2026-09-02T15:57:48.877753
555,"Sit, Stay, Love",20.9,In stock,star-rating Three,https://books.toscrape.com/catalogue/sit-stay-love_486/index.html,2026-09-02T15:57:49.012415
556,Sister Dear,40.2,In stock,star-rating Four,https://books.toscrape.com/catalogue/sister-dear_485/index.html,2026-09-02T15:57:49.136316
557,"Shrunken Treasures: Literary Classics, Short, Sweet, and Silly",52.87,In stock,star-rating Three,https://books.toscrape.com/catalogue/shrunken-treasures-literary-classics-short-sweet-and-silly_484/index.html,2026-09-02T15:57:49.256764
558,"Rich Dad, Poor Dad",51.74,In stock,star-rating One,https://books.toscrape.com/catalogue/rich-dad-poor-dad_483/index.html,2026-09-02T15:57:49.423632
559,Raymie Nightingale,34.41,In stock,star-rating Two,https://books.toscrape.com/catalogue/raymie-nightingale_482/index.html,2026-09-02T15:57:49.553336
560,Playing from the Heart,32.38,In stock,star-rating One,https://books.toscrape.com/catalogue/playing-from-the-heart_481/index.html,2026-09-02T15:57:49.679174
561,Nightstruck: A Novel,50.35,In stock,star-rating Four,https://books.toscrape.com/catalogue/nightstruck-a-novel_480/index.html,2026-09-02T15:57:55.487337
562,"Naturally Lean: 125 Nourishing Gluten-Free, Plant-Based Recipes--All Under 300 Calories",11.38,In stock,star-rating Five,https://books.toscrape.com/catalogue/naturally-lean-125-nourishing-gluten-free-plant-based-recipes-all-under-300-calories_479/index.html,2026-09-02T15:57:55.608169
563,Meternity,43.58,In stock,star-rating Three,https://books.toscrape.com/catalogue/meternity_478/index.html,2026-09-02T15:57:55.750079
564,Memoirs of a Geisha,49.67,In stock,star-rating Three,https://books.toscrape.com/catalogue/memoirs-of-a-geisha_477/index.html,2026-09-02T15:57:55.872270
565,Like Never Before (Walker Family #2),28.77,In stock,star-rating Two,https://books.toscrape.com/catalogue/like-never-before-walker-family-2_476/index.html,2026-09-02T15:57:56.055167
566,Life of Pi,13.22,In stock,star-rating Four,https://books.toscrape.com/catalogue/life-of-pi_475/index.html,2026-09-02T15:57:56.145966
567,Leave This Song Behind: Teen Poetry at Its Best,51.17,In stock,star-rating Five,https://books.toscrape.com/catalogue/leave-this-song-behind-teen-poetry-at-its-best_474/index.html,2026-09-02T15:57:56.244957
568,King's Folly (The Kinsman Chronicles #1),39.61,In stock,star-rating Five,https://books.toscrape.com/catalogue/kings-folly-the-kinsman-chronicles-1_473/index.html,2026-09-02T15:57:56.347232
569,John Adams,57.43,In stock,star-rating Four,https://books.toscrape.com/catalogue/john-adams_472/index.html,2026-09-02T15:57:56.432090
570,How to Cook Everything Vegetarian: Simple Meatless Recipes for Great Food (How to Cook Everything),46.01,In stock,star-rating Four,https://books.toscrape.com/catalogue/how-to-cook-everything-vegetarian-simple-meatless-recipes-for-great-food-how-to-cook-everything_471/index.html,2026-09-02T15:57:56.512934
571,How to Be a Domestic Goddess: Baking and the Art of Comfort Cooking,28.25,In stock,star-rating Two,https://books.toscrape.com/catalogue/how-to-be-a-domestic-goddess-baking-and-the-art-of-comfort-cooking_470/index.html,2026-09-02T15:57:56.595844
572,Good in Bed (Cannie Shapiro #1),37.05,In stock,star-rating Five,https://books.toscrape.com/catalogue/good-in-bed-cannie-shapiro-1_469/index.html,2026-09-02T15:57:56.728195
573,"Fruits Basket, Vol. 7 (Fruits Basket #7)",19.57,In stock,star-rating One,https://books.toscrape.com/catalogue/fruits-basket-vol-7-fruits-basket-7_468/index.html,2026-09-02T15:57:56.819434
574,For the Love: Fighting for Grace in a World of Impossible Standards,45.13,In stock,star-rating Three,https://books.toscrape.com/catalogue/for-the-love-fighting-for-grace-in-a-world-of-impossible-standards_467/index.html,2026-09-02T15:57:56.896666
575,Finding God in the Ruins: How God Redeems Pain,46.64,In stock,star-rating Two,https://books.toscrape.com/catalogue/finding-god-in-the-ruins-how-god-redeems-pain_466/index.html,2026-09-02T15:57:56.989892
576,Every Heart a Doorway (Every Heart A Doorway #1),12.16,In stock,star-rating Five,https://books.toscrape.com/catalogue/every-heart-a-doorway-every-heart-a-doorway-1_465/index.html,2026-09-02T15:57:57.135731
577,Delivering the Truth (Quaker Midwife Mystery #1),20.89,In stock,star-rating Four,https://books.toscrape.com/catalogue/delivering-the-truth-quaker-midwife-mystery-1_464/index.html,2026-09-02T15:57:57.280774
578,Counted With the Stars (Out from Egypt #1),17.97,In stock,star-rating Five,https://books.toscrape.com/catalogue/counted-with-the-stars-out-from-egypt-1_463/index.html,2026-09-02T15:57:57.386092
579,"Chronicles, Vol. 1",52.6,In stock,star-rating Two,https://books.toscrape.com/catalogue/chronicles-vol-1_462/index.html,2026-09-02T15:57:57.577572
580,Blue Like Jazz: Nonreligious Thoughts on Christian Spirituality,25.77,In stock,star-rating One,https://books.toscrape.com/catalogue/blue-like-jazz-nonreligious-thoughts-on-christian-spirituality_461/index.html,2026-09-02T15:57:57.660741
581,Benjamin Franklin: An American Life,48.19,In stock,star-rating Three,https://books.toscrape.com/catalogue/benjamin-franklin-an-american-life_460/index.html,2026-09-02T15:58:01.004070
582,"At The Existentialist Café: Freedom, Being, and apricot cocktails with: Jean-Paul Sartre, Simone de Beauvoir, Albert Camus, Martin Heidegger, Edmund Husserl, Karl Jaspers, Maurice Merleau-Ponty and others",29.93,In stock,star-rating Five,https://books.toscrape.com/catalogue/at-the-existentialist-cafe-freedom-being-and-apricot-cocktails-with-jean-paul-sartre-simone-de-beauvoir-albert-camus-martin-heidegger-edmund-husserl-karl-jaspers-maurice-merleau-ponty-and-others_459/index.html,2026-09-02T15:58:01.184530
583,A Summer In Europe,44.34,In stock,star-rating Two,https://books.toscrape.com/catalogue/a-summer-in-europe_458/index.html,2026-09-02T15:58:01.291125
584,A Short History of Nearly Everything,52.4,In stock,star-rating Five,https://books.toscrape.com/catalogue/a-short-history-of-nearly-everything_457/index.html,2026-09-02T15:58:01.387792
585,A Gathering of Shadows (Shades of Magic #2),44.81,In stock,star-rating Four,https://books.toscrape.com/catalogue/a-gathering-of-shadows-shades-of-magic-2_456/index.html,2026-09-02T15:58:01.486924
586,The Sound Of Love,57.84,In stock,star-rating Five,https://books.toscrape.com/catalogue/the-sound-of-love_455/index.html,2026-09-02T15:58:01.616342
587,The Rise and Fall of the Third Reich: A History of Nazi Germany,39.67,In stock,star-rating Two,https://books.toscrape.com/catalogue/the-rise-and-fall-of-the-third-reich-a-history-of-nazi-germany_454/index.html,2026-09-02T15:58:01.733101
588,The Perks of Being a Wallflower,55.02,In stock,star-rating Three,https://books.toscrape.com/catalogue/the-perks-of-being-a-wallflower_453/index.html,2026-09-02T15:58:01.855568
589,The Mysterious Affair at Styles (Hercule Poirot #1),24.8,In stock,star-rating Four,https://books.toscrape.com/catalogue/the-mysterious-affair-at-styles-hercule-poirot-1_452/index.html,2026-09-02T15:58:01.992945
590,The Man Who Mistook His Wife for a Hat and Other Clinical Tales,59.45,In stock,star-rating Four,https://books.toscrape.com/catalogue/the-man-who-mistook-his-wife-for-a-hat-and-other-clinical-tales_451/index.html,2026-09-02T15:58:02.103616
591,The Makings of a Fatherless Child,31.58,In stock,star-rating Two,https://books.toscrape.com/catalogue/the-makings-of-a-fatherless-child_450/index.html,2026-09-02T15:58:02.241789
592,The Joy of Cooking,43.27,In stock,star-rating Four,https://books.toscrape.com/catalogue/the-joy-of-cooking_449/index.html,2026-09-02T15:58:02.370930
593,The Invention of Wings,37.34,In stock,star-rating One,https://books.toscrape.com/catalogue/the-invention-of-wings_448/index.html,2026-09-02T15:58:02.482690
594,The Hobbit (Middle-Earth Universe),17.8,In stock,star-rating Five,https://books.toscrape.com/catalogue/the-hobbit-middle-earth-universe_447/index.html,2026-09-02T15:58:02.579312
595,The Great Railway Bazaar,30.54,In stock,star-rating One,https://books.toscrape.com/catalogue/the-great-railway-bazaar_446/index.html,2026-09-02T15:58:02.684868
596,The Golden Compass (His Dark Materials #1),18.77,In stock,star-rating One,https://books.toscrape.com/catalogue/the-golden-compass-his-dark-materials-1_445/index.html,2026-09-02T15:58:02.778959
597,The God Delusion,46.85,In stock,star-rating Three,https://books.toscrape.com/catalogue/the-god-delusion_444/index.html,2026-09-02T15:58:02.883861
598,The Girl You Left Behind (The Girl You Left Behind #1),15.79,In stock,star-rating One,https://books.toscrape.com/catalogue/the-girl-you-left-behind-the-girl-you-left-behind-1_443/index.html,2026-09-02T15:58:03.071281
599,The Fellowship of the Ring (The Lord of the Rings #1),10.27,In stock,star-rating Two,https://books.toscrape.com/catalogue/the-fellowship-of-the-ring-the-lord-of-the-rings-1_442/index.html,2026-09-02T15:58:03.153813
600,The Collected Poems of W.B. Yeats (The Collected Works of W.B. Yeats #1),15.42,In stock,star-rating Five,https://books.toscrape.com/catalogue/the-collected-poems-of-wb-yeats-the-collected-works-of-wb-yeats-1_441/index.html,2026-09-02T15:58:03.264413
601,The Barefoot Contessa Cookbook,59.92,In stock,star-rating Five,https://books.toscrape.com/catalogue/the-barefoot-contessa-cookbook_440/index.html,2026-09-02T15:58:06.336374
602,Tell the Wolves I'm Home,50.96,In stock,star-rating Two,https://books.toscrape.com/catalogue/tell-the-wolves-im-home_439/index.html,2026-09-02T15:58:06.457251
603,Ship Leaves Harbor: Essays on Travel by a Recovering Journeyman,30.6,In stock,star-rating Three,https://books.toscrape.com/catalogue/ship-leaves-harbor-essays-on-travel-by-a-recovering-journeyman_438/index.html,2026-09-02T15:58:06.534604
604,Pride and Prejudice,19.27,In stock,star-rating Four,https://books.toscrape.com/catalogue/pride-and-prejudice_437/index.html,2026-09-02T15:58:06.638901
605,Musicophilia: Tales of Music and the Brain,46.58,In stock,star-rating One,https://books.toscrape.com/catalogue/musicophilia-tales-of-music-and-the-brain_436/index.html,2026-09-02T15:58:06.733357
606,Mere Christianity,48.51,In stock,star-rating Three,https://books.toscrape.com/catalogue/mere-christianity_435/index.html,2026-09-02T15:58:06.827943
607,Me Before You (Me Before You #1),19.02,In stock,star-rating One,https://books.toscrape.com/catalogue/me-before-you-me-before-you-1_434/index.html,2026-09-02T15:58:06.911375
608,In the Woods (Dublin Murder Squad #1),38.38,In stock,star-rating Two,https://books.toscrape.com/catalogue/in-the-woods-dublin-murder-squad-1_433/index.html,2026-09-02T15:58:06.995306
609,In Cold Blood,49.98,In stock,star-rating Four,https://books.toscrape.com/catalogue/in-cold-blood_432/index.html,2026-09-02T15:58:07.124470
610,How to Stop Worrying and Start Living,46.49,In stock,star-rating Five,https://books.toscrape.com/catalogue/how-to-stop-worrying-and-start-living_431/index.html,2026-09-02T15:58:07.235213
611,Give It Back,18.32,In stock,star-rating Two,https://books.toscrape.com/catalogue/give-it-back_430/index.html,2026-09-02T15:58:07.306716
612,"Girl, Interrupted",42.14,In stock,star-rating Three,https://books.toscrape.com/catalogue/girl-interrupted_429/index.html,2026-09-02T15:58:07.379304
613,Fun Home: A Family Tragicomic,56.59,In stock,star-rating Four,https://books.toscrape.com/catalogue/fun-home-a-family-tragicomic_428/index.html,2026-09-02T15:58:07.459790
614,"Fruits Basket, Vol. 6 (Fruits Basket #6)",20.96,In stock,star-rating Four,https://books.toscrape.com/catalogue/fruits-basket-vol-6-fruits-basket-6_427/index.html,2026-09-02T15:58:07.584853
615,Deception Point,40.32,In stock,star-rating Four,https://books.toscrape.com/catalogue/deception-point_426/index.html,2026-09-02T15:58:07.671709
616,"Death Note, Vol. 6: Give-and-Take (Death Note #6)",36.39,In stock,star-rating Three,https://books.toscrape.com/catalogue/death-note-vol-6-give-and-take-death-note-6_425/index.html,2026-09-02T15:58:07.813479
617,Catherine the Great: Portrait of a Woman,58.55,In stock,star-rating Four,https://books.toscrape.com/catalogue/catherine-the-great-portrait-of-a-woman_424/index.html,2026-09-02T15:58:07.893343
618,Better Homes and Gardens New Cook Book,39.61,In stock,star-rating Three,https://books.toscrape.com/catalogue/better-homes-and-gardens-new-cook-book_423/index.html,2026-09-02T15:58:07.977160
619,An Unquiet Mind: A Memoir of Moods and Madness,21.3,In stock,star-rating Three,https://books.toscrape.com/catalogue/an-unquiet-mind-a-memoir-of-moods-and-madness_422/index.html,2026-09-02T15:58:08.065458
620,A Year in Provence (Provence #1),56.88,In stock,star-rating Four,https://books.toscrape.com/catalogue/a-year-in-provence-provence-1_421/index.html,2026-09-02T15:58:08.140133
621,World Without End (The Pillars of the Earth #2),32.97,In stock,star-rating Four,https://books.toscrape.com/catalogue/world-without-end-the-pillars-of-the-earth-2_420/index.html,2026-09-02T15:58:10.542120
622,"Will Grayson, Will Grayson (Will Grayson, Will Grayson)",47.31,In stock,star-rating Four,https://books.toscrape.com/catalogue/will-grayson-will-grayson-will-grayson-will-grayson_419/index.html,2026-09-02T15:58:10.640163
623,Why Save the Bankers?: And Other Essays on Our Economic and Political Crisis,48.67,In stock,star-rating Two,https://books.toscrape.com/catalogue/why-save-the-bankers-and-other-essays-on-our-economic-and-political-crisis_418/index.html,2026-09-02T15:58:10.728011
624,Where She Went (If I Stay #2),41.73,In stock,star-rating Four,https://books.toscrape.com/catalogue/where-she-went-if-i-stay-2_417/index.html,2026-09-02T15:58:10.813910
625,What If?: Serious Scientific Answers to Absurd Hypothetical Questions,53.68,In stock,star-rating Four,https://books.toscrape.com/catalogue/what-if-serious-scientific-answers-to-absurd-hypothetical-questions_416/index.html,2026-09-02T15:58:10.893555
626,Two Summers,14.64,In stock,star-rating One,https://books.toscrape.com/catalogue/two-summers_415/index.html,2026-09-02T15:58:11.001128
627,This Is Your Brain on Music: The Science of a Human Obsession,38.4,In stock,star-rating One,https://books.toscrape.com/catalogue/this-is-your-brain-on-music-the-science-of-a-human-obsession_414/index.html,2026-09-02T15:58:11.097301
628,The Secret Garden,15.08,In stock,star-rating Four,https://books.toscrape.com/catalogue/the-secret-garden_413/index.html,2026-09-02T15:58:11.178067
629,The Raven King (The Raven Cycle #4),30.57,In stock,star-rating Two,https://books.toscrape.com/catalogue/the-raven-king-the-raven-cycle-4_412/index.html,2026-09-02T15:58:11.269995
630,The Raven Boys (The Raven Cycle #1),57.74,In stock,star-rating Four,https://books.toscrape.com/catalogue/the-raven-boys-the-raven-cycle-1_411/index.html,2026-09-02T15:58:11.398679
631,The Power Greens Cookbook: 140 Delicious Superfood Recipes,11.05,In stock,star-rating Five,https://books.toscrape.com/catalogue/the-power-greens-cookbook-140-delicious-superfood-recipes_410/index.html,2026-09-02T15:58:11.515829
632,The Metamorphosis,28.58,In stock,star-rating One,https://books.toscrape.com/catalogue/the-metamorphosis_409/index.html,2026-09-02T15:58:11.602428
633,The Mathews Men: Seven Brothers and the War Against Hitler's U-boats,42.91,In stock,star-rating Five,https://books.toscrape.com/catalogue/the-mathews-men-seven-brothers-and-the-war-against-hitlers-u-boats_408/index.html,2026-09-02T15:58:11.680785
634,The Little Paris Bookshop,24.73,In stock,star-rating Three,https://books.toscrape.com/catalogue/the-little-paris-bookshop_407/index.html,2026-09-02T15:58:11.800596
635,The Hiding Place,55.91,In stock,star-rating Four,https://books.toscrape.com/catalogue/the-hiding-place_406/index.html,2026-09-02T15:58:11.897261
636,The Grand Design,13.76,In stock,star-rating Three,https://books.toscrape.com/catalogue/the-grand-design_405/index.html,2026-09-02T15:58:11.982439
637,The Firm,45.56,In stock,star-rating Three,https://books.toscrape.com/catalogue/the-firm_404/index.html,2026-09-02T15:58:12.090132
638,The Fault in Our Stars,47.22,In stock,star-rating One,https://books.toscrape.com/catalogue/the-fault-in-our-stars_403/index.html,2026-09-02T15:58:12.198176
639,The False Prince (The Ascendance Trilogy #1),56.0,In stock,star-rating Five,https://books.toscrape.com/catalogue/the-false-prince-the-ascendance-trilogy-1_402/index.html,2026-09-02T15:58:12.362242
640,The Expatriates,44.58,In stock,star-rating Two,https://books.toscrape.com/catalogue/the-expatriates_401/index.html,2026-09-02T15:58:12.445386
641,The Dream Thieves (The Raven Cycle #2),34.5,In stock,star-rating One,https://books.toscrape.com/catalogue/the-dream-thieves-the-raven-cycle-2_400/index.html,2026-09-02T15:58:14.720268
642,The Darkest Corners,11.33,In stock,star-rating Five,https://books.toscrape.com/catalogue/the-darkest-corners_399/index.html,2026-09-02T15:58:14.846779
643,The Crossover,38.77,In stock,star-rating Four,https://books.toscrape.com/catalogue/the-crossover_398/index.html,2026-09-02T15:58:14.945813
644,The 5th Wave (The 5th Wave #1),11.83,In stock,star-rating Two,https://books.toscrape.com/catalogue/the-5th-wave-the-5th-wave-1_397/index.html,2026-09-02T15:58:15.100109
645,Tell the Wind and Fire,45.51,In stock,star-rating Three,https://books.toscrape.com/catalogue/tell-the-wind-and-fire_396/index.html,2026-09-02T15:58:15.226395
646,Tell Me Three Things,41.81,In stock,star-rating One,https://books.toscrape.com/catalogue/tell-me-three-things_395/index.html,2026-09-02T15:58:15.301631
647,Talking to Girls About Duran Duran: One Young Man's Quest for True Love and a Cooler Haircut,25.15,In stock,star-rating Four,https://books.toscrape.com/catalogue/talking-to-girls-about-duran-duran-one-young-mans-quest-for-true-love-and-a-cooler-haircut_394/index.html,2026-09-02T15:58:15.392686
648,Siddhartha,34.22,In stock,star-rating Five,https://books.toscrape.com/catalogue/siddhartha_393/index.html,2026-09-02T15:58:15.485232
649,Shiver (The Wolves of Mercy Falls #1),16.23,In stock,star-rating Five,https://books.toscrape.com/catalogue/shiver-the-wolves-of-mercy-falls-1_392/index.html,2026-09-02T15:58:15.599573
650,Remember Me?,11.48,In stock,star-rating Three,https://books.toscrape.com/catalogue/remember-me_391/index.html,2026-09-02T15:58:15.718633
651,Red Dragon (Hannibal Lecter #1),23.37,In stock,star-rating Three,https://books.toscrape.com/catalogue/red-dragon-hannibal-lecter-1_390/index.html,2026-09-02T15:58:15.838487
652,Peak: Secrets from the New Science of Expertise,16.28,In stock,star-rating Two,https://books.toscrape.com/catalogue/peak-secrets-from-the-new-science-of-expertise_389/index.html,2026-09-02T15:58:15.942572
653,My Mother Was Nuts,31.63,In stock,star-rating Four,https://books.toscrape.com/catalogue/my-mother-was-nuts_388/index.html,2026-09-02T15:58:16.043202
654,Mexican Today: New and Rediscovered Recipes for Contemporary Kitchens,24.91,In stock,star-rating Five,https://books.toscrape.com/catalogue/mexican-today-new-and-rediscovered-recipes-for-contemporary-kitchens_387/index.html,2026-09-02T15:58:16.120892
655,Maybe Something Beautiful: How Art Transformed a Neighborhood,22.54,In stock,star-rating One,https://books.toscrape.com/catalogue/maybe-something-beautiful-how-art-transformed-a-neighborhood_386/index.html,2026-09-02T15:58:16.205196
656,Lola and the Boy Next Door (Anna and the French Kiss #2),23.63,In stock,star-rating Four,https://books.toscrape.com/catalogue/lola-and-the-boy-next-door-anna-and-the-french-kiss-2_385/index.html,2026-09-02T15:58:16.311309
657,Logan Kade (Fallen Crest High #5.5),13.12,In stock,star-rating Two,https://books.toscrape.com/catalogue/logan-kade-fallen-crest-high-55_384/index.html,2026-09-02T15:58:16.403122
658,Last One Home (New Beginnings #1),59.98,In stock,star-rating Three,https://books.toscrape.com/catalogue/last-one-home-new-beginnings-1_383/index.html,2026-09-02T15:58:16.563980
659,Killing Floor (Jack Reacher #1),31.49,In stock,star-rating Four,https://books.toscrape.com/catalogue/killing-floor-jack-reacher-1_382/index.html,2026-09-02T15:58:16.661532
660,Kill the Boy Band,15.52,In stock,star-rating Five,https://books.toscrape.com/catalogue/kill-the-boy-band_381/index.html,2026-09-02T15:58:16.777924
661,Isla and the Happily Ever After (Anna and the French Kiss #3),48.13,In stock,star-rating Five,https://books.toscrape.com/catalogue/isla-and-the-happily-ever-after-anna-and-the-french-kiss-3_380/index.html,2026-09-02T15:58:18.744081
662,If I Stay (If I Stay #1),38.13,In stock,star-rating Five,https://books.toscrape.com/catalogue/if-i-stay-if-i-stay-1_379/index.html,2026-09-02T15:58:18.900470
663,I Know Why the Caged Bird Sings (Maya Angelou's Autobiography #1),36.55,In stock,star-rating Two,https://books.toscrape.com/catalogue/i-know-why-the-caged-bird-sings-maya-angelous-autobiography-1_378/index.html,2026-09-02T15:58:19.043072
664,Harry Potter and the Deathly Hallows (Harry Potter #7),23.32,In stock,star-rating One,https://books.toscrape.com/catalogue/harry-potter-and-the-deathly-hallows-harry-potter-7_377/index.html,2026-09-02T15:58:19.151793
665,"Fruits Basket, Vol. 5 (Fruits Basket #5)",16.33,In stock,star-rating One,https://books.toscrape.com/catalogue/fruits-basket-vol-5-fruits-basket-5_376/index.html,2026-09-02T15:58:19.248727
666,Foundation (Foundation (Publication Order) #1),32.42,In stock,star-rating One,https://books.toscrape.com/catalogue/foundation-foundation-publication-order-1_375/index.html,2026-09-02T15:58:19.340244
667,Fool Me Once,16.96,In stock,star-rating One,https://books.toscrape.com/catalogue/fool-me-once_374/index.html,2026-09-02T15:58:19.450569
668,Find Her (Detective D.D. Warren #8),22.37,In stock,star-rating One,https://books.toscrape.com/catalogue/find-her-detective-dd-warren-8_373/index.html,2026-09-02T15:58:19.554714
669,Evicted: Poverty and Profit in the American City,42.27,In stock,star-rating One,https://books.toscrape.com/catalogue/evicted-poverty-and-profit-in-the-american-city_372/index.html,2026-09-02T15:58:19.648031
670,Drama,38.7,In stock,star-rating Two,https://books.toscrape.com/catalogue/drama_371/index.html,2026-09-02T15:58:19.746069
671,Dracula the Un-Dead,35.63,In stock,star-rating Five,https://books.toscrape.com/catalogue/dracula-the-un-dead_370/index.html,2026-09-02T15:58:19.826848
672,Digital Fortress,58.0,In stock,star-rating Five,https://books.toscrape.com/catalogue/digital-fortress_369/index.html,2026-09-02T15:58:19.915899
673,"Death Note, Vol. 5: Whiteout (Death Note #5)",52.41,In stock,star-rating One,https://books.toscrape.com/catalogue/death-note-vol-5-whiteout-death-note-5_368/index.html,2026-09-02T15:58:20.001914
674,"Data, A Love Story: How I Gamed Online Dating to Meet My Match",32.35,In stock,star-rating Three,https://books.toscrape.com/catalogue/data-a-love-story-how-i-gamed-online-dating-to-meet-my-match_367/index.html,2026-09-02T15:58:20.078239
675,Critique of Pure Reason,20.75,In stock,star-rating One,https://books.toscrape.com/catalogue/critique-of-pure-reason_366/index.html,2026-09-02T15:58:20.187376
676,Booked,17.49,In stock,star-rating Five,https://books.toscrape.com/catalogue/booked_365/index.html,2026-09-02T15:58:20.329599
677,"Blue Lily, Lily Blue (The Raven Cycle #3)",34.13,In stock,star-rating Five,https://books.toscrape.com/catalogue/blue-lily-lily-blue-the-raven-cycle-3_364/index.html,2026-09-02T15:58:20.417662
678,Approval Junkie: Adventures in Caring Too Much,58.81,In stock,star-rating Five,https://books.toscrape.com/catalogue/approval-junkie-adventures-in-caring-too-much_363/index.html,2026-09-02T15:58:20.497853
679,An Abundance of Katherines,10.0,In stock,star-rating Five,https://books.toscrape.com/catalogue/an-abundance-of-katherines_362/index.html,2026-09-02T15:58:20.588148
680,America's War for the Greater Middle East: A Military History,51.22,In stock,star-rating Two,https://books.toscrape.com/catalogue/americas-war-for-the-greater-middle-east-a-military-history_361/index.html,2026-09-02T15:58:20.692671
681,Alight (The Generations Trilogy #2),58.59,In stock,star-rating Four,https://books.toscrape.com/catalogue/alight-the-generations-trilogy-2_360/index.html,2026-09-02T15:58:23.893700
682,A Girl's Guide to Moving On (New Beginnings #2),31.3,In stock,star-rating One,https://books.toscrape.com/catalogue/a-girls-guide-to-moving-on-new-beginnings-2_359/index.html,2026-09-02T15:58:24.075696
683,A Game of Thrones (A Song of Ice and Fire #1),46.42,In stock,star-rating Two,https://books.toscrape.com/catalogue/a-game-of-thrones-a-song-of-ice-and-fire-1_358/index.html,2026-09-02T15:58:24.150755
684,A Feast for Crows (A Song of Ice and Fire #4),17.21,In stock,star-rating Four,https://books.toscrape.com/catalogue/a-feast-for-crows-a-song-of-ice-and-fire-4_357/index.html,2026-09-02T15:58:24.251555
685,A Clash of Kings (A Song of Ice and Fire #2),10.79,In stock,star-rating Three,https://books.toscrape.com/catalogue/a-clash-of-kings-a-song-of-ice-and-fire-2_356/index.html,2026-09-02T15:58:24.358694
686,Vogue Colors A to Z: A Fashion Coloring Book,52.35,In stock,star-rating Four,https://books.toscrape.com/catalogue/vogue-colors-a-to-z-a-fashion-coloring-book_355/index.html,2026-09-02T15:58:24.431040
687,The Shining (The Shining #1),27.88,In stock,star-rating Three,https://books.toscrape.com/catalogue/the-shining-the-shining-1_354/index.html,2026-09-02T15:58:24.505642
688,The Pilgrim's Progress,50.26,In stock,star-rating Two,https://books.toscrape.com/catalogue/the-pilgrims-progress_353/index.html,2026-09-02T15:58:24.591439
689,The Perfect Play (Play by Play #1),59.99,In stock,star-rating Three,https://books.toscrape.com/catalogue/the-perfect-play-play-by-play-1_352/index.html,2026-09-02T15:58:24.688475
690,The Passion of Dolssa,28.32,In stock,star-rating Five,https://books.toscrape.com/catalogue/the-passion-of-dolssa_351/index.html,2026-09-02T15:58:24.782073
691,The Jazz of Physics: The Secret Link Between Music and the Structure of the Universe,38.71,In stock,star-rating Three,https://books.toscrape.com/catalogue/the-jazz-of-physics-the-secret-link-between-music-and-the-structure-of-the-universe_350/index.html,2026-09-02T15:58:24.881618
692,The Hunger Games (The Hunger Games #1),29.85,In stock,star-rating Five,https://books.toscrape.com/catalogue/the-hunger-games-the-hunger-games-1_349/index.html,2026-09-02T15:58:24.974399
693,The Hound of the Baskervilles (Sherlock Holmes #5),14.82,In stock,star-rating Two,https://books.toscrape.com/catalogue/the-hound-of-the-baskervilles-sherlock-holmes-5_348/index.html,2026-09-02T15:58:25.049886
694,The Gunning of America: Business and the Making of American Gun Culture,16.81,In stock,star-rating Four,https://books.toscrape.com/catalogue/the-gunning-of-america-business-and-the-making-of-american-gun-culture_347/index.html,2026-09-02T15:58:25.133651
695,The Geography of Bliss: One Grump's Search for the Happiest Places in the World,28.23,In stock,star-rating Two,https://books.toscrape.com/catalogue/the-geography-of-bliss-one-grumps-search-for-the-happiest-places-in-the-world_346/index.html,2026-09-02T15:58:25.229130
696,The Demonists (Demonist #1),52.11,In stock,star-rating Two,https://books.toscrape.com/catalogue/the-demonists-demonist-1_345/index.html,2026-09-02T15:58:25.355151
697,"The Demon Prince of Momochi House, Vol. 4 (The Demon Prince of Momochi House #4)",27.88,In stock,star-rating Two,https://books.toscrape.com/catalogue/the-demon-prince-of-momochi-house-vol-4-the-demon-prince-of-momochi-house-4_344/index.html,2026-09-02T15:58:25.472843
698,The Bone Hunters (Lexy Vaughan & Steven Macaulay #2),59.71,In stock,star-rating Three,https://books.toscrape.com/catalogue/the-bone-hunters-lexy-vaughan-steven-macaulay-2_343/index.html,2026-09-02T15:58:25.562976
699,The Beast (Black Dagger Brotherhood #14),46.08,In stock,star-rating Five,https://books.toscrape.com/catalogue/the-beast-black-dagger-brotherhood-14_342/index.html,2026-09-02T15:58:25.635873
700,Some Women,13.73,In stock,star-rating Five,https://books.toscrape.com/catalogue/some-women_341/index.html,2026-09-02T15:58:25.708934
701,Shopaholic Ties the Knot (Shopaholic #3),48.39,In stock,star-rating Five,https://books.toscrape.com/catalogue/shopaholic-ties-the-knot-shopaholic-3_340/index.html,2026-09-02T15:58:32.797678
702,Paper and Fire (The Great Library #2),49.45,In stock,star-rating Five,https://books.toscrape.com/catalogue/paper-and-fire-the-great-library-2_339/index.html,2026-09-02T15:58:32.942940
703,Outlander (Outlander #1),19.67,In stock,star-rating Five,https://books.toscrape.com/catalogue/outlander-outlander-1_338/index.html,2026-09-02T15:58:33.084889
704,"Orchestra of Exiles: The Story of Bronislaw Huberman, the Israel Philharmonic, and the One Thousand Jews He Saved from Nazi Horrors",12.36,In stock,star-rating Three,https://books.toscrape.com/catalogue/orchestra-of-exiles-the-story-of-bronislaw-huberman-the-israel-philharmonic-and-the-one-thousand-jews-he-saved-from-nazi-horrors_337/index.html,2026-09-02T15:58:33.193279
705,No One Here Gets Out Alive,20.02,In stock,star-rating Five,https://books.toscrape.com/catalogue/no-one-here-gets-out-alive_336/index.html,2026-09-02T15:58:33.298976
706,Night Shift (Night Shift #1-20),12.75,In stock,star-rating Four,https://books.toscrape.com/catalogue/night-shift-night-shift-1-20_335/index.html,2026-09-02T15:58:33.425257
707,Needful Things,47.51,In stock,star-rating Four,https://books.toscrape.com/catalogue/needful-things_334/index.html,2026-09-02T15:58:33.562259
708,Mockingjay (The Hunger Games #3),20.44,In stock,star-rating Four,https://books.toscrape.com/catalogue/mockingjay-the-hunger-games-3_333/index.html,2026-09-02T15:58:33.666880
709,Misery,34.79,In stock,star-rating Two,https://books.toscrape.com/catalogue/misery_332/index.html,2026-09-02T15:58:33.801773
710,Little Women (Little Women #1),28.07,In stock,star-rating Four,https://books.toscrape.com/catalogue/little-women-little-women-1_331/index.html,2026-09-02T15:58:33.886621
711,It,25.01,In stock,star-rating Three,https://books.toscrape.com/catalogue/it_330/index.html,2026-09-02T15:58:33.979713
712,Harry Potter and the Sorcerer's Stone (Harry Potter #1),13.9,In stock,star-rating Three,https://books.toscrape.com/catalogue/harry-potter-and-the-sorcerers-stone-harry-potter-1_329/index.html,2026-09-02T15:58:34.081838
713,Harry Potter and the Prisoner of Azkaban (Harry Potter #3),24.17,In stock,star-rating Four,https://books.toscrape.com/catalogue/harry-potter-and-the-prisoner-of-azkaban-harry-potter-3_328/index.html,2026-09-02T15:58:34.178580
714,Harry Potter and the Order of the Phoenix (Harry Potter #5),31.63,In stock,star-rating Four,https://books.toscrape.com/catalogue/harry-potter-and-the-order-of-the-phoenix-harry-potter-5_327/index.html,2026-09-02T15:58:34.350164
715,Harry Potter and the Half-Blood Prince (Harry Potter #6),48.75,In stock,star-rating Five,https://books.toscrape.com/catalogue/harry-potter-and-the-half-blood-prince-harry-potter-6_326/index.html,2026-09-02T15:58:34.453381
716,Harry Potter and the Chamber of Secrets (Harry Potter #2),14.74,In stock,star-rating One,https://books.toscrape.com/catalogue/harry-potter-and-the-chamber-of-secrets-harry-potter-2_325/index.html,2026-09-02T15:58:34.591156
717,Gone with the Wind,32.49,In stock,star-rating Three,https://books.toscrape.com/catalogue/gone-with-the-wind_324/index.html,2026-09-02T15:58:34.713965
718,God Is Not Great: How Religion Poisons Everything,27.8,In stock,star-rating One,https://books.toscrape.com/catalogue/god-is-not-great-how-religion-poisons-everything_323/index.html,2026-09-02T15:58:34.820647
719,Girl With a Pearl Earring,26.77,In stock,star-rating One,https://books.toscrape.com/catalogue/girl-with-a-pearl-earring_322/index.html,2026-09-02T15:58:34.920015
720,"Fruits Basket, Vol. 4 (Fruits Basket #4)",50.44,In stock,star-rating Four,https://books.toscrape.com/catalogue/fruits-basket-vol-4-fruits-basket-4_321/index.html,2026-09-02T15:58:35.010695
721,Far From True (Promise Falls Trilogy #2),34.93,In stock,star-rating Two,https://books.toscrape.com/catalogue/far-from-true-promise-falls-trilogy-2_320/index.html,2026-09-02T15:58:39.092590
722,Dark Lover (Black Dagger Brotherhood #1),12.87,In stock,star-rating One,https://books.toscrape.com/catalogue/dark-lover-black-dagger-brotherhood-1_319/index.html,2026-09-02T15:58:39.211884
723,Confessions of a Shopaholic (Shopaholic #1),48.94,In stock,star-rating Two,https://books.toscrape.com/catalogue/confessions-of-a-shopaholic-shopaholic-1_318/index.html,2026-09-02T15:58:39.334463
724,Changing the Game (Play by Play #2),13.38,In stock,star-rating Three,https://books.toscrape.com/catalogue/changing-the-game-play-by-play-2_317/index.html,2026-09-02T15:58:39.439069
725,Candide,58.63,In stock,star-rating Three,https://books.toscrape.com/catalogue/candide_316/index.html,2026-09-02T15:58:39.566195
726,Can You Keep a Secret?,21.94,In stock,star-rating One,https://books.toscrape.com/catalogue/can-you-keep-a-secret_315/index.html,2026-09-02T15:58:39.737880
727,Atlas Shrugged,26.58,In stock,star-rating Five,https://books.toscrape.com/catalogue/atlas-shrugged_314/index.html,2026-09-02T15:58:39.839756
728,Animal Farm,57.22,In stock,star-rating Three,https://books.toscrape.com/catalogue/animal-farm_313/index.html,2026-09-02T15:58:39.935846
729,A Walk to Remember,56.43,In stock,star-rating One,https://books.toscrape.com/catalogue/a-walk-to-remember_312/index.html,2026-09-02T15:58:40.012259
730,A New Earth: Awakening to Your Life's Purpose,55.65,In stock,star-rating Five,https://books.toscrape.com/catalogue/a-new-earth-awakening-to-your-lifes-purpose_311/index.html,2026-09-02T15:58:40.096807
731,"A History of God: The 4,000-Year Quest of Judaism, Christianity, and Islam",27.62,In stock,star-rating One,https://books.toscrape.com/catalogue/a-history-of-god-the-4000-year-quest-of-judaism-christianity-and-islam_310/index.html,2026-09-02T15:58:40.185077
732,'Salem's Lot,49.56,In stock,star-rating Four,https://books.toscrape.com/catalogue/salems-lot_309/index.html,2026-09-02T15:58:40.267751
733,Zero History (Blue Ant #3),34.77,In stock,star-rating One,https://books.toscrape.com/catalogue/zero-history-blue-ant-3_308/index.html,2026-09-02T15:58:40.388162
734,Wuthering Heights,17.73,In stock,star-rating Three,https://books.toscrape.com/catalogue/wuthering-heights_307/index.html,2026-09-02T15:58:40.538767
735,World War Z: An Oral History of the Zombie War,21.8,In stock,star-rating One,https://books.toscrape.com/catalogue/world-war-z-an-oral-history-of-the-zombie-war_306/index.html,2026-09-02T15:58:40.665717
736,Wild: From Lost to Found on the Pacific Crest Trail,46.02,In stock,star-rating Three,https://books.toscrape.com/catalogue/wild-from-lost-to-found-on-the-pacific-crest-trail_305/index.html,2026-09-02T15:58:40.768123
737,"Where'd You Go, Bernadette",18.13,In stock,star-rating One,https://books.toscrape.com/catalogue/whered-you-go-bernadette_304/index.html,2026-09-02T15:58:40.894558
738,When You Are Engulfed in Flames,30.89,In stock,star-rating Five,https://books.toscrape.com/catalogue/when-you-are-engulfed-in-flames_303/index.html,2026-09-02T15:58:41.012935
739,We the People: The Modern-Day Figures Who Have Reshaped and Affirmed the Founding Fathers' Vision of America,31.95,In stock,star-rating Three,https://books.toscrape.com/catalogue/we-the-people-the-modern-day-figures-who-have-reshaped-and-affirmed-the-founding-fathers-vision-of-america_302/index.html,2026-09-02T15:58:41.104220
740,We Are All Completely Beside Ourselves,24.04,In stock,star-rating One,https://books.toscrape.com/catalogue/we-are-all-completely-beside-ourselves_301/index.html,2026-09-02T15:58:41.211504
741,Walk the Edge (Thunder Road #2),32.36,In stock,star-rating Three,https://books.toscrape.com/catalogue/walk-the-edge-thunder-road-2_300/index.html,2026-09-02T15:58:46.904873
742,Voyager (Outlander #3),21.07,In stock,star-rating Five,https://books.toscrape.com/catalogue/voyager-outlander-3_299/index.html,2026-09-02T15:58:47.070635
743,Very Good Lives: The Fringe Benefits of Failure and the Importance of Imagination,50.66,In stock,star-rating Three,https://books.toscrape.com/catalogue/very-good-lives-the-fringe-benefits-of-failure-and-the-importance-of-imagination_298/index.html,2026-09-02T15:58:47.203168
744,Vegan Vegetarian Omnivore: Dinner for Everyone at the Table,13.66,In stock,star-rating Two,https://books.toscrape.com/catalogue/vegan-vegetarian-omnivore-dinner-for-everyone-at-the-table_297/index.html,2026-09-02T15:58:47.348948
745,"Unstuffed: Decluttering Your Home, Mind, and Soul",58.09,In stock,star-rating One,https://books.toscrape.com/catalogue/unstuffed-decluttering-your-home-mind-and-soul_296/index.html,2026-09-02T15:58:47.487887
746,Under the Banner of Heaven: A Story of Violent Faith,30.0,In stock,star-rating One,https://books.toscrape.com/catalogue/under-the-banner-of-heaven-a-story-of-violent-faith_295/index.html,2026-09-02T15:58:47.606451
747,Two Boys Kissing,32.74,In stock,star-rating Two,https://books.toscrape.com/catalogue/two-boys-kissing_294/index.html,2026-09-02T15:58:47.737260
748,Twilight (Twilight #1),41.93,In stock,star-rating Two,https://books.toscrape.com/catalogue/twilight-twilight-1_293/index.html,2026-09-02T15:58:47.878370
749,Twenties Girl,42.8,In stock,star-rating Two,https://books.toscrape.com/catalogue/twenties-girl_292/index.html,2026-09-02T15:58:48.037431
750,"Trespassing Across America: One Man's Epic, Never-Done-Before (and Sort of Illegal) Hike Across the Heartland",53.51,In stock,star-rating One,https://books.toscrape.com/catalogue/trespassing-across-america-one-mans-epic-never-done-before-and-sort-of-illegal-hike-across-the-heartland_291/index.html,2026-09-02T15:58:48.141243
751,Three-Martini Lunch,23.21,In stock,star-rating Three,https://books.toscrape.com/catalogue/three-martini-lunch_290/index.html,2026-09-02T15:58:48.252541
752,"Thinking, Fast and Slow",21.14,In stock,star-rating One,https://books.toscrape.com/catalogue/thinking-fast-and-slow_289/index.html,2026-09-02T15:58:48.337101
753,The Wild Robot,56.07,In stock,star-rating Three,https://books.toscrape.com/catalogue/the-wild-robot_288/index.html,2026-09-02T15:58:48.442458
754,"The Wicked + The Divine, Vol. 3: Commercial Suicide (The Wicked + The Divine)",14.41,In stock,star-rating Three,https://books.toscrape.com/catalogue/the-wicked-the-divine-vol-3-commercial-suicide-the-wicked-the-divine_287/index.html,2026-09-02T15:58:48.523763
755,The Undomestic Goddess,45.75,In stock,star-rating Four,https://books.toscrape.com/catalogue/the-undomestic-goddess_286/index.html,2026-09-02T15:58:48.620612
756,The Travelers,15.77,In stock,star-rating One,https://books.toscrape.com/catalogue/the-travelers_285/index.html,2026-09-02T15:58:48.739345
757,The Tipping Point: How Little Things Can Make a Big Difference,10.02,In stock,star-rating Two,https://books.toscrape.com/catalogue/the-tipping-point-how-little-things-can-make-a-big-difference_284/index.html,2026-09-02T15:58:48.864615
758,The Thing About Jellyfish,48.77,In stock,star-rating One,https://books.toscrape.com/catalogue/the-thing-about-jellyfish_283/index.html,2026-09-02T15:58:48.949139
759,The Stand,57.86,In stock,star-rating Two,https://books.toscrape.com/catalogue/the-stand_282/index.html,2026-09-02T15:58:49.033043
760,The Smitten Kitchen Cookbook,23.59,In stock,star-rating One,https://books.toscrape.com/catalogue/the-smitten-kitchen-cookbook_281/index.html,2026-09-02T15:58:49.113407
761,The Silkworm (Cormoran Strike #2),23.05,In stock,star-rating Five,https://books.toscrape.com/catalogue/the-silkworm-cormoran-strike-2_280/index.html,2026-09-02T15:58:57.723863
762,"The Sandman, Vol. 3: Dream Country (The Sandman (volumes) #3)",55.55,In stock,star-rating Five,https://books.toscrape.com/catalogue/the-sandman-vol-3-dream-country-the-sandman-volumes-3_279/index.html,2026-09-02T15:58:57.878360
763,The Rose & the Dagger (The Wrath and the Dawn #2),58.64,In stock,star-rating Four,https://books.toscrape.com/catalogue/the-rose-the-dagger-the-wrath-and-the-dawn-2_278/index.html,2026-09-02T15:58:57.981626
764,The Road to Little Dribbling: Adventures of an American in Britain (Notes From a Small Island #2),23.21,In stock,star-rating One,https://books.toscrape.com/catalogue/the-road-to-little-dribbling-adventures-of-an-american-in-britain-notes-from-a-small-island-2_277/index.html,2026-09-02T15:58:58.098025
765,The Rise of Theodore Roosevelt (Theodore Roosevelt #1),42.57,In stock,star-rating Three,https://books.toscrape.com/catalogue/the-rise-of-theodore-roosevelt-theodore-roosevelt-1_276/index.html,2026-09-02T15:58:58.216040
766,The Restaurant at the End of the Universe (Hitchhiker's Guide to the Galaxy #2),10.92,In stock,star-rating One,https://books.toscrape.com/catalogue/the-restaurant-at-the-end-of-the-universe-hitchhikers-guide-to-the-galaxy-2_275/index.html,2026-09-02T15:58:58.368807
767,The Rest Is Noise: Listening to the Twentieth Century,34.77,In stock,star-rating One,https://books.toscrape.com/catalogue/the-rest-is-noise-listening-to-the-twentieth-century_274/index.html,2026-09-02T15:58:58.502520
768,The Red Tent,35.66,In stock,star-rating Five,https://books.toscrape.com/catalogue/the-red-tent_273/index.html,2026-09-02T15:58:58.610623
769,The Purpose Driven Life: What on Earth Am I Here for?,37.19,In stock,star-rating Three,https://books.toscrape.com/catalogue/the-purpose-driven-life-what-on-earth-am-i-here-for_272/index.html,2026-09-02T15:58:58.733374
770,The Purest Hook (Second Circle Tattoos #3),12.25,In stock,star-rating One,https://books.toscrape.com/catalogue/the-purest-hook-second-circle-tattoos-3_271/index.html,2026-09-02T15:58:58.847069
771,The Picture of Dorian Gray,29.7,In stock,star-rating Two,https://books.toscrape.com/catalogue/the-picture-of-dorian-gray_270/index.html,2026-09-02T15:58:58.975433
772,The Paris Wife,36.8,In stock,star-rating Three,https://books.toscrape.com/catalogue/the-paris-wife_269/index.html,2026-09-02T15:58:59.104637
773,The Obsession,45.43,In stock,star-rating One,https://books.toscrape.com/catalogue/the-obsession_268/index.html,2026-09-02T15:58:59.199490
774,The Nightingale,26.26,In stock,star-rating Four,https://books.toscrape.com/catalogue/the-nightingale_267/index.html,2026-09-02T15:58:59.295595
775,The New Guy (and Other Senior Year Distractions),44.92,In stock,star-rating Three,https://books.toscrape.com/catalogue/the-new-guy-and-other-senior-year-distractions_266/index.html,2026-09-02T15:58:59.405179
776,The Nanny Diaries (Nanny #1),52.53,In stock,star-rating Five,https://books.toscrape.com/catalogue/the-nanny-diaries-nanny-1_265/index.html,2026-09-02T15:58:59.514775
777,The Name of God is Mercy,37.25,In stock,star-rating Two,https://books.toscrape.com/catalogue/the-name-of-god-is-mercy_264/index.html,2026-09-02T15:58:59.609214
778,The Maze Runner (The Maze Runner #1),20.93,In stock,star-rating One,https://books.toscrape.com/catalogue/the-maze-runner-the-maze-runner-1_263/index.html,2026-09-02T15:58:59.735109
779,The Lover's Dictionary,58.09,In stock,star-rating Two,https://books.toscrape.com/catalogue/the-lovers-dictionary_262/index.html,2026-09-02T15:58:59.844039
780,The Lonely Ones,43.59,In stock,star-rating Five,https://books.toscrape.com/catalogue/the-lonely-ones_261/index.html,2026-09-02T15:58:59.962894
781,The Lean Startup: How Today's Entrepreneurs Use Continuous Innovation to Create Radically Successful Businesses,33.92,In stock,star-rating Three,https://books.toscrape.com/catalogue/the-lean-startup-how-todays-entrepreneurs-use-continuous-innovation-to-create-radically-successful-businesses_260/index.html,2026-09-02T15:59:05.444250
782,The Last Painting of Sara de Vos,55.55,In stock,star-rating Two,https://books.toscrape.com/catalogue/the-last-painting-of-sara-de-vos_259/index.html,2026-09-02T15:59:05.579851
783,"The Land of 10,000 Madonnas",29.64,In stock,star-rating Four,https://books.toscrape.com/catalogue/the-land-of-10000-madonnas_258/index.html,2026-09-02T15:59:05.720672
784,The Infinities,27.41,In stock,star-rating One,https://books.toscrape.com/catalogue/the-infinities_257/index.html,2026-09-02T15:59:05.825466
785,The Husband's Secret,52.51,In stock,star-rating Five,https://books.toscrape.com/catalogue/the-husbands-secret_256/index.html,2026-09-02T15:59:06.005282
786,The Hitchhiker's Guide to the Galaxy (Hitchhiker's Guide to the Galaxy #1),47.8,In stock,star-rating Three,https://books.toscrape.com/catalogue/the-hitchhikers-guide-to-the-galaxy-hitchhikers-guide-to-the-galaxy-1_255/index.html,2026-09-02T15:59:06.126052
787,The Guns of August,14.54,In stock,star-rating Two,https://books.toscrape.com/catalogue/the-guns-of-august_254/index.html,2026-09-02T15:59:06.263455
788,The Guernsey Literary and Potato Peel Pie Society,49.53,In stock,star-rating One,https://books.toscrape.com/catalogue/the-guernsey-literary-and-potato-peel-pie-society_253/index.html,2026-09-02T15:59:06.380273
789,The Goldfinch,43.58,In stock,star-rating Three,https://books.toscrape.com/catalogue/the-goldfinch_252/index.html,2026-09-02T15:59:06.483254
790,The Giver (The Giver Quartet #1),12.3,In stock,star-rating One,https://books.toscrape.com/catalogue/the-giver-the-giver-quartet-1_251/index.html,2026-09-02T15:59:06.644656
791,The Girl with All the Gifts,49.47,In stock,star-rating Three,https://books.toscrape.com/catalogue/the-girl-with-all-the-gifts_250/index.html,2026-09-02T15:59:06.758877
792,The Girl Who Played with Fire (Millennium Trilogy #2),22.14,In stock,star-rating Two,https://books.toscrape.com/catalogue/the-girl-who-played-with-fire-millennium-trilogy-2_249/index.html,2026-09-02T15:59:06.865353
793,The Girl Who Kicked the Hornet's Nest (Millennium Trilogy #3),57.48,In stock,star-rating One,https://books.toscrape.com/catalogue/the-girl-who-kicked-the-hornets-nest-millennium-trilogy-3_248/index.html,2026-09-02T15:59:07.005673
794,The Exiled,43.45,In stock,star-rating Three,https://books.toscrape.com/catalogue/the-exiled_247/index.html,2026-09-02T15:59:07.120838
795,"The End of Faith: Religion, Terror, and the Future of Reason",22.13,In stock,star-rating Four,https://books.toscrape.com/catalogue/the-end-of-faith-religion-terror-and-the-future-of-reason_246/index.html,2026-09-02T15:59:07.223195
796,"The Elegant Universe: Superstrings, Hidden Dimensions, and the Quest for the Ultimate Theory",13.03,In stock,star-rating Four,https://books.toscrape.com/catalogue/the-elegant-universe-superstrings-hidden-dimensions-and-the-quest-for-the-ultimate-theory_245/index.html,2026-09-02T15:59:07.325878
797,"The Disappearing Spoon: And Other True Tales of Madness, Love, and the History of the World from the Periodic Table of the Elements",57.35,In stock,star-rating Five,https://books.toscrape.com/catalogue/the-disappearing-spoon-and-other-true-tales-of-madness-love-and-the-history-of-the-world-from-the-periodic-table-of-the-elements_244/index.html,2026-09-02T15:59:07.420572
798,The Devil Wears Prada (The Devil Wears Prada #1),44.29,In stock,star-rating One,https://books.toscrape.com/catalogue/the-devil-wears-prada-the-devil-wears-prada-1_243/index.html,2026-09-02T15:59:07.510421
799,The Demon-Haunted World: Science as a Candle in the Dark,52.25,In stock,star-rating Four,https://books.toscrape.com/catalogue/the-demon-haunted-world-science-as-a-candle-in-the-dark_242/index.html,2026-09-02T15:59:07.666380
800,The Day the Crayons Came Home (Crayons),26.33,In stock,star-rating Five,https://books.toscrape.com/catalogue/the-day-the-crayons-came-home-crayons_241/index.html,2026-09-02T15:59:07.758424
801,The Da Vinci Code (Robert Langdon #2),22.96,In stock,star-rating Two,https://books.toscrape.com/catalogue/the-da-vinci-code-robert-langdon-2_240/index.html,2026-09-02T15:59:14.297428
802,The Cuckoo's Calling (Cormoran Strike #1),19.21,In stock,star-rating One,https://books.toscrape.com/catalogue/the-cuckoos-calling-cormoran-strike-1_239/index.html,2026-09-02T15:59:14.453018
803,The Complete Stories and Poems (The Works of Edgar Allan Poe [Cameo Edition]),26.78,In stock,star-rating Four,https://books.toscrape.com/catalogue/the-complete-stories-and-poems-the-works-of-edgar-allan-poe-cameo-edition_238/index.html,2026-09-02T15:59:14.571531
804,The Complete Poems,41.32,In stock,star-rating Five,https://books.toscrape.com/catalogue/the-complete-poems_237/index.html,2026-09-02T15:59:14.647477
805,The Catcher in the Rye,24.55,In stock,star-rating One,https://books.toscrape.com/catalogue/the-catcher-in-the-rye_236/index.html,2026-09-02T15:59:14.743793
806,The Cat in the Hat (Beginner Books B-1),16.26,In stock,star-rating Two,https://books.toscrape.com/catalogue/the-cat-in-the-hat-beginner-books-b-1_235/index.html,2026-09-02T15:59:14.842313
807,The Case for Christ (Cases for Christianity),47.84,In stock,star-rating One,https://books.toscrape.com/catalogue/the-case-for-christ-cases-for-christianity_234/index.html,2026-09-02T15:59:14.925149
808,The Book Thief,53.49,In stock,star-rating Two,https://books.toscrape.com/catalogue/the-book-thief_233/index.html,2026-09-02T15:59:15.006488
809,The Book of Basketball: The NBA According to The Sports Guy,44.84,In stock,star-rating Five,https://books.toscrape.com/catalogue/the-book-of-basketball-the-nba-according-to-the-sports-guy_232/index.html,2026-09-02T15:59:15.127700
810,The Blind Side: Evolution of a Game,53.71,In stock,star-rating Five,https://books.toscrape.com/catalogue/the-blind-side-evolution-of-a-game_231/index.html,2026-09-02T15:59:15.203340
811,The Autobiography of Malcolm X,23.43,In stock,star-rating Two,https://books.toscrape.com/catalogue/the-autobiography-of-malcolm-x_230/index.html,2026-09-02T15:59:15.278549
812,"The Art of Simple Food: Notes, Lessons, and Recipes from a Delicious Revolution",34.32,In stock,star-rating Three,https://books.toscrape.com/catalogue/the-art-of-simple-food-notes-lessons-and-recipes-from-a-delicious-revolution_229/index.html,2026-09-02T15:59:15.358836
813,The Art of Fielding,22.1,In stock,star-rating One,https://books.toscrape.com/catalogue/the-art-of-fielding_228/index.html,2026-09-02T15:59:15.571586
814,"Surely You're Joking, Mr. Feynman!: Adventures of a Curious Character",25.83,In stock,star-rating Two,https://books.toscrape.com/catalogue/surely-youre-joking-mr-feynman-adventures-of-a-curious-character_227/index.html,2026-09-02T15:59:15.705974
815,Stiff: The Curious Lives of Human Cadavers,36.74,In stock,star-rating Three,https://books.toscrape.com/catalogue/stiff-the-curious-lives-of-human-cadavers_226/index.html,2026-09-02T15:59:15.848350
816,Spilled Milk: Based on a True Story,49.51,In stock,star-rating One,https://books.toscrape.com/catalogue/spilled-milk-based-on-a-true-story_225/index.html,2026-09-02T15:59:15.967742
817,Something Borrowed (Darcy & Rachel #1),48.96,In stock,star-rating Five,https://books.toscrape.com/catalogue/something-borrowed-darcy-rachel-1_224/index.html,2026-09-02T15:59:16.049365
818,Something Blue (Darcy & Rachel #2),54.62,In stock,star-rating One,https://books.toscrape.com/catalogue/something-blue-darcy-rachel-2_223/index.html,2026-09-02T15:59:16.162390
819,Soldier (Talon #3),24.72,In stock,star-rating Two,https://books.toscrape.com/catalogue/soldier-talon-3_222/index.html,2026-09-02T15:59:16.248310
820,Shopaholic & Baby (Shopaholic #5),46.45,In stock,star-rating Two,https://books.toscrape.com/catalogue/shopaholic-baby-shopaholic-5_221/index.html,2026-09-02T15:59:16.373474
821,Seven Days in the Art World,52.33,In stock,star-rating Two,https://books.toscrape.com/catalogue/seven-days-in-the-art-world_220/index.html,2026-09-02T15:59:32.466581
822,Seven Brief Lessons on Physics,30.6,In stock,star-rating Four,https://books.toscrape.com/catalogue/seven-brief-lessons-on-physics_219/index.html,2026-09-02T15:59:32.576832
823,Scarlet (The Lunar Chronicles #2),14.57,In stock,star-rating Four,https://books.toscrape.com/catalogue/scarlet-the-lunar-chronicles-2_218/index.html,2026-09-02T15:59:32.664833
824,Sarah's Key,46.29,In stock,star-rating One,https://books.toscrape.com/catalogue/sarahs-key_217/index.html,2026-09-02T15:59:32.795940
825,"Saga, Volume 3 (Saga (Collected Editions) #3)",21.57,In stock,star-rating Five,https://books.toscrape.com/catalogue/saga-volume-3-saga-collected-editions-3_216/index.html,2026-09-02T15:59:32.971245
826,Running with Scissors,12.91,In stock,star-rating Four,https://books.toscrape.com/catalogue/running-with-scissors_215/index.html,2026-09-02T15:59:33.176458
827,Rogue Lawyer (Rogue Lawyer #1),50.11,In stock,star-rating Three,https://books.toscrape.com/catalogue/rogue-lawyer-rogue-lawyer-1_214/index.html,2026-09-02T15:59:33.334825
828,"Rise of the Rocket Girls: The Women Who Propelled Us, from Missiles to the Moon to Mars",41.67,In stock,star-rating Four,https://books.toscrape.com/catalogue/rise-of-the-rocket-girls-the-women-who-propelled-us-from-missiles-to-the-moon-to-mars_213/index.html,2026-09-02T15:59:33.471932
829,Rework,44.88,In stock,star-rating Two,https://books.toscrape.com/catalogue/rework_212/index.html,2026-09-02T15:59:33.570543
830,Reservations for Two,11.1,In stock,star-rating Three,https://books.toscrape.com/catalogue/reservations-for-two_211/index.html,2026-09-02T15:59:33.669186
831,Red: The True Story of Red Riding Hood,28.54,In stock,star-rating Three,https://books.toscrape.com/catalogue/red-the-true-story-of-red-riding-hood_210/index.html,2026-09-02T15:59:33.755845
832,Ready Player One,19.07,In stock,star-rating Four,https://books.toscrape.com/catalogue/ready-player-one_209/index.html,2026-09-02T15:59:33.863369
833,Quiet: The Power of Introverts in a World That Can't Stop Talking,43.55,In stock,star-rating One,https://books.toscrape.com/catalogue/quiet-the-power-of-introverts-in-a-world-that-cant-stop-talking_208/index.html,2026-09-02T15:59:33.996762
834,Prodigy: The Graphic Novel (Legend: The Graphic Novel #2),43.63,In stock,star-rating Three,https://books.toscrape.com/catalogue/prodigy-the-graphic-novel-legend-the-graphic-novel-2_207/index.html,2026-09-02T15:59:34.078846
835,Persepolis: The Story of a Childhood (Persepolis #1-2),39.13,In stock,star-rating One,https://books.toscrape.com/catalogue/persepolis-the-story-of-a-childhood-persepolis-1-2_206/index.html,2026-09-02T15:59:34.258115
836,Packing for Mars: The Curious Science of Life in the Void,56.68,In stock,star-rating Two,https://books.toscrape.com/catalogue/packing-for-mars-the-curious-science-of-life-in-the-void_205/index.html,2026-09-02T15:59:34.414441
837,Outliers: The Story of Success,14.16,In stock,star-rating One,https://books.toscrape.com/catalogue/outliers-the-story-of-success_204/index.html,2026-09-02T15:59:34.549010
838,Original Fake,31.45,In stock,star-rating Three,https://books.toscrape.com/catalogue/original-fake_203/index.html,2026-09-02T15:59:34.640052
839,Orange Is the New Black,24.61,In stock,star-rating Two,https://books.toscrape.com/catalogue/orange-is-the-new-black_202/index.html,2026-09-02T15:59:34.751231
840,One for the Money (Stephanie Plum #1),32.87,In stock,star-rating Two,https://books.toscrape.com/catalogue/one-for-the-money-stephanie-plum-1_201/index.html,2026-09-02T15:59:34.857657
841,Notes from a Small Island (Notes From a Small Island #1),40.17,In stock,star-rating One,https://books.toscrape.com/catalogue/notes-from-a-small-island-notes-from-a-small-island-1_200/index.html,2026-09-02T15:59:43.631238
842,Night (The Night Trilogy #1),13.51,In stock,star-rating One,https://books.toscrape.com/catalogue/night-the-night-trilogy-1_199/index.html,2026-09-02T15:59:43.777051
843,Neither Here nor There: Travels in Europe,38.95,In stock,star-rating Three,https://books.toscrape.com/catalogue/neither-here-nor-there-travels-in-europe_198/index.html,2026-09-02T15:59:43.925253
844,Naked,31.69,In stock,star-rating Three,https://books.toscrape.com/catalogue/naked_197/index.html,2026-09-02T15:59:44.021623
845,Morning Star (Red Rising #3),29.4,In stock,star-rating One,https://books.toscrape.com/catalogue/morning-star-red-rising-3_196/index.html,2026-09-02T15:59:44.095007
846,"Miracles from Heaven: A Little Girl, Her Journey to Heaven, and Her Amazing Story of Healing",57.83,In stock,star-rating One,https://books.toscrape.com/catalogue/miracles-from-heaven-a-little-girl-her-journey-to-heaven-and-her-amazing-story-of-healing_195/index.html,2026-09-02T15:59:44.172590
847,Midnight Riot (Peter Grant/ Rivers of London - books #1),55.46,In stock,star-rating Two,https://books.toscrape.com/catalogue/midnight-riot-peter-grant-rivers-of-london-books-1_194/index.html,2026-09-02T15:59:44.270275
848,Me Talk Pretty One Day,57.6,In stock,star-rating Two,https://books.toscrape.com/catalogue/me-talk-pretty-one-day_193/index.html,2026-09-02T15:59:44.354009
849,Manuscript Found in Accra,34.98,In stock,star-rating Two,https://books.toscrape.com/catalogue/manuscript-found-in-accra_192/index.html,2026-09-02T15:59:44.502003
850,Lust & Wonder,11.87,In stock,star-rating Two,https://books.toscrape.com/catalogue/lust-wonder_191/index.html,2026-09-02T15:59:44.656517
851,Lila (Gilead #3),12.47,In stock,star-rating Three,https://books.toscrape.com/catalogue/lila-gilead-3_190/index.html,2026-09-02T15:59:44.740819
852,"Life, the Universe and Everything (Hitchhiker's Guide to the Galaxy #3)",33.26,In stock,star-rating Two,https://books.toscrape.com/catalogue/life-the-universe-and-everything-hitchhikers-guide-to-the-galaxy-3_189/index.html,2026-09-02T15:59:44.871511
853,Life Without a Recipe,59.04,In stock,star-rating Five,https://books.toscrape.com/catalogue/life-without-a-recipe_188/index.html,2026-09-02T15:59:44.994683
854,Life After Life,26.13,In stock,star-rating Two,https://books.toscrape.com/catalogue/life-after-life_187/index.html,2026-09-02T15:59:45.073452
855,Letter to a Christian Nation,22.2,In stock,star-rating One,https://books.toscrape.com/catalogue/letter-to-a-christian-nation_186/index.html,2026-09-02T15:59:45.167233
856,Let's Pretend This Never Happened: A Mostly True Memoir,45.11,In stock,star-rating One,https://books.toscrape.com/catalogue/lets-pretend-this-never-happened-a-mostly-true-memoir_185/index.html,2026-09-02T15:59:45.266168
857,Legend (Legend #1),43.69,In stock,star-rating Four,https://books.toscrape.com/catalogue/legend-legend-1_184/index.html,2026-09-02T15:59:45.359300
858,"Lean In: Women, Work, and the Will to Lead",25.02,In stock,star-rating One,https://books.toscrape.com/catalogue/lean-in-women-work-and-the-will-to-lead_183/index.html,2026-09-02T15:59:45.492464
859,"Lamb: The Gospel According to Biff, Christ's Childhood Pal",55.5,In stock,star-rating Five,https://books.toscrape.com/catalogue/lamb-the-gospel-according-to-biff-christs-childhood-pal_182/index.html,2026-09-02T15:59:45.616412
860,Lady Renegades (Rebel Belle #3),53.04,In stock,star-rating Five,https://books.toscrape.com/catalogue/lady-renegades-rebel-belle-3_181/index.html,2026-09-02T15:59:45.747061
861,Jurassic Park (Jurassic Park #1),44.97,In stock,star-rating One,https://books.toscrape.com/catalogue/jurassic-park-jurassic-park-1_180/index.html,2026-09-02T15:59:49.996710
862,It's Never Too Late to Begin Again: Discovering Creativity and Meaning at Midlife and Beyond,42.38,In stock,star-rating One,https://books.toscrape.com/catalogue/its-never-too-late-to-begin-again-discovering-creativity-and-meaning-at-midlife-and-beyond_179/index.html,2026-09-02T15:59:50.177532
863,Is Everyone Hanging Out Without Me? (And Other Concerns),20.11,In stock,star-rating Three,https://books.toscrape.com/catalogue/is-everyone-hanging-out-without-me-and-other-concerns_178/index.html,2026-09-02T15:59:50.322161
864,Into the Wild,56.7,In stock,star-rating Five,https://books.toscrape.com/catalogue/into-the-wild_177/index.html,2026-09-02T15:59:50.434261
865,Inferno (Robert Langdon #4),41.0,In stock,star-rating Five,https://books.toscrape.com/catalogue/inferno-robert-langdon-4_176/index.html,2026-09-02T15:59:50.519932
866,"In the Garden of Beasts: Love, Terror, and an American Family in Hitler's Berlin",28.85,In stock,star-rating Three,https://books.toscrape.com/catalogue/in-the-garden-of-beasts-love-terror-and-an-american-family-in-hitlers-berlin_175/index.html,2026-09-02T15:59:50.605354
867,If I Run (If I Run #1),49.97,In stock,star-rating Four,https://books.toscrape.com/catalogue/if-i-run-if-i-run-1_174/index.html,2026-09-02T15:59:50.686242
868,I've Got Your Number,19.69,In stock,star-rating One,https://books.toscrape.com/catalogue/ive-got-your-number_173/index.html,2026-09-02T15:59:50.808398
869,I Am Malala: The Girl Who Stood Up for Education and Was Shot by the Taliban,28.88,In stock,star-rating Two,https://books.toscrape.com/catalogue/i-am-malala-the-girl-who-stood-up-for-education-and-was-shot-by-the-taliban_172/index.html,2026-09-02T15:59:50.937175
870,Hungry Girl Clean & Hungry: Easy All-Natural Recipes for Healthy Eating in the Real World,33.14,In stock,star-rating Three,https://books.toscrape.com/catalogue/hungry-girl-clean-hungry-easy-all-natural-recipes-for-healthy-eating-in-the-real-world_171/index.html,2026-09-02T15:59:51.044606
871,"House of Lost Worlds: Dinosaurs, Dynasties, and the Story of Life on Earth",43.7,In stock,star-rating Two,https://books.toscrape.com/catalogue/house-of-lost-worlds-dinosaurs-dynasties-and-the-story-of-life-on-earth_170/index.html,2026-09-02T15:59:51.143864
872,House of Leaves,54.89,In stock,star-rating One,https://books.toscrape.com/catalogue/house-of-leaves_169/index.html,2026-09-02T15:59:51.304686
873,Horrible Bear!,37.52,In stock,star-rating Two,https://books.toscrape.com/catalogue/horrible-bear_168/index.html,2026-09-02T15:59:51.484751
874,Holidays on Ice,51.07,In stock,star-rating Two,https://books.toscrape.com/catalogue/holidays-on-ice_167/index.html,2026-09-02T15:59:51.584174
875,Heir to the Sky,44.07,In stock,star-rating Four,https://books.toscrape.com/catalogue/heir-to-the-sky_166/index.html,2026-09-02T15:59:51.658868
876,Green Eggs and Ham (Beginner Books B-16),10.79,In stock,star-rating Four,https://books.toscrape.com/catalogue/green-eggs-and-ham-beginner-books-b-16_165/index.html,2026-09-02T15:59:51.735932
877,"Grayson, Vol 3: Nemesis (Grayson #3)",42.72,In stock,star-rating One,https://books.toscrape.com/catalogue/grayson-vol-3-nemesis-grayson-3_164/index.html,2026-09-02T15:59:51.869787
878,Gratitude,26.66,In stock,star-rating Five,https://books.toscrape.com/catalogue/gratitude_163/index.html,2026-09-02T15:59:52.034251
879,Gone Girl,37.6,In stock,star-rating Five,https://books.toscrape.com/catalogue/gone-girl_162/index.html,2026-09-02T15:59:52.237383
880,Golden (Heart of Dread #3),42.21,In stock,star-rating Four,https://books.toscrape.com/catalogue/golden-heart-of-dread-3_161/index.html,2026-09-02T15:59:52.379795
881,Girl in the Blue Coat,46.83,In stock,star-rating Two,https://books.toscrape.com/catalogue/girl-in-the-blue-coat_160/index.html,2026-09-02T15:59:55.467428
882,"Fruits Basket, Vol. 3 (Fruits Basket #3)",45.17,In stock,star-rating Two,https://books.toscrape.com/catalogue/fruits-basket-vol-3-fruits-basket-3_159/index.html,2026-09-02T15:59:55.658807
883,"Friday Night Lights: A Town, a Team, and a Dream",51.22,In stock,star-rating Three,https://books.toscrape.com/catalogue/friday-night-lights-a-town-a-team-and-a-dream_158/index.html,2026-09-02T15:59:55.828794
884,Fire Bound (Sea Haven/Sisters of the Heart #5),21.28,In stock,star-rating Four,https://books.toscrape.com/catalogue/fire-bound-sea-havensisters-of-the-heart-5_157/index.html,2026-09-02T15:59:55.948036
885,Fifty Shades Freed (Fifty Shades #3),15.36,In stock,star-rating Five,https://books.toscrape.com/catalogue/fifty-shades-freed-fifty-shades-3_156/index.html,2026-09-02T15:59:56.097626
886,Fellside,38.62,In stock,star-rating One,https://books.toscrape.com/catalogue/fellside_155/index.html,2026-09-02T15:59:56.185374
887,Extreme Prey (Lucas Davenport #26),25.4,In stock,star-rating Three,https://books.toscrape.com/catalogue/extreme-prey-lucas-davenport-26_154/index.html,2026-09-02T15:59:56.267755
888,Eragon (The Inheritance Cycle #1),43.87,In stock,star-rating Three,https://books.toscrape.com/catalogue/eragon-the-inheritance-cycle-1_153/index.html,2026-09-02T15:59:56.389700
889,Eclipse (Twilight #3),18.74,In stock,star-rating One,https://books.toscrape.com/catalogue/eclipse-twilight-3_152/index.html,2026-09-02T15:59:56.485557
890,Dune (Dune #1),54.86,In stock,star-rating One,https://books.toscrape.com/catalogue/dune-dune-1_151/index.html,2026-09-02T15:59:56.567750
891,Dracula,52.62,In stock,star-rating Three,https://books.toscrape.com/catalogue/dracula_150/index.html,2026-09-02T15:59:56.685946
892,Do Androids Dream of Electric Sheep? (Blade Runner #1),51.48,In stock,star-rating One,https://books.toscrape.com/catalogue/do-androids-dream-of-electric-sheep-blade-runner-1_149/index.html,2026-09-02T15:59:56.858769
893,Disrupted: My Misadventure in the Start-Up Bubble,15.28,In stock,star-rating Five,https://books.toscrape.com/catalogue/disrupted-my-misadventure-in-the-start-up-bubble_148/index.html,2026-09-02T15:59:56.994347
894,Dead Wake: The Last Crossing of the Lusitania,39.24,In stock,star-rating Five,https://books.toscrape.com/catalogue/dead-wake-the-last-crossing-of-the-lusitania_147/index.html,2026-09-02T15:59:57.106672
895,"David and Goliath: Underdogs, Misfits, and the Art of Battling Giants",17.81,In stock,star-rating One,https://books.toscrape.com/catalogue/david-and-goliath-underdogs-misfits-and-the-art-of-battling-giants_146/index.html,2026-09-02T15:59:57.250836
896,Darkfever (Fever #1),56.02,In stock,star-rating One,https://books.toscrape.com/catalogue/darkfever-fever-1_145/index.html,2026-09-02T15:59:57.364725
897,Dark Places,23.9,In stock,star-rating Five,https://books.toscrape.com/catalogue/dark-places_144/index.html,2026-09-02T15:59:57.479363
898,Crazy Rich Asians (Crazy Rich Asians #1),49.13,In stock,star-rating Five,https://books.toscrape.com/catalogue/crazy-rich-asians-crazy-rich-asians-1_143/index.html,2026-09-02T15:59:57.644236
899,Counting Thyme,10.62,In stock,star-rating One,https://books.toscrape.com/catalogue/counting-thyme_142/index.html,2026-09-02T15:59:57.736567
900,Cosmos,36.17,In stock,star-rating Two,https://books.toscrape.com/catalogue/cosmos_141/index.html,2026-09-02T15:59:57.858864
901,Civilization and Its Discontents,59.95,In stock,star-rating Two,https://books.toscrape.com/catalogue/civilization-and-its-discontents_140/index.html,2026-09-02T16:00:00.540272
902,Cinder (The Lunar Chronicles #1),26.09,In stock,star-rating One,https://books.toscrape.com/catalogue/cinder-the-lunar-chronicles-1_139/index.html,2026-09-02T16:00:00.657245
903,Catastrophic Happiness: Finding Joy in Childhood's Messy Years,37.35,In stock,star-rating Two,https://books.toscrape.com/catalogue/catastrophic-happiness-finding-joy-in-childhoods-messy-years_138/index.html,2026-09-02T16:00:00.760498
904,Career of Evil (Cormoran Strike #3),24.72,In stock,star-rating Two,https://books.toscrape.com/catalogue/career-of-evil-cormoran-strike-3_137/index.html,2026-09-02T16:00:00.897202
905,Breaking Dawn (Twilight #4),35.28,In stock,star-rating Five,https://books.toscrape.com/catalogue/breaking-dawn-twilight-4_136/index.html,2026-09-02T16:00:00.997790
906,Brave Enough,51.32,In stock,star-rating Five,https://books.toscrape.com/catalogue/brave-enough_135/index.html,2026-09-02T16:00:01.153990
907,Boy Meets Boy,21.12,In stock,star-rating Three,https://books.toscrape.com/catalogue/boy-meets-boy_134/index.html,2026-09-02T16:00:01.263255
908,"Born to Run: A Hidden Tribe, Superathletes, and the Greatest Race the World Has Never Seen",27.35,In stock,star-rating Two,https://books.toscrape.com/catalogue/born-to-run-a-hidden-tribe-superathletes-and-the-greatest-race-the-world-has-never-seen_133/index.html,2026-09-02T16:00:01.348751
909,Blink: The Power of Thinking Without Thinking,21.74,In stock,star-rating Five,https://books.toscrape.com/catalogue/blink-the-power-of-thinking-without-thinking_132/index.html,2026-09-02T16:00:01.426532
910,Black Flags: The Rise of ISIS,40.87,In stock,star-rating One,https://books.toscrape.com/catalogue/black-flags-the-rise-of-isis_131/index.html,2026-09-02T16:00:01.507277
911,"Black Butler, Vol. 1 (Black Butler #1)",49.31,In stock,star-rating One,https://books.toscrape.com/catalogue/black-butler-vol-1-black-butler-1_130/index.html,2026-09-02T16:00:01.604172
912,Big Little Lies,22.11,In stock,star-rating One,https://books.toscrape.com/catalogue/big-little-lies_129/index.html,2026-09-02T16:00:01.694108
913,Between Shades of Gray,20.79,In stock,star-rating Five,https://books.toscrape.com/catalogue/between-shades-of-gray_128/index.html,2026-09-02T16:00:01.809460
914,Best of My Love (Fool's Gold #20),27.41,In stock,star-rating Two,https://books.toscrape.com/catalogue/best-of-my-love-fools-gold-20_127/index.html,2026-09-02T16:00:01.935170
915,Beowulf,38.35,In stock,star-rating Two,https://books.toscrape.com/catalogue/beowulf_126/index.html,2026-09-02T16:00:02.064100
916,Beautiful Creatures (Caster Chronicles #1),21.55,In stock,star-rating Five,https://books.toscrape.com/catalogue/beautiful-creatures-caster-chronicles-1_125/index.html,2026-09-02T16:00:02.149278
917,Awkward,38.02,In stock,star-rating Two,https://books.toscrape.com/catalogue/awkward_124/index.html,2026-09-02T16:00:02.294514
918,Ash,22.06,In stock,star-rating Four,https://books.toscrape.com/catalogue/ash_123/index.html,2026-09-02T16:00:02.515699
919,Are We There Yet?,10.66,In stock,star-rating Three,https://books.toscrape.com/catalogue/are-we-there-yet_122/index.html,2026-09-02T16:00:02.612844
920,Are We Smart Enough to Know How Smart Animals Are?,56.58,In stock,star-rating One,https://books.toscrape.com/catalogue/are-we-smart-enough-to-know-how-smart-animals-are_121/index.html,2026-09-02T16:00:02.702028
921,Annie on My Mind,36.83,In stock,star-rating Five,https://books.toscrape.com/catalogue/annie-on-my-mind_120/index.html,2026-09-02T16:00:04.783089
922,And Then There Were None,35.01,In stock,star-rating Two,https://books.toscrape.com/catalogue/and-then-there-were-none_119/index.html,2026-09-02T16:00:04.914668
923,A Walk in the Woods: Rediscovering America on the Appalachian Trail,30.48,In stock,star-rating Four,https://books.toscrape.com/catalogue/a-walk-in-the-woods-rediscovering-america-on-the-appalachian-trail_118/index.html,2026-09-02T16:00:05.005603
924,A Visit from the Goon Squad,14.08,In stock,star-rating Five,https://books.toscrape.com/catalogue/a-visit-from-the-goon-squad_117/index.html,2026-09-02T16:00:05.115551
925,A Storm of Swords (A Song of Ice and Fire #3),31.22,In stock,star-rating Two,https://books.toscrape.com/catalogue/a-storm-of-swords-a-song-of-ice-and-fire-3_116/index.html,2026-09-02T16:00:05.272625
926,A Heartbreaking Work of Staggering Genius,54.29,In stock,star-rating Five,https://books.toscrape.com/catalogue/a-heartbreaking-work-of-staggering-genius_115/index.html,2026-09-02T16:00:05.373606
927,8 Keys to Mental Health Through Exercise,31.04,In stock,star-rating One,https://books.toscrape.com/catalogue/8-keys-to-mental-health-through-exercise_114/index.html,2026-09-02T16:00:05.491513
928,#GIRLBOSS,50.96,In stock,star-rating One,https://books.toscrape.com/catalogue/girlboss_113/index.html,2026-09-02T16:00:05.577401
929,"The Suffragettes (Little Black Classics, #96)",11.89,In stock,star-rating Two,https://books.toscrape.com/catalogue/the-suffragettes-little-black-classics-96_112/index.html,2026-09-02T16:00:05.673655
930,The Sense of an Ending,31.38,In stock,star-rating Three,https://books.toscrape.com/catalogue/the-sense-of-an-ending_111/index.html,2026-09-02T16:00:05.755857
931,"The Sandman, Vol. 2: The Doll's House (The Sandman (volumes) #2)",54.81,In stock,star-rating One,https://books.toscrape.com/catalogue/the-sandman-vol-2-the-dolls-house-the-sandman-volumes-2_110/index.html,2026-09-02T16:00:05.838314
932,The Course of Love,16.78,In stock,star-rating Three,https://books.toscrape.com/catalogue/the-course-of-love_109/index.html,2026-09-02T16:00:05.989853
933,Sugar Rush (Offensive Line #2),24.42,In stock,star-rating One,https://books.toscrape.com/catalogue/sugar-rush-offensive-line-2_108/index.html,2026-09-02T16:00:06.135200
934,"Saga, Volume 2 (Saga (Collected Editions) #2)",11.75,In stock,star-rating Three,https://books.toscrape.com/catalogue/saga-volume-2-saga-collected-editions-2_107/index.html,2026-09-02T16:00:06.224571
935,"Run, Spot, Run: The Ethics of Keeping Pets",20.02,In stock,star-rating One,https://books.toscrape.com/catalogue/run-spot-run-the-ethics-of-keeping-pets_106/index.html,2026-09-02T16:00:06.332586
936,New Moon (Twilight #2),12.86,In stock,star-rating Four,https://books.toscrape.com/catalogue/new-moon-twilight-2_105/index.html,2026-09-02T16:00:06.430943
937,Life,31.58,In stock,star-rating Five,https://books.toscrape.com/catalogue/life_104/index.html,2026-09-02T16:00:06.579586
938,Kindle Paperwhite User's Guide,34.0,In stock,star-rating Three,https://books.toscrape.com/catalogue/kindle-paperwhite-users-guide_103/index.html,2026-09-02T16:00:06.668838
939,H is for Hawk,57.42,In stock,star-rating Five,https://books.toscrape.com/catalogue/h-is-for-hawk_102/index.html,2026-09-02T16:00:06.815777
940,Girl Online On Tour (Girl Online #2),53.47,In stock,star-rating One,https://books.toscrape.com/catalogue/girl-online-on-tour-girl-online-2_101/index.html,2026-09-02T16:00:06.921591
941,"Fruits Basket, Vol. 2 (Fruits Basket #2)",11.64,In stock,star-rating Five,https://books.toscrape.com/catalogue/fruits-basket-vol-2-fruits-basket-2_100/index.html,2026-09-02T16:00:12.413842
942,Diary of a Minecraft Zombie Book 1: A Scare of a Dare (An Unofficial Minecraft Book),52.88,In stock,star-rating Four,https://books.toscrape.com/catalogue/diary-of-a-minecraft-zombie-book-1-a-scare-of-a-dare-an-unofficial-minecraft-book_99/index.html,2026-09-02T16:00:12.559186
943,"Y: The Last Man, Vol. 1: Unmanned (Y: The Last Man #1)",18.51,In stock,star-rating Four,https://books.toscrape.com/catalogue/y-the-last-man-vol-1-unmanned-y-the-last-man-1_98/index.html,2026-09-02T16:00:12.692016
944,While You Were Mine,41.32,In stock,star-rating Five,https://books.toscrape.com/catalogue/while-you-were-mine_97/index.html,2026-09-02T16:00:12.827111
945,Where Lightning Strikes (Bleeding Stars #3),39.77,In stock,star-rating Three,https://books.toscrape.com/catalogue/where-lightning-strikes-bleeding-stars-3_96/index.html,2026-09-02T16:00:12.937845
946,When I'm Gone,51.96,In stock,star-rating Three,https://books.toscrape.com/catalogue/when-im-gone_95/index.html,2026-09-02T16:00:13.080335
947,Ways of Seeing,39.51,In stock,star-rating Five,https://books.toscrape.com/catalogue/ways-of-seeing_94/index.html,2026-09-02T16:00:13.193066
948,"Vampire Knight, Vol. 1 (Vampire Knight #1)",15.4,In stock,star-rating One,https://books.toscrape.com/catalogue/vampire-knight-vol-1-vampire-knight-1_93/index.html,2026-09-02T16:00:13.322004
949,Vampire Girl (Vampire Girl #1),53.82,In stock,star-rating Two,https://books.toscrape.com/catalogue/vampire-girl-vampire-girl-1_92/index.html,2026-09-02T16:00:13.462975
950,Twenty Love Poems and a Song of Despair,30.95,In stock,star-rating Four,https://books.toscrape.com/catalogue/twenty-love-poems-and-a-song-of-despair_91/index.html,2026-09-02T16:00:13.566217
951,Travels with Charley: In Search of America,57.82,In stock,star-rating Five,https://books.toscrape.com/catalogue/travels-with-charley-in-search-of-america_90/index.html,2026-09-02T16:00:13.666044
952,Three Wishes (River of Time: California #1),44.18,In stock,star-rating Two,https://books.toscrape.com/catalogue/three-wishes-river-of-time-california-1_89/index.html,2026-09-02T16:00:13.804274
953,This One Moment (Pushing Limits #1),48.71,In stock,star-rating One,https://books.toscrape.com/catalogue/this-one-moment-pushing-limits-1_88/index.html,2026-09-02T16:00:13.944334
954,The Zombie Room,19.69,In stock,star-rating Five,https://books.toscrape.com/catalogue/the-zombie-room_87/index.html,2026-09-02T16:00:14.031479
955,"The Wicked + The Divine, Vol. 1: The Faust Act (The Wicked + The Divine)",36.52,In stock,star-rating Two,https://books.toscrape.com/catalogue/the-wicked-the-divine-vol-1-the-faust-act-the-wicked-the-divine_86/index.html,2026-09-02T16:00:14.147500
956,The Tumor,41.56,In stock,star-rating Five,https://books.toscrape.com/catalogue/the-tumor_85/index.html,2026-09-02T16:00:14.270396
957,The Story of Hong Gildong,43.19,In stock,star-rating Four,https://books.toscrape.com/catalogue/the-story-of-hong-gildong_84/index.html,2026-09-02T16:00:14.449436
958,The Silent Wife,12.34,In stock,star-rating Five,https://books.toscrape.com/catalogue/the-silent-wife_83/index.html,2026-09-02T16:00:14.621263
959,The Silent Twin (Detective Jennifer Knight #3),36.25,In stock,star-rating Three,https://books.toscrape.com/catalogue/the-silent-twin-detective-jennifer-knight-3_82/index.html,2026-09-02T16:00:14.738684
960,The Selfish Gene,29.45,In stock,star-rating One,https://books.toscrape.com/catalogue/the-selfish-gene_81/index.html,2026-09-02T16:00:14.853126
961,The Secret Healer,34.56,In stock,star-rating Three,https://books.toscrape.com/catalogue/the-secret-healer_80/index.html,2026-09-02T16:00:17.622745
962,"The Sandman, Vol. 1: Preludes and Nocturnes (The Sandman (volumes) #1)",54.12,In stock,star-rating Three,https://books.toscrape.com/catalogue/the-sandman-vol-1-preludes-and-nocturnes-the-sandman-volumes-1_79/index.html,2026-09-02T16:00:17.756620
963,The Republic,33.78,In stock,star-rating Three,https://books.toscrape.com/catalogue/the-republic_78/index.html,2026-09-02T16:00:17.876067
964,The Odyssey,29.64,In stock,star-rating Three,https://books.toscrape.com/catalogue/the-odyssey_77/index.html,2026-09-02T16:00:17.994230
965,The No. 1 Ladies' Detective Agency (No. 1 Ladies' Detective Agency #1),57.7,In stock,star-rating Four,https://books.toscrape.com/catalogue/the-no-1-ladies-detective-agency-no-1-ladies-detective-agency-1_76/index.html,2026-09-02T16:00:18.091624
966,The Nicomachean Ethics,36.34,In stock,star-rating One,https://books.toscrape.com/catalogue/the-nicomachean-ethics_75/index.html,2026-09-02T16:00:18.193934
967,The Name of the Wind (The Kingkiller Chronicle #1),50.59,In stock,star-rating Three,https://books.toscrape.com/catalogue/the-name-of-the-wind-the-kingkiller-chronicle-1_74/index.html,2026-09-02T16:00:18.312078
968,The Mirror & the Maze (The Wrath and the Dawn #1.5),29.38,In stock,star-rating One,https://books.toscrape.com/catalogue/the-mirror-the-maze-the-wrath-and-the-dawn-15_73/index.html,2026-09-02T16:00:18.431809
969,The Little Prince,45.42,In stock,star-rating Two,https://books.toscrape.com/catalogue/the-little-prince_72/index.html,2026-09-02T16:00:18.620059
970,The Light of the Fireflies,54.43,In stock,star-rating One,https://books.toscrape.com/catalogue/the-light-of-the-fireflies_71/index.html,2026-09-02T16:00:18.721713
971,The Last Girl (The Dominion Trilogy #1),36.26,In stock,star-rating Two,https://books.toscrape.com/catalogue/the-last-girl-the-dominion-trilogy-1_70/index.html,2026-09-02T16:00:18.847884
972,The Iliad,16.16,In stock,star-rating One,https://books.toscrape.com/catalogue/the-iliad_69/index.html,2026-09-02T16:00:18.963313
973,The Hook Up (Game On #1),36.29,In stock,star-rating Five,https://books.toscrape.com/catalogue/the-hook-up-game-on-1_68/index.html,2026-09-02T16:00:19.093802
974,The Haters,27.89,In stock,star-rating Five,https://books.toscrape.com/catalogue/the-haters_67/index.html,2026-09-02T16:00:19.205597
975,The Girl You Lost,12.29,In stock,star-rating Five,https://books.toscrape.com/catalogue/the-girl-you-lost_66/index.html,2026-09-02T16:00:19.350121
976,The Girl In The Ice (DCI Erika Foster #1),15.85,In stock,star-rating Three,https://books.toscrape.com/catalogue/the-girl-in-the-ice-dci-erika-foster-1_65/index.html,2026-09-02T16:00:19.529070
977,The End of the Jesus Era (An Investigation #1),14.4,In stock,star-rating One,https://books.toscrape.com/catalogue/the-end-of-the-jesus-era-an-investigation-1_64/index.html,2026-09-02T16:00:19.632574
978,The Edge of Reason (Bridget Jones #2),19.18,In stock,star-rating Four,https://books.toscrape.com/catalogue/the-edge-of-reason-bridget-jones-2_63/index.html,2026-09-02T16:00:19.744739
979,The Complete Maus (Maus #1-2),10.64,In stock,star-rating Three,https://books.toscrape.com/catalogue/the-complete-maus-maus-1-2_62/index.html,2026-09-02T16:00:19.819822
980,The Communist Manifesto,14.76,In stock,star-rating Three,https://books.toscrape.com/catalogue/the-communist-manifesto_61/index.html,2026-09-02T16:00:19.898128
981,The Bhagavad Gita,57.49,In stock,star-rating Three,https://books.toscrape.com/catalogue/the-bhagavad-gita_60/index.html,2026-09-02T16:00:21.783830
982,The Bette Davis Club,30.66,In stock,star-rating Three,https://books.toscrape.com/catalogue/the-bette-davis-club_59/index.html,2026-09-02T16:00:21.882523
983,The Art of Not Breathing,40.83,In stock,star-rating Four,https://books.toscrape.com/catalogue/the-art-of-not-breathing_58/index.html,2026-09-02T16:00:21.956783
984,Taking Shots (Assassins #1),18.88,In stock,star-rating Two,https://books.toscrape.com/catalogue/taking-shots-assassins-1_57/index.html,2026-09-02T16:00:22.055875
985,Starlark,25.83,In stock,star-rating Three,https://books.toscrape.com/catalogue/starlark_56/index.html,2026-09-02T16:00:22.169376
986,"Skip Beat!, Vol. 01 (Skip Beat! #1)",42.12,In stock,star-rating Three,https://books.toscrape.com/catalogue/skip-beat-vol-01-skip-beat-1_55/index.html,2026-09-02T16:00:22.281450
987,Sister Sable (The Mad Queen #1),13.33,In stock,star-rating Three,https://books.toscrape.com/catalogue/sister-sable-the-mad-queen-1_54/index.html,2026-09-02T16:00:22.373636
988,Shatter Me (Shatter Me #1),42.4,In stock,star-rating One,https://books.toscrape.com/catalogue/shatter-me-shatter-me-1_53/index.html,2026-09-02T16:00:22.481344
989,Shameless,58.35,In stock,star-rating Three,https://books.toscrape.com/catalogue/shameless_52/index.html,2026-09-02T16:00:22.605060
990,Shadow Rites (Jane Yellowrock #10),21.72,In stock,star-rating Four,https://books.toscrape.com/catalogue/shadow-rites-jane-yellowrock-10_51/index.html,2026-09-02T16:00:22.752984
991,Settling the Score (The Summer Games #1),44.91,In stock,star-rating Two,https://books.toscrape.com/catalogue/settling-the-score-the-summer-games-1_50/index.html,2026-09-02T16:00:22.870718
992,Sense and Sensibility,37.46,In stock,star-rating One,https://books.toscrape.com/catalogue/sense-and-sensibility_49/index.html,2026-09-02T16:00:22.996741
993,"Saga, Volume 1 (Saga (Collected Editions) #1)",28.48,In stock,star-rating One,https://books.toscrape.com/catalogue/saga-volume-1-saga-collected-editions-1_48/index.html,2026-09-02T16:00:23.169990
994,"Rhythm, Chord & Malykhin",28.34,In stock,star-rating Two,https://books.toscrape.com/catalogue/rhythm-chord-malykhin_47/index.html,2026-09-02T16:00:23.319747
995,"Rat Queens, Vol. 1: Sass & Sorcery (Rat Queens (Collected Editions) #1-5)",46.96,In stock,star-rating Five,https://books.toscrape.com/catalogue/rat-queens-vol-1-sass-sorcery-rat-queens-collected-editions-1-5_46/index.html,2026-09-02T16:00:23.471285
996,Paradise Lost (Paradise #1),24.96,In stock,star-rating One,https://books.toscrape.com/catalogue/paradise-lost-paradise-1_45/index.html,2026-09-02T16:00:23.595577
997,"Paper Girls, Vol. 1 (Paper Girls #1-5)",21.71,In stock,star-rating Four,https://books.toscrape.com/catalogue/paper-girls-vol-1-paper-girls-1-5_44/index.html,2026-09-02T16:00:23.798263
998,"Ouran High School Host Club, Vol. 1 (Ouran High School Host Club #1)",29.87,In stock,star-rating Three,https://books.toscrape.com/catalogue/ouran-high-school-host-club-vol-1-ouran-high-school-host-club-1_43/index.html,2026-09-02T16:00:23.956075
999,Origins (Alphas 0.5),28.99,In stock,star-rating One,https://books.toscrape.com/catalogue/origins-alphas-05_42/index.html,2026-09-02T16:00:24.092980
1000,One Second (Seven #7),52.94,In stock,star-rating Two,https://books.toscrape.com/catalogue/one-second-seven-7_41/index.html,2026-09-02T16:00:24.224680
1001,On the Road (Duluoz Legend),32.36,In stock,star-rating Three,https://books.toscrape.com/catalogue/on-the-road-duluoz-legend_40/index.html,2026-09-02T16:00:26.095971
1002,Old Records Never Die: One Man's Quest for His Vinyl and His Past,55.66,In stock,star-rating Two,https://books.toscrape.com/catalogue/old-records-never-die-one-mans-quest-for-his-vinyl-and-his-past_39/index.html,2026-09-02T16:00:26.292837
1003,Off Sides (Off #1),39.45,In stock,star-rating Five,https://books.toscrape.com/catalogue/off-sides-off-1_38/index.html,2026-09-02T16:00:26.461622
1004,Of Mice and Men,47.11,In stock,star-rating Two,https://books.toscrape.com/catalogue/of-mice-and-men_37/index.html,2026-09-02T16:00:26.594557
1005,Myriad (Prentor #1),58.75,In stock,star-rating Four,https://books.toscrape.com/catalogue/myriad-prentor-1_36/index.html,2026-09-02T16:00:26.766484
1006,My Perfect Mistake (Over the Top #1),38.92,In stock,star-rating Two,https://books.toscrape.com/catalogue/my-perfect-mistake-over-the-top-1_35/index.html,2026-09-02T16:00:26.940203
1007,"Ms. Marvel, Vol. 1: No Normal (Ms. Marvel (2014-2015) #1)",39.39,In stock,star-rating Four,https://books.toscrape.com/catalogue/ms-marvel-vol-1-no-normal-ms-marvel-2014-2015-1_34/index.html,2026-09-02T16:00:27.127198
1008,Meditations,25.89,In stock,star-rating Two,https://books.toscrape.com/catalogue/meditations_33/index.html,2026-09-02T16:00:27.241785
1009,Matilda,28.34,In stock,star-rating One,https://books.toscrape.com/catalogue/matilda_32/index.html,2026-09-02T16:00:27.371766
1010,Lost Among the Living,27.7,In stock,star-rating Four,https://books.toscrape.com/catalogue/lost-among-the-living_31/index.html,2026-09-02T16:00:27.484717
1011,Lord of the Flies,24.89,In stock,star-rating Three,https://books.toscrape.com/catalogue/lord-of-the-flies_30/index.html,2026-09-02T16:00:27.564528
1012,Listen to Me (Fusion #1),58.99,In stock,star-rating Three,https://books.toscrape.com/catalogue/listen-to-me-fusion-1_29/index.html,2026-09-02T16:00:27.650385
1013,Kitchens of the Great Midwest,57.2,In stock,star-rating Five,https://books.toscrape.com/catalogue/kitchens-of-the-great-midwest_28/index.html,2026-09-02T16:00:27.734232
1014,Jane Eyre,38.43,In stock,star-rating Five,https://books.toscrape.com/catalogue/jane-eyre_27/index.html,2026-09-02T16:00:27.819800
1015,Imperfect Harmony,34.74,In stock,star-rating Four,https://books.toscrape.com/catalogue/imperfect-harmony_26/index.html,2026-09-02T16:00:27.933297
1016,Icing (Aces Hockey #2),40.44,In stock,star-rating Four,https://books.toscrape.com/catalogue/icing-aces-hockey-2_25/index.html,2026-09-02T16:00:28.040405
1017,"Hawkeye, Vol. 1: My Life as a Weapon (Hawkeye #1)",45.24,In stock,star-rating Three,https://books.toscrape.com/catalogue/hawkeye-vol-1-my-life-as-a-weapon-hawkeye-1_24/index.html,2026-09-02T16:00:28.230027
1018,Having the Barbarian's Baby (Ice Planet Barbarians #7.5),34.96,In stock,star-rating Four,https://books.toscrape.com/catalogue/having-the-barbarians-baby-ice-planet-barbarians-75_23/index.html,2026-09-02T16:00:28.364911
1019,"Giant Days, Vol. 1 (Giant Days #1-4)",56.76,In stock,star-rating Four,https://books.toscrape.com/catalogue/giant-days-vol-1-giant-days-1-4_22/index.html,2026-09-02T16:00:28.499147
1020,"Fruits Basket, Vol. 1 (Fruits Basket #1)",40.28,In stock,star-rating Five,https://books.toscrape.com/catalogue/fruits-basket-vol-1-fruits-basket-1_21/index.html,2026-09-02T16:00:28.631509
1021,Frankenstein,38.0,In stock,star-rating Two,https://books.toscrape.com/catalogue/frankenstein_20/index.html,2026-09-02T16:00:30.421551
1022,Forever Rockers (The Rocker #12),28.8,In stock,star-rating Three,https://books.toscrape.com/catalogue/forever-rockers-the-rocker-12_19/index.html,2026-09-02T16:00:30.555812
1023,Fighting Fate (Fighting #6),39.24,In stock,star-rating Three,https://books.toscrape.com/catalogue/fighting-fate-fighting-6_18/index.html,2026-09-02T16:00:30.655726
1024,Emma,32.93,In stock,star-rating Two,https://books.toscrape.com/catalogue/emma_17/index.html,2026-09-02T16:00:30.746293
1025,"Eat, Pray, Love",51.32,In stock,star-rating Three,https://books.toscrape.com/catalogue/eat-pray-love_16/index.html,2026-09-02T16:00:30.830030
1026,Deep Under (Walker Security #1),47.09,In stock,star-rating Five,https://books.toscrape.com/catalogue/deep-under-walker-security-1_15/index.html,2026-09-02T16:00:30.919226
1027,Choosing Our Religion: The Spiritual Lives of America's Nones,28.42,In stock,star-rating Four,https://books.toscrape.com/catalogue/choosing-our-religion-the-spiritual-lives-of-americas-nones_14/index.html,2026-09-02T16:00:30.999717
1028,Charlie and the Chocolate Factory (Charlie Bucket #1),22.85,In stock,star-rating Three,https://books.toscrape.com/catalogue/charlie-and-the-chocolate-factory-charlie-bucket-1_13/index.html,2026-09-02T16:00:31.083688
1029,Charity's Cross (Charles Towne Belles #4),41.24,In stock,star-rating One,https://books.toscrape.com/catalogue/charitys-cross-charles-towne-belles-4_12/index.html,2026-09-02T16:00:31.196756
1030,Bright Lines,39.07,In stock,star-rating Five,https://books.toscrape.com/catalogue/bright-lines_11/index.html,2026-09-02T16:00:31.282435
1031,Bridget Jones's Diary (Bridget Jones #1),29.82,In stock,star-rating One,https://books.toscrape.com/catalogue/bridget-joness-diary-bridget-jones-1_10/index.html,2026-09-02T16:00:31.396439
1032,Bounty (Colorado Mountain #7),37.26,In stock,star-rating Four,https://books.toscrape.com/catalogue/bounty-colorado-mountain-7_9/index.html,2026-09-02T16:00:31.491699
1033,Blood Defense (Samantha Brinkman #1),20.3,In stock,star-rating Three,https://books.toscrape.com/catalogue/blood-defense-samantha-brinkman-1_8/index.html,2026-09-02T16:00:31.591761
1034,"Bleach, Vol. 1: Strawberry and the Soul Reapers (Bleach #1)",34.65,In stock,star-rating Five,https://books.toscrape.com/catalogue/bleach-vol-1-strawberry-and-the-soul-reapers-bleach-1_7/index.html,2026-09-02T16:00:31.677981
1035,Beyond Good and Evil,43.38,In stock,star-rating One,https://books.toscrape.com/catalogue/beyond-good-and-evil_6/index.html,2026-09-02T16:00:31.778520
1036,Alice in Wonderland (Alice's Adventures in Wonderland #1),55.53,In stock,star-rating One,https://books.toscrape.com/catalogue/alice-in-wonderland-alices-adventures-in-wonderland-1_5/index.html,2026-09-02T16:00:31.859049
1037,"Ajin: Demi-Human, Volume 1 (Ajin: Demi-Human #1)",57.06,In stock,star-rating Four,https://books.toscrape.com/catalogue/ajin-demi-human-volume-1-ajin-demi-human-1_4/index.html,2026-09-02T16:00:31.956477
1038,A Spy's Devotion (The Regency Spies of London #1),16.97,In stock,star-rating Five,https://books.toscrape.com/catalogue/a-spys-devotion-the-regency-spies-of-london-1_3/index.html,2026-09-02T16:00:32.027416
1039,1st to Die (Women's Murder Club #1),53.98,In stock,star-rating One,https://books.toscrape.com/catalogue/1st-to-die-womens-murder-club-1_2/index.html,2026-09-02T16:00:32.135087
1040,"1,000 Places to See Before You Die",26.08,In stock,star-rating Five,https://books.toscrape.com/catalogue/1000-places-to-see-before-you-die_1/index.html,2026-09-02T16:00:32.215242
1041,A Light in the Attic,51.77,In stock,star-rating Three,https://books.toscrape.com/catalogue/a-light-in-the-attic_1000/index.html,2026-09-02T16:08:46.082241
1042,Tipping the Velvet,53.74,In stock,star-rating One,https://books.toscrape.com/catalogue/tipping-the-velvet_999/index.html,2026-09-02T16:08:46.232894
1043,Soumission,50.1,In stock,star-rating One,https://books.toscrape.com/catalogue/soumission_998/index.html,2026-09-02T16:08:46.336447
1044,Sharp Objects,47.82,In stock,star-rating Four,https://books.toscrape.com/catalogue/sharp-objects_997/index.html,2026-09-02T16:08:46.427961
1045,Sapiens: A Brief History of Humankind,54.23,In stock,star-rating Five,https://books.toscrape.com/catalogue/sapiens-a-brief-history-of-humankind_996/index.html,2026-09-02T16:08:46.548801
1046,The Requiem Red,22.65,In stock,star-rating One,https://books.toscrape.com/catalogue/the-requiem-red_995/index.html,2026-09-02T16:08:46.667443
1047,The Dirty Little Secrets of Getting Your Dream Job,33.34,In stock,star-rating Four,https://books.toscrape.com/catalogue/the-dirty-little-secrets-of-getting-your-dream-job_994/index.html,2026-09-02T16:08:46.779246
1048,"The Coming Woman: A Novel Based on the Life of the Infamous Feminist, Victoria Woodhull",17.93,In stock,star-rating Three,https://books.toscrape.com/catalogue/the-coming-woman-a-novel-based-on-the-life-of-the-infamous-feminist-victoria-woodhull_993/index.html,2026-09-02T16:08:46.907998
1049,The Boys in the Boat: Nine Americans and Their Epic Quest for Gold at the 1936 Berlin Olympics,22.6,In stock,star-rating Four,https://books.toscrape.com/catalogue/the-boys-in-the-boat-nine-americans-and-their-epic-quest-for-gold-at-the-1936-berlin-olympics_992/index.html,2026-09-02T16:08:47.026919
1050,The Black Maria,52.15,In stock,star-rating One,https://books.toscrape.com/catalogue/the-black-maria_991/index.html,2026-09-02T16:08:47.123085
1051,"Starving Hearts (Triangular Trade Trilogy, #1)",13.99,In stock,star-rating Two,https://books.toscrape.com/catalogue/starving-hearts-triangular-trade-trilogy-1_990/index.html,2026-09-02T16:08:47.231524
1052,Shakespeare's Sonnets,20.66,In stock,star-rating Four,https://books.toscrape.com/catalogue/shakespeares-sonnets_989/index.html,2026-09-02T16:08:47.350665
1053,Set Me Free,17.46,In stock,star-rating Five,https://books.toscrape.com/catalogue/set-me-free_988/index.html,2026-09-02T16:08:47.490862
1054,Scott Pilgrim's Precious Little Life (Scott Pilgrim #1),52.29,In stock,star-rating Five,https://books.toscrape.com/catalogue/scott-pilgrims-precious-little-life-scott-pilgrim-1_987/index.html,2026-09-02T16:08:47.656075
1055,Rip it Up and Start Again,35.02,In stock,star-rating Five,https://books.toscrape.com/catalogue/rip-it-up-and-start-again_986/index.html,2026-09-02T16:08:47.775426
1056,"Our Band Could Be Your Life: Scenes from the American Indie Underground, 1981-1991",57.25,In stock,star-rating Three,https://books.toscrape.com/catalogue/our-band-could-be-your-life-scenes-from-the-american-indie-underground-1981-1991_985/index.html,2026-09-02T16:08:47.882506
1057,Olio,23.88,In stock,star-rating One,https://books.toscrape.com/catalogue/olio_984/index.html,2026-09-02T16:08:47.994780
1058,Mesaerion: The Best Science Fiction Stories 1800-1849,37.59,In stock,star-rating One,https://books.toscrape.com/catalogue/mesaerion-the-best-science-fiction-stories-1800-1849_983/index.html,2026-09-02T16:08:48.115416
1059,Libertarianism for Beginners,51.33,In stock,star-rating Two,https://books.toscrape.com/catalogue/libertarianism-for-beginners_982/index.html,2026-09-02T16:08:48.221116
1060,It's Only the Himalayas,45.17,In stock,star-rating Two,https://books.toscrape.com/catalogue/its-only-the-himalayas_981/index.html,2026-09-02T16:08:48.356677
1061,In Her Wake,12.84,In stock,star-rating One,https://books.toscrape.com/catalogue/in-her-wake_980/index.html,2026-09-02T16:08:53.680837
1062,How Music Works,37.32,In stock,star-rating Two,https://books.toscrape.com/catalogue/how-music-works_979/index.html,2026-09-02T16:08:53.868696
1063,"Foolproof Preserving: A Guide to Small Batch Jams, Jellies, Pickles, Condiments, and More: A Foolproof Guide to Making Small Batch Jams, Jellies, Pickles, Condiments, and More",30.52,In stock,star-rating Three,https://books.toscrape.com/catalogue/foolproof-preserving-a-guide-to-small-batch-jams-jellies-pickles-condiments-and-more-a-foolproof-guide-to-making-small-batch-jams-jellies-pickles-condiments-and-more_978/index.html,2026-09-02T16:08:54.009777
1064,Chase Me (Paris Nights #2),25.27,In stock,star-rating Five,https://books.toscrape.com/catalogue/chase-me-paris-nights-2_977/index.html,2026-09-02T16:08:54.132840
1065,Black Dust,34.53,In stock,star-rating Five,https://books.toscrape.com/catalogue/black-dust_976/index.html,2026-09-02T16:08:54.261899
1066,Birdsong: A Story in Pictures,54.64,In stock,star-rating Three,https://books.toscrape.com/catalogue/birdsong-a-story-in-pictures_975/index.html,2026-09-02T16:08:54.406128
1067,America's Cradle of Quarterbacks: Western Pennsylvania's Football Factory from Johnny Unitas to Joe Montana,22.5,In stock,star-rating Three,https://books.toscrape.com/catalogue/americas-cradle-of-quarterbacks-western-pennsylvanias-football-factory-from-johnny-unitas-to-joe-montana_974/index.html,2026-09-02T16:08:54.604366
1068,Aladdin and His Wonderful Lamp,53.13,In stock,star-rating Three,https://books.toscrape.com/catalogue/aladdin-and-his-wonderful-lamp_973/index.html,2026-09-02T16:08:54.720825
1069,Worlds Elsewhere: Journeys Around Shakespeare’s Globe,40.3,In stock,star-rating Five,https://books.toscrape.com/catalogue/worlds-elsewhere-journeys-around-shakespeares-globe_972/index.html,2026-09-02T16:08:54.820341
1070,Wall and Piece,44.18,In stock,star-rating Four,https://books.toscrape.com/catalogue/wall-and-piece_971/index.html,2026-09-02T16:08:54.942759
1071,The Four Agreements: A Practical Guide to Personal Freedom,17.66,In stock,star-rating Five,https://books.toscrape.com/catalogue/the-four-agreements-a-practical-guide-to-personal-freedom_970/index.html,2026-09-02T16:08:55.047947
1072,The Five Love Languages: How to Express Heartfelt Commitment to Your Mate,31.05,In stock,star-rating Three,https://books.toscrape.com/catalogue/the-five-love-languages-how-to-express-heartfelt-commitment-to-your-mate_969/index.html,2026-09-02T16:08:55.145950
1073,The Elephant Tree,23.82,In stock,star-rating Five,https://books.toscrape.com/catalogue/the-elephant-tree_968/index.html,2026-09-02T16:08:55.247412
1074,The Bear and the Piano,36.89,In stock,star-rating One,https://books.toscrape.com/catalogue/the-bear-and-the-piano_967/index.html,2026-09-02T16:08:55.359841
1075,Sophie's World,15.94,In stock,star-rating Five,https://books.toscrape.com/catalogue/sophies-world_966/index.html,2026-09-02T16:08:55.510621
1076,Penny Maybe,33.29,In stock,star-rating Three,https://books.toscrape.com/catalogue/penny-maybe_965/index.html,2026-09-02T16:08:55.611732
1077,Maude (1883-1993):She Grew Up with the country,18.02,In stock,star-rating Two,https://books.toscrape.com/catalogue/maude-1883-1993she-grew-up-with-the-country_964/index.html,2026-09-02T16:08:55.738421
1078,"In a Dark, Dark Wood",19.63,In stock,star-rating One,https://books.toscrape.com/catalogue/in-a-dark-dark-wood_963/index.html,2026-09-02T16:08:55.863399
1079,Behind Closed Doors,52.22,In stock,star-rating Four,https://books.toscrape.com/catalogue/behind-closed-doors_962/index.html,2026-09-02T16:08:56.009727
1080,You can't bury them all: Poems,33.63,In stock,star-rating Two,https://books.toscrape.com/catalogue/you-cant-bury-them-all-poems_961/index.html,2026-09-02T16:08:56.141957
1081,Slow States of Collapse: Poems,57.31,In stock,star-rating Three,https://books.toscrape.com/catalogue/slow-states-of-collapse-poems_960/index.html,2026-09-02T16:09:02.974798
1082,Reasons to Stay Alive,26.41,In stock,star-rating Two,https://books.toscrape.com/catalogue/reasons-to-stay-alive_959/index.html,2026-09-02T16:09:03.087008
1083,Private Paris (Private #10),47.61,In stock,star-rating Five,https://books.toscrape.com/catalogue/private-paris-private-10_958/index.html,2026-09-02T16:09:03.202469
1084,#HigherSelfie: Wake Up Your Life. Free Your Soul. Find Your Tribe.,23.11,In stock,star-rating Five,https://books.toscrape.com/catalogue/higherselfie-wake-up-your-life-free-your-soul-find-your-tribe_957/index.html,2026-09-02T16:09:03.307946
1085,Without Borders (Wanderlove #1),45.07,In stock,star-rating Two,https://books.toscrape.com/catalogue/without-borders-wanderlove-1_956/index.html,2026-09-02T16:09:03.428499
1086,When We Collided,31.77,In stock,star-rating One,https://books.toscrape.com/catalogue/when-we-collided_955/index.html,2026-09-02T16:09:03.550703
1087,"We Love You, Charlie Freeman",50.27,In stock,star-rating Five,https://books.toscrape.com/catalogue/we-love-you-charlie-freeman_954/index.html,2026-09-02T16:09:03.691432
1088,Untitled Collection: Sabbath Poems 2014,14.27,In stock,star-rating Four,https://books.toscrape.com/catalogue/untitled-collection-sabbath-poems-2014_953/index.html,2026-09-02T16:09:03.790625
1089,"Unseen City: The Majesty of Pigeons, the Discreet Charm of Snails & Other Wonders of the Urban Wilderness",44.18,In stock,star-rating Four,https://books.toscrape.com/catalogue/unseen-city-the-majesty-of-pigeons-the-discreet-charm-of-snails-other-wonders-of-the-urban-wilderness_952/index.html,2026-09-02T16:09:03.911670
1090,Unicorn Tracks,18.78,In stock,star-rating Three,https://books.toscrape.com/catalogue/unicorn-tracks_951/index.html,2026-09-02T16:09:04.040681
1091,"Unbound: How Eight Technologies Made Us Human, Transformed Society, and Brought Our World to the Brink",25.52,In stock,star-rating One,https://books.toscrape.com/catalogue/unbound-how-eight-technologies-made-us-human-transformed-society-and-brought-our-world-to-the-brink_950/index.html,2026-09-02T16:09:04.218907
1092,Tsubasa: WoRLD CHRoNiCLE 2 (Tsubasa WoRLD CHRoNiCLE #2),16.28,In stock,star-rating One,https://books.toscrape.com/catalogue/tsubasa-world-chronicle-2-tsubasa-world-chronicle-2_949/index.html,2026-09-02T16:09:04.406916
1093,Throwing Rocks at the Google Bus: How Growth Became the Enemy of Prosperity,31.12,In stock,star-rating Three,https://books.toscrape.com/catalogue/throwing-rocks-at-the-google-bus-how-growth-became-the-enemy-of-prosperity_948/index.html,2026-09-02T16:09:04.545843
1094,This One Summer,19.49,In stock,star-rating Four,https://books.toscrape.com/catalogue/this-one-summer_947/index.html,2026-09-02T16:09:04.695490
1095,Thirst,17.27,In stock,star-rating Five,https://books.toscrape.com/catalogue/thirst_946/index.html,2026-09-02T16:09:04.841124
1096,The Torch Is Passed: A Harding Family Story,19.09,In stock,star-rating One,https://books.toscrape.com/catalogue/the-torch-is-passed-a-harding-family-story_945/index.html,2026-09-02T16:09:04.954064
1097,The Secret of Dreadwillow Carse,56.13,In stock,star-rating One,https://books.toscrape.com/catalogue/the-secret-of-dreadwillow-carse_944/index.html,2026-09-02T16:09:05.065881
1098,"The Pioneer Woman Cooks: Dinnertime: Comfort Classics, Freezer Food, 16-Minute Meals, and Other Delicious Ways to Solve Supper!",56.41,In stock,star-rating One,https://books.toscrape.com/catalogue/the-pioneer-woman-cooks-dinnertime-comfort-classics-freezer-food-16-minute-meals-and-other-delicious-ways-to-solve-supper_943/index.html,2026-09-02T16:09:05.160027
1099,The Past Never Ends,56.5,In stock,star-rating Four,https://books.toscrape.com/catalogue/the-past-never-ends_942/index.html,2026-09-02T16:09:05.271466
1100,The Natural History of Us (The Fine Art of Pretending #2),45.22,In stock,star-rating Three,https://books.toscrape.com/catalogue/the-natural-history-of-us-the-fine-art-of-pretending-2_941/index.html,2026-09-02T16:09:05.378775
1101,The Nameless City (The Nameless City #1),38.16,In stock,star-rating Four,https://books.toscrape.com/catalogue/the-nameless-city-the-nameless-city-1_940/index.html,2026-09-02T16:09:15.409392
1102,The Murder That Never Was (Forensic Instincts #5),54.11,In stock,star-rating Three,https://books.toscrape.com/catalogue/the-murder-that-never-was-forensic-instincts-5_939/index.html,2026-09-02T16:09:15.514956
1103,The Most Perfect Thing: Inside (and Outside) a Bird's Egg,42.96,In stock,star-rating Four,https://books.toscrape.com/catalogue/the-most-perfect-thing-inside-and-outside-a-birds-egg_938/index.html,2026-09-02T16:09:15.605245
1104,"The Mindfulness and Acceptance Workbook for Anxiety: A Guide to Breaking Free from Anxiety, Phobias, and Worry Using Acceptance and Commitment Therapy",23.89,In stock,star-rating Four,https://books.toscrape.com/catalogue/the-mindfulness-and-acceptance-workbook-for-anxiety-a-guide-to-breaking-free-from-anxiety-phobias-and-worry-using-acceptance-and-commitment-therapy_937/index.html,2026-09-02T16:09:15.678896
1105,The Life-Changing Magic of Tidying Up: The Japanese Art of Decluttering and Organizing,16.77,In stock,star-rating Three,https://books.toscrape.com/catalogue/the-life-changing-magic-of-tidying-up-the-japanese-art-of-decluttering-and-organizing_936/index.html,2026-09-02T16:09:15.760603
1106,"The Inefficiency Assassin: Time Management Tactics for Working Smarter, Not Longer",20.59,In stock,star-rating Five,https://books.toscrape.com/catalogue/the-inefficiency-assassin-time-management-tactics-for-working-smarter-not-longer_935/index.html,2026-09-02T16:09:15.834036
1107,The Gutsy Girl: Escapades for Your Life of Epic Adventure,37.13,In stock,star-rating One,https://books.toscrape.com/catalogue/the-gutsy-girl-escapades-for-your-life-of-epic-adventure_934/index.html,2026-09-02T16:09:15.937384
1108,The Electric Pencil: Drawings from Inside State Hospital No. 3,56.06,In stock,star-rating One,https://books.toscrape.com/catalogue/the-electric-pencil-drawings-from-inside-state-hospital-no-3_933/index.html,2026-09-02T16:09:16.137602
1109,The Death of Humanity: and the Case for Life,58.11,In stock,star-rating Four,https://books.toscrape.com/catalogue/the-death-of-humanity-and-the-case-for-life_932/index.html,2026-09-02T16:09:16.240553
1110,"The Bulletproof Diet: Lose up to a Pound a Day, Reclaim Energy and Focus, Upgrade Your Life",49.05,In stock,star-rating Three,https://books.toscrape.com/catalogue/the-bulletproof-diet-lose-up-to-a-pound-a-day-reclaim-energy-and-focus-upgrade-your-life_931/index.html,2026-09-02T16:09:16.369092
1111,The Art Forger,40.76,In stock,star-rating Three,https://books.toscrape.com/catalogue/the-art-forger_930/index.html,2026-09-02T16:09:16.458380
1112,The Age of Genius: The Seventeenth Century and the Birth of the Modern Mind,19.73,In stock,star-rating One,https://books.toscrape.com/catalogue/the-age-of-genius-the-seventeenth-century-and-the-birth-of-the-modern-mind_929/index.html,2026-09-02T16:09:16.558500
1113,The Activist's Tao Te Ching: Ancient Advice for a Modern Revolution,32.24,In stock,star-rating Five,https://books.toscrape.com/catalogue/the-activists-tao-te-ching-ancient-advice-for-a-modern-revolution_928/index.html,2026-09-02T16:09:16.662949
1114,Spark Joy: An Illustrated Master Class on the Art of Organizing and Tidying Up,41.83,In stock,star-rating Four,https://books.toscrape.com/catalogue/spark-joy-an-illustrated-master-class-on-the-art-of-organizing-and-tidying-up_927/index.html,2026-09-02T16:09:16.755797
1115,Soul Reader,39.58,In stock,star-rating Two,https://books.toscrape.com/catalogue/soul-reader_926/index.html,2026-09-02T16:09:16.835192
1116,Security,39.25,In stock,star-rating Two,https://books.toscrape.com/catalogue/security_925/index.html,2026-09-02T16:09:16.983903
1117,"Saga, Volume 6 (Saga (Collected Editions) #6)",25.02,In stock,star-rating Three,https://books.toscrape.com/catalogue/saga-volume-6-saga-collected-editions-6_924/index.html,2026-09-02T16:09:17.095686
1118,"Saga, Volume 5 (Saga (Collected Editions) #5)",51.04,In stock,star-rating Two,https://books.toscrape.com/catalogue/saga-volume-5-saga-collected-editions-5_923/index.html,2026-09-02T16:09:17.201788
1119,Reskilling America: Learning to Labor in the Twenty-First Century,19.83,In stock,star-rating Two,https://books.toscrape.com/catalogue/reskilling-america-learning-to-labor-in-the-twenty-first-century_922/index.html,2026-09-02T16:09:17.303334
1120,"Rat Queens, Vol. 3: Demons (Rat Queens (Collected Editions) #11-15)",50.4,In stock,star-rating Three,https://books.toscrape.com/catalogue/rat-queens-vol-3-demons-rat-queens-collected-editions-11-15_921/index.html,2026-09-02T16:09:17.462779
1121,"Princess Jellyfish 2-in-1 Omnibus, Vol. 01 (Princess Jellyfish 2-in-1 Omnibus #1)",13.61,In stock,star-rating Five,https://books.toscrape.com/catalogue/princess-jellyfish-2-in-1-omnibus-vol-01-princess-jellyfish-2-in-1-omnibus-1_920/index.html,2026-09-02T16:09:26.820283
1122,Princess Between Worlds (Wide-Awake Princess #5),13.34,In stock,star-rating Five,https://books.toscrape.com/catalogue/princess-between-worlds-wide-awake-princess-5_919/index.html,2026-09-02T16:09:26.974493
1123,"Pop Gun War, Volume 1: Gift",18.97,In stock,star-rating One,https://books.toscrape.com/catalogue/pop-gun-war-volume-1-gift_918/index.html,2026-09-02T16:09:27.061200
1124,"Political Suicide: Missteps, Peccadilloes, Bad Calls, Backroom Hijinx, Sordid Pasts, Rotten Breaks, and Just Plain Dumb Mistakes in the Annals of American Politics",36.28,In stock,star-rating Two,https://books.toscrape.com/catalogue/political-suicide-missteps-peccadilloes-bad-calls-backroom-hijinx-sordid-pasts-rotten-breaks-and-just-plain-dumb-mistakes-in-the-annals-of-american-politics_917/index.html,2026-09-02T16:09:27.172034
1125,Patience,10.16,In stock,star-rating Three,https://books.toscrape.com/catalogue/patience_916/index.html,2026-09-02T16:09:27.303302
1126,"Outcast, Vol. 1: A Darkness Surrounds Him (Outcast #1)",15.44,In stock,star-rating Four,https://books.toscrape.com/catalogue/outcast-vol-1-a-darkness-surrounds-him-outcast-1_915/index.html,2026-09-02T16:09:27.411955
1127,orange: The Complete Collection 1 (orange: The Complete Collection #1),48.41,In stock,star-rating One,https://books.toscrape.com/catalogue/orange-the-complete-collection-1-orange-the-complete-collection-1_914/index.html,2026-09-02T16:09:27.494635
1128,Online Marketing for Busy Authors: A Step-By-Step Guide,46.35,In stock,star-rating One,https://books.toscrape.com/catalogue/online-marketing-for-busy-authors-a-step-by-step-guide_913/index.html,2026-09-02T16:09:27.576410
1129,On a Midnight Clear,14.07,In stock,star-rating Three,https://books.toscrape.com/catalogue/on-a-midnight-clear_912/index.html,2026-09-02T16:09:27.666736
1130,Obsidian (Lux #1),14.86,In stock,star-rating Two,https://books.toscrape.com/catalogue/obsidian-lux-1_911/index.html,2026-09-02T16:09:27.769645
1131,My Paris Kitchen: Recipes and Stories,33.37,In stock,star-rating Two,https://books.toscrape.com/catalogue/my-paris-kitchen-recipes-and-stories_910/index.html,2026-09-02T16:09:27.870151
1132,Masks and Shadows,56.4,In stock,star-rating Two,https://books.toscrape.com/catalogue/masks-and-shadows_909/index.html,2026-09-02T16:09:27.961909
1133,"Mama Tried: Traditional Italian Cooking for the Screwed, Crude, Vegan, and Tattooed",14.02,In stock,star-rating Four,https://books.toscrape.com/catalogue/mama-tried-traditional-italian-cooking-for-the-screwed-crude-vegan-and-tattooed_908/index.html,2026-09-02T16:09:28.045730
1134,"Lumberjanes, Vol. 2: Friendship to the Max (Lumberjanes #5-8)",46.91,In stock,star-rating Two,https://books.toscrape.com/catalogue/lumberjanes-vol-2-friendship-to-the-max-lumberjanes-5-8_907/index.html,2026-09-02T16:09:28.143745
1135,"Lumberjanes, Vol. 1: Beware the Kitten Holy (Lumberjanes #1-4)",45.61,In stock,star-rating Three,https://books.toscrape.com/catalogue/lumberjanes-vol-1-beware-the-kitten-holy-lumberjanes-1-4_906/index.html,2026-09-02T16:09:28.265127
1136,Lumberjanes Vol. 3: A Terrible Plan (Lumberjanes #9-12),19.92,In stock,star-rating Two,https://books.toscrape.com/catalogue/lumberjanes-vol-3-a-terrible-plan-lumberjanes-9-12_905/index.html,2026-09-02T16:09:28.371188
1137,"Layered: Baking, Building, and Styling Spectacular Cakes",40.11,In stock,star-rating One,https://books.toscrape.com/catalogue/layered-baking-building-and-styling-spectacular-cakes_904/index.html,2026-09-02T16:09:28.476759
1138,Judo: Seven Steps to Black Belt (an Introductory Guide for Beginners),53.9,In stock,star-rating Two,https://books.toscrape.com/catalogue/judo-seven-steps-to-black-belt-an-introductory-guide-for-beginners_903/index.html,2026-09-02T16:09:28.549766
1139,Join,35.67,In stock,star-rating Five,https://books.toscrape.com/catalogue/join_902/index.html,2026-09-02T16:09:28.627429
1140,In the Country We Love: My Family Divided,22.0,In stock,star-rating Four,https://books.toscrape.com/catalogue/in-the-country-we-love-my-family-divided_901/index.html,2026-09-02T16:09:28.714616
1141,Immunity: How Elie Metchnikoff Changed the Course of Modern Medicine,57.36,In stock,star-rating Five,https://books.toscrape.com/catalogue/immunity-how-elie-metchnikoff-changed-the-course-of-modern-medicine_900/index.html,2026-09-02T16:09:36.087088
1142,"I Hate Fairyland, Vol. 1: Madly Ever After (I Hate Fairyland (Compilations) #1-5)",29.17,In stock,star-rating Two,https://books.toscrape.com/catalogue/i-hate-fairyland-vol-1-madly-ever-after-i-hate-fairyland-compilations-1-5_899/index.html,2026-09-02T16:09:36.158769
1143,I am a Hero Omnibus Volume 1,54.63,In stock,star-rating Three,https://books.toscrape.com/catalogue/i-am-a-hero-omnibus-volume-1_898/index.html,2026-09-02T16:09:36.253590
1144,How to Be Miserable: 40 Strategies You Already Use,46.03,In stock,star-rating One,https://books.toscrape.com/catalogue/how-to-be-miserable-40-strategies-you-already-use_897/index.html,2026-09-02T16:09:36.397821
1145,Her Backup Boyfriend (The Sorensen Family #1),33.97,In stock,star-rating One,https://books.toscrape.com/catalogue/her-backup-boyfriend-the-sorensen-family-1_896/index.html,2026-09-02T16:09:36.531161
1146,"Giant Days, Vol. 2 (Giant Days #5-8)",22.11,In stock,star-rating Two,https://books.toscrape.com/catalogue/giant-days-vol-2-giant-days-5-8_895/index.html,2026-09-02T16:09:36.661937
1147,Forever and Forever: The Courtship of Henry Longfellow and Fanny Appleton,29.69,In stock,star-rating Three,https://books.toscrape.com/catalogue/forever-and-forever-the-courtship-of-henry-longfellow-and-fanny-appleton_894/index.html,2026-09-02T16:09:36.745055
1148,First and First (Five Boroughs #3),15.97,In stock,star-rating Four,https://books.toscrape.com/catalogue/first-and-first-five-boroughs-3_893/index.html,2026-09-02T16:09:36.844218
1149,Fifty Shades Darker (Fifty Shades #2),21.96,In stock,star-rating One,https://books.toscrape.com/catalogue/fifty-shades-darker-fifty-shades-2_892/index.html,2026-09-02T16:09:36.937364
1150,Everydata: The Misinformation Hidden in the Little Data You Consume Every Day,54.35,In stock,star-rating Two,https://books.toscrape.com/catalogue/everydata-the-misinformation-hidden-in-the-little-data-you-consume-every-day_891/index.html,2026-09-02T16:09:37.080636
1151,"Don't Be a Jerk: And Other Practical Advice from Dogen, Japan's Greatest Zen Master",37.97,In stock,star-rating Two,https://books.toscrape.com/catalogue/dont-be-a-jerk-and-other-practical-advice-from-dogen-japans-greatest-zen-master_890/index.html,2026-09-02T16:09:37.177476
1152,Danganronpa Volume 1,51.99,In stock,star-rating Four,https://books.toscrape.com/catalogue/danganronpa-volume-1_889/index.html,2026-09-02T16:09:37.286276
1153,Crown of Midnight (Throne of Glass #2),43.29,In stock,star-rating Three,https://books.toscrape.com/catalogue/crown-of-midnight-throne-of-glass-2_888/index.html,2026-09-02T16:09:37.364535
1154,"Codename Baboushka, Volume 1: The Conclave of Death",36.72,In stock,star-rating Four,https://books.toscrape.com/catalogue/codename-baboushka-volume-1-the-conclave-of-death_887/index.html,2026-09-02T16:09:37.479509
1155,Camp Midnight,17.08,In stock,star-rating Four,https://books.toscrape.com/catalogue/camp-midnight_886/index.html,2026-09-02T16:09:37.641435
1156,Call the Nurse: True Stories of a Country Nurse on a Scottish Isle,29.14,In stock,star-rating Five,https://books.toscrape.com/catalogue/call-the-nurse-true-stories-of-a-country-nurse-on-a-scottish-isle_885/index.html,2026-09-02T16:09:37.757376
1157,Burning,28.81,In stock,star-rating Three,https://books.toscrape.com/catalogue/burning_884/index.html,2026-09-02T16:09:37.935092
1158,Bossypants,49.46,In stock,star-rating Two,https://books.toscrape.com/catalogue/bossypants_883/index.html,2026-09-02T16:09:38.087690
1159,"Bitch Planet, Vol. 1: Extraordinary Machine (Bitch Planet (Collected Editions))",37.92,In stock,star-rating Two,https://books.toscrape.com/catalogue/bitch-planet-vol-1-extraordinary-machine-bitch-planet-collected-editions_882/index.html,2026-09-02T16:09:38.209190
1160,"Avatar: The Last Airbender: Smoke and Shadow, Part 3 (Smoke and Shadow #3)",28.09,In stock,star-rating Two,https://books.toscrape.com/catalogue/avatar-the-last-airbender-smoke-and-shadow-part-3-smoke-and-shadow-3_881/index.html,2026-09-02T16:09:38.337542
1161,Algorithms to Live By: The Computer Science of Human Decisions,30.81,In stock,star-rating One,https://books.toscrape.com/catalogue/algorithms-to-live-by-the-computer-science-of-human-decisions_880/index.html,2026-09-02T16:09:46.733394
1162,A World of Flavor: Your Gluten Free Passport,42.95,In stock,star-rating One,https://books.toscrape.com/catalogue/a-world-of-flavor-your-gluten-free-passport_879/index.html,2026-09-02T16:09:46.825632
1163,"A Piece of Sky, a Grain of Rice: A Memoir in Four Meditations",56.76,In stock,star-rating Five,https://books.toscrape.com/catalogue/a-piece-of-sky-a-grain-of-rice-a-memoir-in-four-meditations_878/index.html,2026-09-02T16:09:46.926599
1164,A Murder in Time,16.64,In stock,star-rating One,https://books.toscrape.com/catalogue/a-murder-in-time_877/index.html,2026-09-02T16:09:47.079759
1165,A Flight of Arrows (The Pathfinders #2),55.53,In stock,star-rating Five,https://books.toscrape.com/catalogue/a-flight-of-arrows-the-pathfinders-2_876/index.html,2026-09-02T16:09:47.193778
1166,A Fierce and Subtle Poison,28.13,In stock,star-rating Four,https://books.toscrape.com/catalogue/a-fierce-and-subtle-poison_875/index.html,2026-09-02T16:09:47.311054
1167,A Court of Thorns and Roses (A Court of Thorns and Roses #1),52.37,In stock,star-rating One,https://books.toscrape.com/catalogue/a-court-of-thorns-and-roses-a-court-of-thorns-and-roses-1_874/index.html,2026-09-02T16:09:47.390774
1168,(Un)Qualified: How God Uses Broken People to Do Big Things,54.0,In stock,star-rating Five,https://books.toscrape.com/catalogue/unqualified-how-god-uses-broken-people-to-do-big-things_873/index.html,2026-09-02T16:09:47.467291
1169,You Are What You Love: The Spiritual Power of Habit,21.87,In stock,star-rating Four,https://books.toscrape.com/catalogue/you-are-what-you-love-the-spiritual-power-of-habit_872/index.html,2026-09-02T16:09:47.559539
1170,"William Shakespeare's Star Wars: Verily, A New Hope (William Shakespeare's Star Wars #4)",43.3,In stock,star-rating Four,https://books.toscrape.com/catalogue/william-shakespeares-star-wars-verily-a-new-hope-william-shakespeares-star-wars-4_871/index.html,2026-09-02T16:09:47.668718
1171,Tuesday Nights in 1980,21.04,In stock,star-rating Two,https://books.toscrape.com/catalogue/tuesday-nights-in-1980_870/index.html,2026-09-02T16:09:47.771196
1172,Tracing Numbers on a Train,41.6,In stock,star-rating Three,https://books.toscrape.com/catalogue/tracing-numbers-on-a-train_869/index.html,2026-09-02T16:09:47.852731
1173,Throne of Glass (Throne of Glass #1),35.07,In stock,star-rating Three,https://books.toscrape.com/catalogue/throne-of-glass-throne-of-glass-1_868/index.html,2026-09-02T16:09:47.940145
1174,Thomas Jefferson and the Tripoli Pirates: The Forgotten War That Changed American History,59.64,In stock,star-rating One,https://books.toscrape.com/catalogue/thomas-jefferson-and-the-tripoli-pirates-the-forgotten-war-that-changed-american-history_867/index.html,2026-09-02T16:09:48.033115
1175,Thirteen Reasons Why,52.72,In stock,star-rating One,https://books.toscrape.com/catalogue/thirteen-reasons-why_866/index.html,2026-09-02T16:09:48.130118
1176,The White Cat and the Monk: A Retelling of the Poem “Pangur Bán”,58.08,In stock,star-rating Four,https://books.toscrape.com/catalogue/the-white-cat-and-the-monk-a-retelling-of-the-poem-pangur-ban_865/index.html,2026-09-02T16:09:48.230154
1177,The Wedding Dress,24.12,In stock,star-rating One,https://books.toscrape.com/catalogue/the-wedding-dress_864/index.html,2026-09-02T16:09:48.348246
1178,The Vacationers,42.15,In stock,star-rating Four,https://books.toscrape.com/catalogue/the-vacationers_863/index.html,2026-09-02T16:09:48.427984
1179,The Third Wave: An Entrepreneur’s Vision of the Future,12.61,In stock,star-rating Five,https://books.toscrape.com/catalogue/the-third-wave-an-entrepreneurs-vision-of-the-future_862/index.html,2026-09-02T16:09:48.504125
1180,The Stranger,17.44,In stock,star-rating Four,https://books.toscrape.com/catalogue/the-stranger_861/index.html,2026-09-02T16:09:48.613040
1181,The Shadow Hero (The Shadow Hero),33.14,In stock,star-rating One,https://books.toscrape.com/catalogue/the-shadow-hero-the-shadow-hero_860/index.html,2026-09-02T16:09:54.916367
1182,The Secret (The Secret #1),27.37,In stock,star-rating Four,https://books.toscrape.com/catalogue/the-secret-the-secret-1_859/index.html,2026-09-02T16:09:55.030466
1183,The Regional Office Is Under Attack!,51.36,In stock,star-rating Five,https://books.toscrape.com/catalogue/the-regional-office-is-under-attack_858/index.html,2026-09-02T16:09:55.119828
1184,The Psychopath Test: A Journey Through the Madness Industry,36.0,In stock,star-rating Two,https://books.toscrape.com/catalogue/the-psychopath-test-a-journey-through-the-madness-industry_857/index.html,2026-09-02T16:09:55.205429
1185,The Project,10.65,In stock,star-rating One,https://books.toscrape.com/catalogue/the-project_856/index.html,2026-09-02T16:09:55.304597
1186,The Power of Now: A Guide to Spiritual Enlightenment,43.54,In stock,star-rating Two,https://books.toscrape.com/catalogue/the-power-of-now-a-guide-to-spiritual-enlightenment_855/index.html,2026-09-02T16:09:55.414863
1187,The Omnivore's Dilemma: A Natural History of Four Meals,38.21,In stock,star-rating Two,https://books.toscrape.com/catalogue/the-omnivores-dilemma-a-natural-history-of-four-meals_854/index.html,2026-09-02T16:09:55.530829
1188,The Nerdy Nummies Cookbook: Sweet Treats for the Geek in All of Us,37.34,In stock,star-rating Five,https://books.toscrape.com/catalogue/the-nerdy-nummies-cookbook-sweet-treats-for-the-geek-in-all-of-us_853/index.html,2026-09-02T16:09:55.622307
1189,The Murder of Roger Ackroyd (Hercule Poirot #4),44.1,In stock,star-rating Four,https://books.toscrape.com/catalogue/the-murder-of-roger-ackroyd-hercule-poirot-4_852/index.html,2026-09-02T16:09:55.715605
1190,The Mistake (Off-Campus #2),43.29,In stock,star-rating Three,https://books.toscrape.com/catalogue/the-mistake-off-campus-2_851/index.html,2026-09-02T16:09:55.814223
1191,The Matchmaker's Playbook (Wingmen Inc. #1),55.85,In stock,star-rating One,https://books.toscrape.com/catalogue/the-matchmakers-playbook-wingmen-inc-1_850/index.html,2026-09-02T16:09:55.910390
1192,The Love and Lemons Cookbook: An Apple-to-Zucchini Celebration of Impromptu Cooking,37.6,In stock,star-rating Two,https://books.toscrape.com/catalogue/the-love-and-lemons-cookbook-an-apple-to-zucchini-celebration-of-impromptu-cooking_849/index.html,2026-09-02T16:09:55.990326
1193,The Long Shadow of Small Ghosts: Murder and Memory in an American City,10.97,In stock,star-rating One,https://books.toscrape.com/catalogue/the-long-shadow-of-small-ghosts-murder-and-memory-in-an-american-city_848/index.html,2026-09-02T16:09:56.115064
1194,The Kite Runner,41.82,In stock,star-rating Four,https://books.toscrape.com/catalogue/the-kite-runner_847/index.html,2026-09-02T16:09:56.205127
1195,The House by the Lake,36.95,In stock,star-rating One,https://books.toscrape.com/catalogue/the-house-by-the-lake_846/index.html,2026-09-02T16:09:56.322003
1196,The Glittering Court (The Glittering Court #1),44.28,In stock,star-rating One,https://books.toscrape.com/catalogue/the-glittering-court-the-glittering-court-1_845/index.html,2026-09-02T16:09:56.495543
1197,The Girl on the Train,55.02,In stock,star-rating Two,https://books.toscrape.com/catalogue/the-girl-on-the-train_844/index.html,2026-09-02T16:09:56.595541
1198,The Genius of Birds,17.24,In stock,star-rating One,https://books.toscrape.com/catalogue/the-genius-of-birds_843/index.html,2026-09-02T16:09:56.712378
1199,The Emerald Mystery,23.15,In stock,star-rating Two,https://books.toscrape.com/catalogue/the-emerald-mystery_842/index.html,2026-09-02T16:09:56.814876
1200,The Cookies & Cups Cookbook: 125+ sweet & savory recipes reminding you to Always Eat Dessert First,41.25,In stock,star-rating One,https://books.toscrape.com/catalogue/the-cookies-cups-cookbook-125-sweet-savory-recipes-reminding-you-to-always-eat-dessert-first_841/index.html,2026-09-02T16:09:56.912405
1201,The Bridge to Consciousness: I'm Writing the Bridge Between Science and Our Old and New Beliefs.,32.0,In stock,star-rating Three,https://books.toscrape.com/catalogue/the-bridge-to-consciousness-im-writing-the-bridge-between-science-and-our-old-and-new-beliefs_840/index.html,2026-09-02T16:10:01.725249
1202,The Artist's Way: A Spiritual Path to Higher Creativity,38.49,In stock,star-rating Five,https://books.toscrape.com/catalogue/the-artists-way-a-spiritual-path-to-higher-creativity_839/index.html,2026-09-02T16:10:01.821769
1203,The Art of War,33.34,In stock,star-rating Five,https://books.toscrape.com/catalogue/the-art-of-war_838/index.html,2026-09-02T16:10:01.903699
1204,The Argonauts,10.93,In stock,star-rating Two,https://books.toscrape.com/catalogue/the-argonauts_837/index.html,2026-09-02T16:10:01.981591
1205,The 10% Entrepreneur: Live Your Startup Dream Without Quitting Your Day Job,27.55,In stock,star-rating Three,https://books.toscrape.com/catalogue/the-10-entrepreneur-live-your-startup-dream-without-quitting-your-day-job_836/index.html,2026-09-02T16:10:02.089878
1206,Suddenly in Love (Lake Haven #1),55.99,In stock,star-rating Two,https://books.toscrape.com/catalogue/suddenly-in-love-lake-haven-1_835/index.html,2026-09-02T16:10:02.165844
1207,Something More Than This,16.24,In stock,star-rating Four,https://books.toscrape.com/catalogue/something-more-than-this_834/index.html,2026-09-02T16:10:02.243599
1208,Soft Apocalypse,26.12,In stock,star-rating Two,https://books.toscrape.com/catalogue/soft-apocalypse_833/index.html,2026-09-02T16:10:02.356039
1209,So You've Been Publicly Shamed,12.23,In stock,star-rating Two,https://books.toscrape.com/catalogue/so-youve-been-publicly-shamed_832/index.html,2026-09-02T16:10:02.446631
1210,Shoe Dog: A Memoir by the Creator of NIKE,23.99,In stock,star-rating Two,https://books.toscrape.com/catalogue/shoe-dog-a-memoir-by-the-creator-of-nike_831/index.html,2026-09-02T16:10:02.565906
1211,"Shobu Samurai, Project Aryoku (#3)",29.06,In stock,star-rating Three,https://books.toscrape.com/catalogue/shobu-samurai-project-aryoku-3_830/index.html,2026-09-02T16:10:02.652484
1212,Secrets and Lace (Fatal Hearts #1),20.27,In stock,star-rating One,https://books.toscrape.com/catalogue/secrets-and-lace-fatal-hearts-1_829/index.html,2026-09-02T16:10:02.763414
1213,Scarlett Epstein Hates It Here,43.55,In stock,star-rating Five,https://books.toscrape.com/catalogue/scarlett-epstein-hates-it-here_828/index.html,2026-09-02T16:10:02.862026
1214,Romero and Juliet: A Tragic Tale of Love and Zombies,36.94,In stock,star-rating One,https://books.toscrape.com/catalogue/romero-and-juliet-a-tragic-tale-of-love-and-zombies_827/index.html,2026-09-02T16:10:03.004659
1215,Redeeming Love,20.47,In stock,star-rating Five,https://books.toscrape.com/catalogue/redeeming-love_826/index.html,2026-09-02T16:10:03.096011
1216,Poses for Artists Volume 1 - Dynamic and Sitting Poses: An Essential Reference for Figure Drawing and the Human Form,41.06,In stock,star-rating One,https://books.toscrape.com/catalogue/poses-for-artists-volume-1-dynamic-and-sitting-poses-an-essential-reference-for-figure-drawing-and-the-human-form_825/index.html,2026-09-02T16:10:03.198130
1217,Poems That Make Grown Women Cry,14.19,In stock,star-rating Four,https://books.toscrape.com/catalogue/poems-that-make-grown-women-cry_824/index.html,2026-09-02T16:10:03.280590
1218,"Nightingale, Sing",38.28,In stock,star-rating One,https://books.toscrape.com/catalogue/nightingale-sing_823/index.html,2026-09-02T16:10:03.397326
1219,Night Sky with Exit Wounds,41.05,In stock,star-rating One,https://books.toscrape.com/catalogue/night-sky-with-exit-wounds_822/index.html,2026-09-02T16:10:03.480281
1220,Mrs. Houdini,30.25,In stock,star-rating Five,https://books.toscrape.com/catalogue/mrs-houdini_821/index.html,2026-09-02T16:10:03.563908
1221,Modern Romance,28.26,In stock,star-rating Five,https://books.toscrape.com/catalogue/modern-romance_820/index.html,2026-09-02T16:10:07.160896
1222,Miss Peregrine’s Home for Peculiar Children (Miss Peregrine’s Peculiar Children #1),10.76,In stock,star-rating One,https://books.toscrape.com/catalogue/miss-peregrines-home-for-peculiar-children-miss-peregrines-peculiar-children-1_819/index.html,2026-09-02T16:10:07.260174
1223,Louisa: The Extraordinary Life of Mrs. Adams,16.85,In stock,star-rating Two,https://books.toscrape.com/catalogue/louisa-the-extraordinary-life-of-mrs-adams_818/index.html,2026-09-02T16:10:07.369287
1224,Little Red,13.47,In stock,star-rating Three,https://books.toscrape.com/catalogue/little-red_817/index.html,2026-09-02T16:10:07.475447
1225,Library of Souls (Miss Peregrine’s Peculiar Children #3),48.56,In stock,star-rating Five,https://books.toscrape.com/catalogue/library-of-souls-miss-peregrines-peculiar-children-3_816/index.html,2026-09-02T16:10:07.632187
1226,Large Print Heart of the Pride,19.15,In stock,star-rating Two,https://books.toscrape.com/catalogue/large-print-heart-of-the-pride_815/index.html,2026-09-02T16:10:07.711005
1227,I Had a Nice Time And Other Lies...: How to find love & sh*t like that,57.36,In stock,star-rating Four,https://books.toscrape.com/catalogue/i-had-a-nice-time-and-other-lies-how-to-find-love-sht-like-that_814/index.html,2026-09-02T16:10:07.820511
1228,Hollow City (Miss Peregrine’s Peculiar Children #2),42.98,In stock,star-rating One,https://books.toscrape.com/catalogue/hollow-city-miss-peregrines-peculiar-children-2_813/index.html,2026-09-02T16:10:07.924460
1229,Grumbles,22.16,In stock,star-rating Two,https://books.toscrape.com/catalogue/grumbles_812/index.html,2026-09-02T16:10:08.046404
1230,Full Moon over Noah’s Ark: An Odyssey to Mount Ararat and Beyond,49.43,In stock,star-rating Four,https://books.toscrape.com/catalogue/full-moon-over-noahs-ark-an-odyssey-to-mount-ararat-and-beyond_811/index.html,2026-09-02T16:10:08.188781
1231,Frostbite (Vampire Academy #2),29.99,In stock,star-rating Five,https://books.toscrape.com/catalogue/frostbite-vampire-academy-2_810/index.html,2026-09-02T16:10:08.322334
1232,Follow You Home,21.36,In stock,star-rating One,https://books.toscrape.com/catalogue/follow-you-home_809/index.html,2026-09-02T16:10:08.473106
1233,First Steps for New Christians (Print Edition),29.0,In stock,star-rating One,https://books.toscrape.com/catalogue/first-steps-for-new-christians-print-edition_808/index.html,2026-09-02T16:10:08.648852
1234,Finders Keepers (Bill Hodges Trilogy #2),53.53,In stock,star-rating Five,https://books.toscrape.com/catalogue/finders-keepers-bill-hodges-trilogy-2_807/index.html,2026-09-02T16:10:08.753037
1235,"Fables, Vol. 1: Legends in Exile (Fables #1)",41.62,In stock,star-rating Four,https://books.toscrape.com/catalogue/fables-vol-1-legends-in-exile-fables-1_806/index.html,2026-09-02T16:10:08.850737
1236,Eureka Trivia 6.0,54.59,In stock,star-rating Four,https://books.toscrape.com/catalogue/eureka-trivia-60_805/index.html,2026-09-02T16:10:08.978378
1237,Drive: The Surprising Truth About What Motivates Us,34.95,In stock,star-rating Four,https://books.toscrape.com/catalogue/drive-the-surprising-truth-about-what-motivates-us_804/index.html,2026-09-02T16:10:09.122075
1238,Done Rubbed Out (Reightman & Bailey #1),37.72,In stock,star-rating Five,https://books.toscrape.com/catalogue/done-rubbed-out-reightman-bailey-1_803/index.html,2026-09-02T16:10:09.267068
1239,Doing It Over (Most Likely To #1),35.61,In stock,star-rating Three,https://books.toscrape.com/catalogue/doing-it-over-most-likely-to-1_802/index.html,2026-09-02T16:10:09.388261
1240,"Deliciously Ella Every Day: Quick and Easy Recipes for Gluten-Free Snacks, Packed Lunches, and Simple Meals",42.16,In stock,star-rating Three,https://books.toscrape.com/catalogue/deliciously-ella-every-day-quick-and-easy-recipes-for-gluten-free-snacks-packed-lunches-and-simple-meals_801/index.html,2026-09-02T16:10:09.539566
1241,Dark Notes,19.19,In stock,star-rating Five,https://books.toscrape.com/catalogue/dark-notes_800/index.html,2026-09-02T16:10:12.379687
1242,"Daring Greatly: How the Courage to Be Vulnerable Transforms the Way We Live, Love, Parent, and Lead",19.43,In stock,star-rating Three,https://books.toscrape.com/catalogue/daring-greatly-how-the-courage-to-be-vulnerable-transforms-the-way-we-live-love-parent-and-lead_799/index.html,2026-09-02T16:10:12.586671
1243,Close to You,49.46,In stock,star-rating Four,https://books.toscrape.com/catalogue/close-to-you_798/index.html,2026-09-02T16:10:12.798116
1244,Chasing Heaven: What Dying Taught Me About Living,37.8,In stock,star-rating Two,https://books.toscrape.com/catalogue/chasing-heaven-what-dying-taught-me-about-living_797/index.html,2026-09-02T16:10:12.958743
1245,Big Magic: Creative Living Beyond Fear,30.8,In stock,star-rating Three,https://books.toscrape.com/catalogue/big-magic-creative-living-beyond-fear_796/index.html,2026-09-02T16:10:13.050231
1246,Becoming Wise: An Inquiry into the Mystery and Art of Living,27.43,In stock,star-rating Two,https://books.toscrape.com/catalogue/becoming-wise-an-inquiry-into-the-mystery-and-art-of-living_795/index.html,2026-09-02T16:10:13.153418
1247,Beauty Restored (Riley Family Legacy Novellas #3),11.11,In stock,star-rating Two,https://books.toscrape.com/catalogue/beauty-restored-riley-family-legacy-novellas-3_794/index.html,2026-09-02T16:10:13.267154
1248,Batman: The Long Halloween (Batman),36.5,In stock,star-rating Two,https://books.toscrape.com/catalogue/batman-the-long-halloween-batman_793/index.html,2026-09-02T16:10:13.353101
1249,Batman: The Dark Knight Returns (Batman),15.38,In stock,star-rating Five,https://books.toscrape.com/catalogue/batman-the-dark-knight-returns-batman_792/index.html,2026-09-02T16:10:13.444819
1250,Ayumi's Violin,15.48,In stock,star-rating Two,https://books.toscrape.com/catalogue/ayumis-violin_791/index.html,2026-09-02T16:10:13.559209
1251,Anonymous,46.82,In stock,star-rating Four,https://books.toscrape.com/catalogue/anonymous_790/index.html,2026-09-02T16:10:13.679615
1252,Amy Meets the Saints and Sages,18.46,In stock,star-rating Three,https://books.toscrape.com/catalogue/amy-meets-the-saints-and-sages_789/index.html,2026-09-02T16:10:13.779741
1253,Amid the Chaos,36.58,In stock,star-rating One,https://books.toscrape.com/catalogue/amid-the-chaos_788/index.html,2026-09-02T16:10:13.910099
1254,Amatus,50.54,In stock,star-rating Five,https://books.toscrape.com/catalogue/amatus_787/index.html,2026-09-02T16:10:14.011520
1255,Agnostic: A Spirited Manifesto,12.51,In stock,star-rating Five,https://books.toscrape.com/catalogue/agnostic-a-spirited-manifesto_786/index.html,2026-09-02T16:10:14.093718
1256,Zealot: The Life and Times of Jesus of Nazareth,24.7,In stock,star-rating Three,https://books.toscrape.com/catalogue/zealot-the-life-and-times-of-jesus-of-nazareth_785/index.html,2026-09-02T16:10:14.165876
1257,You (You #1),43.61,In stock,star-rating Five,https://books.toscrape.com/catalogue/you-you-1_784/index.html,2026-09-02T16:10:14.243340
1258,"Wonder Woman: Earth One, Volume One (Wonder Woman: Earth One #1)",37.34,In stock,star-rating Four,https://books.toscrape.com/catalogue/wonder-woman-earth-one-volume-one-wonder-woman-earth-one-1_783/index.html,2026-09-02T16:10:14.322794
1259,Wild Swans,14.36,In stock,star-rating Two,https://books.toscrape.com/catalogue/wild-swans_782/index.html,2026-09-02T16:10:14.418564
1260,Why the Right Went Wrong: Conservatism--From Goldwater to the Tea Party and Beyond,52.65,In stock,star-rating Four,https://books.toscrape.com/catalogue/why-the-right-went-wrong-conservatism-from-goldwater-to-the-tea-party-and-beyond_781/index.html,2026-09-02T16:10:14.498787
1261,Whole Lotta Creativity Going On: 60 Fun and Unusual Exercises to Awaken and Strengthen Your Creativity,38.2,In stock,star-rating Four,https://books.toscrape.com/catalogue/whole-lotta-creativity-going-on-60-fun-and-unusual-exercises-to-awaken-and-strengthen-your-creativity_780/index.html,2026-09-02T16:10:19.018306
1262,What's It Like in Space?: Stories from Astronauts Who've Been There,19.6,In stock,star-rating Two,https://books.toscrape.com/catalogue/whats-it-like-in-space-stories-from-astronauts-whove-been-there_779/index.html,2026-09-02T16:10:19.150660
1263,"We Are Robin, Vol. 1: The Vigilante Business (We Are Robin #1)",53.9,In stock,star-rating One,https://books.toscrape.com/catalogue/we-are-robin-vol-1-the-vigilante-business-we-are-robin-1_778/index.html,2026-09-02T16:10:19.228085
1264,Walt Disney's Alice in Wonderland,12.96,In stock,star-rating Five,https://books.toscrape.com/catalogue/walt-disneys-alice-in-wonderland_777/index.html,2026-09-02T16:10:19.333402
1265,V for Vendetta (V for Vendetta Complete),37.1,In stock,star-rating Four,https://books.toscrape.com/catalogue/v-for-vendetta-v-for-vendetta-complete_776/index.html,2026-09-02T16:10:19.444957
1266,Until Friday Night (The Field Party #1),46.31,In stock,star-rating Two,https://books.toscrape.com/catalogue/until-friday-night-the-field-party-1_775/index.html,2026-09-02T16:10:19.547852
1267,"Unbroken: A World War II Story of Survival, Resilience, and Redemption",45.95,In stock,star-rating Two,https://books.toscrape.com/catalogue/unbroken-a-world-war-ii-story-of-survival-resilience-and-redemption_774/index.html,2026-09-02T16:10:19.673815
1268,Twenty Yawns,22.08,In stock,star-rating Two,https://books.toscrape.com/catalogue/twenty-yawns_773/index.html,2026-09-02T16:10:19.803724
1269,Through the Woods,25.38,In stock,star-rating Two,https://books.toscrape.com/catalogue/through-the-woods_772/index.html,2026-09-02T16:10:19.973620
1270,This Is Where It Ends,27.12,In stock,star-rating Two,https://books.toscrape.com/catalogue/this-is-where-it-ends_771/index.html,2026-09-02T16:10:20.130547
1271,The Year of Magical Thinking,43.04,In stock,star-rating Two,https://books.toscrape.com/catalogue/the-year-of-magical-thinking_770/index.html,2026-09-02T16:10:20.252753
1272,The Wright Brothers,56.8,In stock,star-rating Four,https://books.toscrape.com/catalogue/the-wright-brothers_769/index.html,2026-09-02T16:10:20.349542
1273,The White Queen (The Cousins' War #1),25.91,In stock,star-rating Five,https://books.toscrape.com/catalogue/the-white-queen-the-cousins-war-1_768/index.html,2026-09-02T16:10:20.460329
1274,The Wedding Pact (The O'Malleys #2),32.61,In stock,star-rating Three,https://books.toscrape.com/catalogue/the-wedding-pact-the-omalleys-2_767/index.html,2026-09-02T16:10:20.636856
1275,The Time Keeper,27.88,In stock,star-rating Five,https://books.toscrape.com/catalogue/the-time-keeper_766/index.html,2026-09-02T16:10:20.753309
1276,The Testament of Mary,52.67,In stock,star-rating Four,https://books.toscrape.com/catalogue/the-testament-of-mary_765/index.html,2026-09-02T16:10:20.940387
1277,The Star-Touched Queen,46.02,In stock,star-rating Five,https://books.toscrape.com/catalogue/the-star-touched-queen_764/index.html,2026-09-02T16:10:21.127809
1278,The Songs of the Gods,44.48,In stock,star-rating Five,https://books.toscrape.com/catalogue/the-songs-of-the-gods_763/index.html,2026-09-02T16:10:21.219545
1279,The Song of Achilles,37.4,In stock,star-rating Five,https://books.toscrape.com/catalogue/the-song-of-achilles_762/index.html,2026-09-02T16:10:21.315075
1280,The Rosie Project (Don Tillman #1),54.04,In stock,star-rating One,https://books.toscrape.com/catalogue/the-rosie-project-don-tillman-1_761/index.html,2026-09-02T16:10:21.398238
1281,The Power of Habit: Why We Do What We Do in Life and Business,16.88,In stock,star-rating Three,https://books.toscrape.com/catalogue/the-power-of-habit-why-we-do-what-we-do-in-life-and-business_760/index.html,2026-09-02T16:10:27.850298
1282,The Marriage of Opposites,28.08,In stock,star-rating Four,https://books.toscrape.com/catalogue/the-marriage-of-opposites_759/index.html,2026-09-02T16:10:28.070493
1283,The Lucifer Effect: Understanding How Good People Turn Evil,10.4,In stock,star-rating One,https://books.toscrape.com/catalogue/the-lucifer-effect-understanding-how-good-people-turn-evil_758/index.html,2026-09-02T16:10:28.203295
1284,The Long Haul (Diary of a Wimpy Kid #9),44.07,In stock,star-rating One,https://books.toscrape.com/catalogue/the-long-haul-diary-of-a-wimpy-kid-9_757/index.html,2026-09-02T16:10:28.308507
1285,The Loney,23.4,In stock,star-rating One,https://books.toscrape.com/catalogue/the-loney_756/index.html,2026-09-02T16:10:28.397347
1286,The Literature Book (Big Ideas Simply Explained),17.43,In stock,star-rating Three,https://books.toscrape.com/catalogue/the-literature-book-big-ideas-simply-explained_755/index.html,2026-09-02T16:10:28.491282
1287,The Last Mile (Amos Decker #2),54.21,In stock,star-rating Two,https://books.toscrape.com/catalogue/the-last-mile-amos-decker-2_754/index.html,2026-09-02T16:10:28.596173
1288,The Immortal Life of Henrietta Lacks,40.67,In stock,star-rating Two,https://books.toscrape.com/catalogue/the-immortal-life-of-henrietta-lacks_753/index.html,2026-09-02T16:10:28.704485
1289,The Hidden Oracle (The Trials of Apollo #1),52.26,In stock,star-rating Two,https://books.toscrape.com/catalogue/the-hidden-oracle-the-trials-of-apollo-1_752/index.html,2026-09-02T16:10:28.874431
1290,The Help Yourself Cookbook for Kids: 60 Easy Plant-Based Recipes Kids Can Make to Stay Healthy and Save the Earth,28.77,In stock,star-rating Three,https://books.toscrape.com/catalogue/the-help-yourself-cookbook-for-kids-60-easy-plant-based-recipes-kids-can-make-to-stay-healthy-and-save-the-earth_751/index.html,2026-09-02T16:10:28.987664
1291,The Guilty (Will Robie #4),13.82,In stock,star-rating Two,https://books.toscrape.com/catalogue/the-guilty-will-robie-4_750/index.html,2026-09-02T16:10:29.092948
1292,The First Hostage (J.B. Collins #2),25.85,In stock,star-rating Three,https://books.toscrape.com/catalogue/the-first-hostage-jb-collins-2_749/index.html,2026-09-02T16:10:29.223747
1293,The Dovekeepers,48.78,In stock,star-rating One,https://books.toscrape.com/catalogue/the-dovekeepers_748/index.html,2026-09-02T16:10:29.345424
1294,The Darkest Lie,35.35,In stock,star-rating Five,https://books.toscrape.com/catalogue/the-darkest-lie_747/index.html,2026-09-02T16:10:29.432269
1295,The Bane Chronicles (The Bane Chronicles #1-11),44.73,In stock,star-rating Four,https://books.toscrape.com/catalogue/the-bane-chronicles-the-bane-chronicles-1-11_746/index.html,2026-09-02T16:10:29.517362
1296,The Bad-Ass Librarians of Timbuktu: And Their Race to Save the World’s Most Precious Manuscripts,15.77,In stock,star-rating One,https://books.toscrape.com/catalogue/the-bad-ass-librarians-of-timbuktu-and-their-race-to-save-the-worlds-most-precious-manuscripts_745/index.html,2026-09-02T16:10:29.596121
1297,The 14th Colony (Cotton Malone #11),39.24,In stock,star-rating One,https://books.toscrape.com/catalogue/the-14th-colony-cotton-malone-11_744/index.html,2026-09-02T16:10:29.683508
1298,That Darkness (Gardiner and Renner #1),13.92,In stock,star-rating One,https://books.toscrape.com/catalogue/that-darkness-gardiner-and-renner-1_743/index.html,2026-09-02T16:10:29.769101
1299,Tastes Like Fear (DI Marnie Rome #3),10.69,In stock,star-rating One,https://books.toscrape.com/catalogue/tastes-like-fear-di-marnie-rome-3_742/index.html,2026-09-02T16:10:29.859669
1300,Take Me with You,45.21,In stock,star-rating Three,https://books.toscrape.com/catalogue/take-me-with-you_741/index.html,2026-09-02T16:10:29.947917
1301,Swell: A Year of Waves,45.58,In stock,star-rating One,https://books.toscrape.com/catalogue/swell-a-year-of-waves_740/index.html,2026-09-02T16:10:33.352811
1302,Superman Vol. 1: Before Truth (Superman by Gene Luen Yang #1),11.89,In stock,star-rating Five,https://books.toscrape.com/catalogue/superman-vol-1-before-truth-superman-by-gene-luen-yang-1_739/index.html,2026-09-02T16:10:33.420756
1303,Still Life with Bread Crumbs,26.41,In stock,star-rating Three,https://books.toscrape.com/catalogue/still-life-with-bread-crumbs_738/index.html,2026-09-02T16:10:33.496577
1304,Steve Jobs,39.5,In stock,star-rating Five,https://books.toscrape.com/catalogue/steve-jobs_737/index.html,2026-09-02T16:10:33.601120
1305,Sorting the Beef from the Bull: The Science of Food Fraud Forensics,44.74,In stock,star-rating Four,https://books.toscrape.com/catalogue/sorting-the-beef-from-the-bull-the-science-of-food-fraud-forensics_736/index.html,2026-09-02T16:10:33.731984
1306,Someone Like You (The Harrisons #2),52.79,In stock,star-rating Five,https://books.toscrape.com/catalogue/someone-like-you-the-harrisons-2_735/index.html,2026-09-02T16:10:33.864374
1307,"So Cute It Hurts!!, Vol. 6 (So Cute It Hurts!! #6)",35.43,In stock,star-rating Four,https://books.toscrape.com/catalogue/so-cute-it-hurts-vol-6-so-cute-it-hurts-6_734/index.html,2026-09-02T16:10:33.945924
1308,Shtum,55.84,In stock,star-rating Four,https://books.toscrape.com/catalogue/shtum_733/index.html,2026-09-02T16:10:34.025508
1309,See America: A Celebration of Our National Parks & Treasured Sites,48.87,In stock,star-rating Three,https://books.toscrape.com/catalogue/see-america-a-celebration-of-our-national-parks-treasured-sites_732/index.html,2026-09-02T16:10:34.104391
1310,salt.,46.78,In stock,star-rating Four,https://books.toscrape.com/catalogue/salt_731/index.html,2026-09-02T16:10:34.186635
1311,Robin War,47.82,In stock,star-rating Three,https://books.toscrape.com/catalogue/robin-war_730/index.html,2026-09-02T16:10:34.249900
1312,"Red Hood/Arsenal, Vol. 1: Open for Business (Red Hood/Arsenal #1)",25.48,In stock,star-rating Two,https://books.toscrape.com/catalogue/red-hoodarsenal-vol-1-open-for-business-red-hoodarsenal-1_729/index.html,2026-09-02T16:10:34.311759
1313,Rain Fish,23.57,In stock,star-rating Three,https://books.toscrape.com/catalogue/rain-fish_728/index.html,2026-09-02T16:10:34.391077
1314,"Quarter Life Poetry: Poems for the Young, Broke and Hangry",50.89,In stock,star-rating Five,https://books.toscrape.com/catalogue/quarter-life-poetry-poems-for-the-young-broke-and-hangry_727/index.html,2026-09-02T16:10:34.473300
1315,Pet Sematary,10.56,In stock,star-rating Three,https://books.toscrape.com/catalogue/pet-sematary_726/index.html,2026-09-02T16:10:34.543484
1316,"Overload: How to Unplug, Unwind, and Unleash Yourself from the Pressure of Stress",52.15,In stock,star-rating Three,https://books.toscrape.com/catalogue/overload-how-to-unplug-unwind-and-unleash-yourself-from-the-pressure-of-stress_725/index.html,2026-09-02T16:10:34.618301
1317,Once Was a Time,18.28,In stock,star-rating Two,https://books.toscrape.com/catalogue/once-was-a-time_724/index.html,2026-09-02T16:10:34.696662
1318,Old School (Diary of a Wimpy Kid #10),11.83,In stock,star-rating Five,https://books.toscrape.com/catalogue/old-school-diary-of-a-wimpy-kid-10_723/index.html,2026-09-02T16:10:34.775845
1319,No Dream Is Too High: Life Lessons From a Man Who Walked on the Moon,21.95,In stock,star-rating Two,https://books.toscrape.com/catalogue/no-dream-is-too-high-life-lessons-from-a-man-who-walked-on-the-moon_722/index.html,2026-09-02T16:10:34.844816
1320,"Naruto (3-in-1 Edition), Vol. 14: Includes Vols. 40, 41 & 42 (Naruto: Omnibus #14)",38.39,In stock,star-rating Two,https://books.toscrape.com/catalogue/naruto-3-in-1-edition-vol-14-includes-vols-40-41-42-naruto-omnibus-14_721/index.html,2026-09-02T16:10:34.911887
1321,My Name Is Lucy Barton,41.56,In stock,star-rating One,https://books.toscrape.com/catalogue/my-name-is-lucy-barton_720/index.html,2026-09-02T16:10:42.067832
1322,My Mrs. Brown,24.48,In stock,star-rating Three,https://books.toscrape.com/catalogue/my-mrs-brown_719/index.html,2026-09-02T16:10:42.187615
1323,My Kind of Crazy,40.36,In stock,star-rating One,https://books.toscrape.com/catalogue/my-kind-of-crazy_718/index.html,2026-09-02T16:10:42.261658
1324,Mr. Mercedes (Bill Hodges Trilogy #1),28.9,In stock,star-rating One,https://books.toscrape.com/catalogue/mr-mercedes-bill-hodges-trilogy-1_717/index.html,2026-09-02T16:10:42.329186
1325,More Than Music (Chasing the Dream #1),37.61,In stock,star-rating Two,https://books.toscrape.com/catalogue/more-than-music-chasing-the-dream-1_716/index.html,2026-09-02T16:10:42.395290
1326,Made to Stick: Why Some Ideas Survive and Others Die,38.85,In stock,star-rating Five,https://books.toscrape.com/catalogue/made-to-stick-why-some-ideas-survive-and-others-die_715/index.html,2026-09-02T16:10:42.458795
1327,Luis Paints the World,53.95,In stock,star-rating Three,https://books.toscrape.com/catalogue/luis-paints-the-world_714/index.html,2026-09-02T16:10:42.542268
1328,Luckiest Girl Alive,49.83,In stock,star-rating Three,https://books.toscrape.com/catalogue/luckiest-girl-alive_713/index.html,2026-09-02T16:10:42.632978
1329,Lowriders to the Center of the Earth (Lowriders in Space #2),51.51,In stock,star-rating Two,https://books.toscrape.com/catalogue/lowriders-to-the-center-of-the-earth-lowriders-in-space-2_712/index.html,2026-09-02T16:10:42.727286
1330,Love Is a Mix Tape (Music #1),18.03,In stock,star-rating One,https://books.toscrape.com/catalogue/love-is-a-mix-tape-music-1_711/index.html,2026-09-02T16:10:42.835719
1331,Looking for Lovely: Collecting the Moments that Matter,29.14,In stock,star-rating Five,https://books.toscrape.com/catalogue/looking-for-lovely-collecting-the-moments-that-matter_710/index.html,2026-09-02T16:10:42.924644
1332,"Living Leadership by Insight: A Good Leader Achieves, a Great Leader Builds Monuments",46.91,In stock,star-rating Four,https://books.toscrape.com/catalogue/living-leadership-by-insight-a-good-leader-achieves-a-great-leader-builds-monuments_709/index.html,2026-09-02T16:10:42.990679
1333,Let It Out: A Journey Through Journaling,26.79,In stock,star-rating Five,https://books.toscrape.com/catalogue/let-it-out-a-journey-through-journaling_708/index.html,2026-09-02T16:10:43.055057
1334,Lady Midnight (The Dark Artifices #1),16.28,In stock,star-rating Five,https://books.toscrape.com/catalogue/lady-midnight-the-dark-artifices-1_707/index.html,2026-09-02T16:10:43.123300
1335,"It's All Easy: Healthy, Delicious Weeknight Meals in under 30 Minutes",19.55,In stock,star-rating One,https://books.toscrape.com/catalogue/its-all-easy-healthy-delicious-weeknight-meals-in-under-30-minutes_706/index.html,2026-09-02T16:10:43.190703
1336,Island of Dragons (Unwanteds #7),29.65,In stock,star-rating One,https://books.toscrape.com/catalogue/island-of-dragons-unwanteds-7_705/index.html,2026-09-02T16:10:43.256172
1337,I Know What I'm Doing -- and Other Lies I Tell Myself: Dispatches from a Life Under Construction,25.98,In stock,star-rating Four,https://books.toscrape.com/catalogue/i-know-what-im-doing-and-other-lies-i-tell-myself-dispatches-from-a-life-under-construction_704/index.html,2026-09-02T16:10:43.320942
1338,I Am Pilgrim (Pilgrim #1),10.6,In stock,star-rating Four,https://books.toscrape.com/catalogue/i-am-pilgrim-pilgrim-1_703/index.html,2026-09-02T16:10:43.393981
1339,"Hyperbole and a Half: Unfortunate Situations, Flawed Coping Mechanisms, Mayhem, and Other Things That Happened",14.75,In stock,star-rating Five,https://books.toscrape.com/catalogue/hyperbole-and-a-half-unfortunate-situations-flawed-coping-mechanisms-mayhem-and-other-things-that-happened_702/index.html,2026-09-02T16:10:43.497999
1340,"Hush, Hush (Hush, Hush #1)",47.02,In stock,star-rating Three,https://books.toscrape.com/catalogue/hush-hush-hush-hush-1_701/index.html,2026-09-02T16:10:43.562137
1341,Hold Your Breath (Search and Rescue #1),28.82,In stock,star-rating One,https://books.toscrape.com/catalogue/hold-your-breath-search-and-rescue-1_700/index.html,2026-09-02T16:10:49.223683
1342,Hamilton: The Revolution,58.79,In stock,star-rating Three,https://books.toscrape.com/catalogue/hamilton-the-revolution_699/index.html,2026-09-02T16:10:49.316450
1343,Greek Mythic History,10.23,In stock,star-rating Five,https://books.toscrape.com/catalogue/greek-mythic-history_698/index.html,2026-09-02T16:10:49.425174
1344,God: The Most Unpleasant Character in All Fiction,30.03,In stock,star-rating Five,https://books.toscrape.com/catalogue/god-the-most-unpleasant-character-in-all-fiction_697/index.html,2026-09-02T16:10:49.517387
1345,Glory over Everything: Beyond The Kitchen House,45.84,In stock,star-rating Three,https://books.toscrape.com/catalogue/glory-over-everything-beyond-the-kitchen-house_696/index.html,2026-09-02T16:10:49.599205
1346,Feathers: Displays of Brilliant Plumage,49.05,In stock,star-rating Three,https://books.toscrape.com/catalogue/feathers-displays-of-brilliant-plumage_695/index.html,2026-09-02T16:10:49.682846
1347,"Far & Away: Places on the Brink of Change: Seven Continents, Twenty-Five Years",15.06,In stock,star-rating Four,https://books.toscrape.com/catalogue/far-away-places-on-the-brink-of-change-seven-continents-twenty-five-years_694/index.html,2026-09-02T16:10:49.774323
1348,Every Last Word,46.47,In stock,star-rating Three,https://books.toscrape.com/catalogue/every-last-word_693/index.html,2026-09-02T16:10:49.885516
1349,Eligible (The Austen Project #4),27.09,In stock,star-rating Three,https://books.toscrape.com/catalogue/eligible-the-austen-project-4_692/index.html,2026-09-02T16:10:50.031721
1350,El Deafo,57.62,In stock,star-rating Five,https://books.toscrape.com/catalogue/el-deafo_691/index.html,2026-09-02T16:10:50.147185
1351,Eight Hundred Grapes,14.39,In stock,star-rating Four,https://books.toscrape.com/catalogue/eight-hundred-grapes_690/index.html,2026-09-02T16:10:50.276966
1352,"Eaternity: More than 150 Deliciously Easy Vegan Recipes for a Long, Healthy, Satisfied, Joyful Life",51.75,In stock,star-rating Five,https://books.toscrape.com/catalogue/eaternity-more-than-150-deliciously-easy-vegan-recipes-for-a-long-healthy-satisfied-joyful-life_689/index.html,2026-09-02T16:10:50.401084
1353,"Eat Fat, Get Thin",54.07,In stock,star-rating Two,https://books.toscrape.com/catalogue/eat-fat-get-thin_688/index.html,2026-09-02T16:10:50.489456
1354,Don't Get Caught,55.35,In stock,star-rating One,https://books.toscrape.com/catalogue/dont-get-caught_687/index.html,2026-09-02T16:10:50.599979
1355,Doctor Sleep (The Shining #2),40.12,In stock,star-rating Two,https://books.toscrape.com/catalogue/doctor-sleep-the-shining-2_686/index.html,2026-09-02T16:10:50.745545
1356,Demigods & Magicians: Percy and Annabeth Meet the Kanes (Percy Jackson & Kane Chronicles Crossover #1-3),37.51,In stock,star-rating Five,https://books.toscrape.com/catalogue/demigods-magicians-percy-and-annabeth-meet-the-kanes-percy-jackson-kane-chronicles-crossover-1-3_685/index.html,2026-09-02T16:10:50.900443
1357,Dear Mr. Knightley,11.21,In stock,star-rating Five,https://books.toscrape.com/catalogue/dear-mr-knightley_684/index.html,2026-09-02T16:10:51.009633
1358,Daily Fantasy Sports,36.58,In stock,star-rating One,https://books.toscrape.com/catalogue/daily-fantasy-sports_683/index.html,2026-09-02T16:10:51.143720
1359,Crazy Love: Overwhelmed by a Relentless God,47.72,In stock,star-rating Two,https://books.toscrape.com/catalogue/crazy-love-overwhelmed-by-a-relentless-god_682/index.html,2026-09-02T16:10:51.254727
1360,Cometh the Hour (The Clifton Chronicles #6),25.01,In stock,star-rating Three,https://books.toscrape.com/catalogue/cometh-the-hour-the-clifton-chronicles-6_681/index.html,2026-09-02T16:10:51.373966
1361,Code Name Verity (Code Name Verity #1),22.13,In stock,star-rating Four,https://books.toscrape.com/catalogue/code-name-verity-code-name-verity-1_680/index.html,2026-09-02T16:10:56.578045
1362,Clockwork Angel (The Infernal Devices #1),44.14,In stock,star-rating One,https://books.toscrape.com/catalogue/clockwork-angel-the-infernal-devices-1_679/index.html,2026-09-02T16:10:56.668829
1363,City of Glass (The Mortal Instruments #3),56.02,In stock,star-rating Four,https://books.toscrape.com/catalogue/city-of-glass-the-mortal-instruments-3_678/index.html,2026-09-02T16:10:56.818675
1364,City of Fallen Angels (The Mortal Instruments #4),11.23,In stock,star-rating Four,https://books.toscrape.com/catalogue/city-of-fallen-angels-the-mortal-instruments-4_677/index.html,2026-09-02T16:10:56.897011
1365,City of Bones (The Mortal Instruments #1),43.28,In stock,star-rating One,https://books.toscrape.com/catalogue/city-of-bones-the-mortal-instruments-1_676/index.html,2026-09-02T16:10:56.940995
1366,City of Ashes (The Mortal Instruments #2),47.27,In stock,star-rating One,https://books.toscrape.com/catalogue/city-of-ashes-the-mortal-instruments-2_675/index.html,2026-09-02T16:10:57.032422
1367,Cell,20.29,In stock,star-rating Four,https://books.toscrape.com/catalogue/cell_674/index.html,2026-09-02T16:10:57.171332
1368,Catching Jordan (Hundred Oaks),50.83,In stock,star-rating Three,https://books.toscrape.com/catalogue/catching-jordan-hundred-oaks_673/index.html,2026-09-02T16:10:57.238117
1369,"Carry On, Warrior: Thoughts on Life Unarmed",31.85,In stock,star-rating Three,https://books.toscrape.com/catalogue/carry-on-warrior-thoughts-on-life-unarmed_672/index.html,2026-09-02T16:10:57.302141
1370,Carrie,46.23,In stock,star-rating Two,https://books.toscrape.com/catalogue/carrie_671/index.html,2026-09-02T16:10:57.367195
1371,Buying In: The Secret Dialogue Between What We Buy and Who We Are,37.8,In stock,star-rating Four,https://books.toscrape.com/catalogue/buying-in-the-secret-dialogue-between-what-we-buy-and-who-we-are_670/index.html,2026-09-02T16:10:57.458099
1372,Brain on Fire: My Month of Madness,49.32,In stock,star-rating Five,https://books.toscrape.com/catalogue/brain-on-fire-my-month-of-madness_669/index.html,2026-09-02T16:10:57.523680
1373,Batman: Europa,32.01,In stock,star-rating Two,https://books.toscrape.com/catalogue/batman-europa_668/index.html,2026-09-02T16:10:57.588022
1374,Barefoot Contessa Back to Basics,28.01,In stock,star-rating One,https://books.toscrape.com/catalogue/barefoot-contessa-back-to-basics_667/index.html,2026-09-02T16:10:57.652059
1375,Barefoot Contessa at Home: Everyday Recipes You'll Make Over and Over Again,50.62,In stock,star-rating Five,https://books.toscrape.com/catalogue/barefoot-contessa-at-home-everyday-recipes-youll-make-over-and-over-again_666/index.html,2026-09-02T16:10:57.716192
1376,Balloon Animals,17.03,In stock,star-rating Three,https://books.toscrape.com/catalogue/balloon-animals_665/index.html,2026-09-02T16:10:57.775399
1377,Art Ops Vol. 1,48.8,In stock,star-rating Three,https://books.toscrape.com/catalogue/art-ops-vol-1_664/index.html,2026-09-02T16:10:57.838556
1378,Aristotle and Dante Discover the Secrets of the Universe (Aristotle and Dante Discover the Secrets of the Universe #1),58.14,In stock,star-rating Four,https://books.toscrape.com/catalogue/aristotle-and-dante-discover-the-secrets-of-the-universe-aristotle-and-dante-discover-the-secrets-of-the-universe-1_663/index.html,2026-09-02T16:10:57.906973
1379,Angels Walking (Angels Walking #1),34.2,In stock,star-rating Two,https://books.toscrape.com/catalogue/angels-walking-angels-walking-1_662/index.html,2026-09-02T16:10:57.970744
1380,Angels & Demons (Robert Langdon #1),51.48,In stock,star-rating Three,https://books.toscrape.com/catalogue/angels-demons-robert-langdon-1_661/index.html,2026-09-02T16:10:58.038858
1381,All the Light We Cannot See,29.87,In stock,star-rating Five,https://books.toscrape.com/catalogue/all-the-light-we-cannot-see_660/index.html,2026-09-02T16:11:02.579039
1382,"Adulthood Is a Myth: A ""Sarah's Scribbles"" Collection",10.9,In stock,star-rating Two,https://books.toscrape.com/catalogue/adulthood-is-a-myth-a-sarahs-scribbles-collection_659/index.html,2026-09-02T16:11:02.657509
1383,Abstract City,56.37,In stock,star-rating Five,https://books.toscrape.com/catalogue/abstract-city_658/index.html,2026-09-02T16:11:02.726086
1384,A Time of Torment (Charlie Parker #14),48.35,In stock,star-rating Five,https://books.toscrape.com/catalogue/a-time-of-torment-charlie-parker-14_657/index.html,2026-09-02T16:11:02.841108
1385,A Study in Scarlet (Sherlock Holmes #1),16.73,In stock,star-rating Two,https://books.toscrape.com/catalogue/a-study-in-scarlet-sherlock-holmes-1_656/index.html,2026-09-02T16:11:02.917096
1386,"A Series of Catastrophes and Miracles: A True Story of Love, Science, and Cancer",56.48,In stock,star-rating Two,https://books.toscrape.com/catalogue/a-series-of-catastrophes-and-miracles-a-true-story-of-love-science-and-cancer_655/index.html,2026-09-02T16:11:02.975223
1387,A People's History of the United States,40.79,In stock,star-rating Two,https://books.toscrape.com/catalogue/a-peoples-history-of-the-united-states_654/index.html,2026-09-02T16:11:03.054296
1388,A Man Called Ove,39.72,In stock,star-rating One,https://books.toscrape.com/catalogue/a-man-called-ove_653/index.html,2026-09-02T16:11:03.114886
1389,A Distant Mirror: The Calamitous 14th Century,14.58,In stock,star-rating Three,https://books.toscrape.com/catalogue/a-distant-mirror-the-calamitous-14th-century_652/index.html,2026-09-02T16:11:03.224003
1390,A Brush of Wings (Angels Walking #3),55.51,In stock,star-rating One,https://books.toscrape.com/catalogue/a-brush-of-wings-angels-walking-3_651/index.html,2026-09-02T16:11:03.326985
1391,1491: New Revelations of the Americas Before Columbus,21.8,In stock,star-rating Three,https://books.toscrape.com/catalogue/1491-new-revelations-of-the-americas-before-columbus_650/index.html,2026-09-02T16:11:03.402884
1392,"The Three Searches, Meaning, and the Story",13.33,In stock,star-rating Three,https://books.toscrape.com/catalogue/the-three-searches-meaning-and-the-story_649/index.html,2026-09-02T16:11:03.492676
1393,Searching for Meaning in Gailana,38.73,In stock,star-rating One,https://books.toscrape.com/catalogue/searching-for-meaning-in-gailana_648/index.html,2026-09-02T16:11:03.595750
1394,Rook,37.86,In stock,star-rating Four,https://books.toscrape.com/catalogue/rook_647/index.html,2026-09-02T16:11:03.672044
1395,My Kitchen Year: 136 Recipes That Saved My Life,11.53,In stock,star-rating Two,https://books.toscrape.com/catalogue/my-kitchen-year-136-recipes-that-saved-my-life_646/index.html,2026-09-02T16:11:03.738672
1396,13 Hours: The Inside Account of What Really Happened In Benghazi,27.06,In stock,star-rating One,https://books.toscrape.com/catalogue/13-hours-the-inside-account-of-what-really-happened-in-benghazi_645/index.html,2026-09-02T16:11:03.828931
1397,Will You Won't You Want Me?,13.86,In stock,star-rating Three,https://books.toscrape.com/catalogue/will-you-wont-you-want-me_644/index.html,2026-09-02T16:11:03.902322
1398,Tipping Point for Planet Earth: How Close Are We to the Edge?,37.55,In stock,star-rating One,https://books.toscrape.com/catalogue/tipping-point-for-planet-earth-how-close-are-we-to-the-edge_643/index.html,2026-09-02T16:11:04.007232
1399,The Star-Touched Queen,32.3,In stock,star-rating Five,https://books.toscrape.com/catalogue/the-star-touched-queen_642/index.html,2026-09-02T16:11:04.105531
1400,The Silent Sister (Riley MacPherson #1),46.29,In stock,star-rating Five,https://books.toscrape.com/catalogue/the-silent-sister-riley-macpherson-1_641/index.html,2026-09-02T16:11:04.203083
1401,The Midnight Watch: A Novel of the Titanic and the Californian,26.2,In stock,star-rating One,https://books.toscrape.com/catalogue/the-midnight-watch-a-novel-of-the-titanic-and-the-californian_640/index.html,2026-09-02T16:11:10.095696
1402,The Lonely City: Adventures in the Art of Being Alone,33.26,In stock,star-rating Two,https://books.toscrape.com/catalogue/the-lonely-city-adventures-in-the-art-of-being-alone_639/index.html,2026-09-02T16:11:10.172005
1403,The Gray Rhino: How to Recognize and Act on the Obvious Dangers We Ignore,59.15,In stock,star-rating Four,https://books.toscrape.com/catalogue/the-gray-rhino-how-to-recognize-and-act-on-the-obvious-dangers-we-ignore_638/index.html,2026-09-02T16:11:10.249946
1404,The Golden Condom: And Other Essays on Love Lost and Found,39.43,In stock,star-rating One,https://books.toscrape.com/catalogue/the-golden-condom-and-other-essays-on-love-lost-and-found_637/index.html,2026-09-02T16:11:10.329496
1405,The Epidemic (The Program 0.6),14.44,In stock,star-rating Five,https://books.toscrape.com/catalogue/the-epidemic-the-program-06_636/index.html,2026-09-02T16:11:10.464512
1406,The Dinner Party,56.54,In stock,star-rating Two,https://books.toscrape.com/catalogue/the-dinner-party_635/index.html,2026-09-02T16:11:10.565622
1407,The Diary of a Young Girl,59.9,In stock,star-rating Three,https://books.toscrape.com/catalogue/the-diary-of-a-young-girl_634/index.html,2026-09-02T16:11:10.725030
1408,The Children,11.88,In stock,star-rating Three,https://books.toscrape.com/catalogue/the-children_633/index.html,2026-09-02T16:11:10.818218
1409,Stars Above (The Lunar Chronicles #4.5),48.05,In stock,star-rating Two,https://books.toscrape.com/catalogue/stars-above-the-lunar-chronicles-45_632/index.html,2026-09-02T16:11:10.894274
1410,Snatched: How A Drug Queen Went Undercover for the DEA and Was Kidnapped By Colombian Guerillas,21.21,In stock,star-rating Three,https://books.toscrape.com/catalogue/snatched-how-a-drug-queen-went-undercover-for-the-dea-and-was-kidnapped-by-colombian-guerillas_631/index.html,2026-09-02T16:11:10.969698
1411,Raspberry Pi Electronics Projects for the Evil Genius,49.67,In stock,star-rating Four,https://books.toscrape.com/catalogue/raspberry-pi-electronics-projects-for-the-evil-genius_630/index.html,2026-09-02T16:11:11.082772
1412,Quench Your Own Thirst: Business Lessons Learned Over a Beer or Two,43.14,In stock,star-rating One,https://books.toscrape.com/catalogue/quench-your-own-thirst-business-lessons-learned-over-a-beer-or-two_629/index.html,2026-09-02T16:11:11.171046
1413,Psycho: Sanitarium (Psycho #1.5),36.97,In stock,star-rating Five,https://books.toscrape.com/catalogue/psycho-sanitarium-psycho-15_628/index.html,2026-09-02T16:11:11.255746
1414,Poisonous (Max Revere Novels #3),26.8,In stock,star-rating Three,https://books.toscrape.com/catalogue/poisonous-max-revere-novels-3_627/index.html,2026-09-02T16:11:11.357136
1415,One with You (Crossfire #5),15.71,In stock,star-rating Four,https://books.toscrape.com/catalogue/one-with-you-crossfire-5_626/index.html,2026-09-02T16:11:11.472100
1416,No Love Allowed (Dodge Cove #1),54.65,In stock,star-rating Four,https://books.toscrape.com/catalogue/no-love-allowed-dodge-cove-1_625/index.html,2026-09-02T16:11:11.551834
1417,Murder at the 42nd Street Library (Raymond Ambler #1),54.36,In stock,star-rating Four,https://books.toscrape.com/catalogue/murder-at-the-42nd-street-library-raymond-ambler-1_624/index.html,2026-09-02T16:11:11.680179
1418,Most Wanted,35.28,In stock,star-rating Three,https://books.toscrape.com/catalogue/most-wanted_623/index.html,2026-09-02T16:11:11.801917
1419,"Love, Lies and Spies",20.55,In stock,star-rating Two,https://books.toscrape.com/catalogue/love-lies-and-spies_622/index.html,2026-09-02T16:11:11.935537
1420,How to Speak Golf: An Illustrated Guide to Links Lingo,58.32,In stock,star-rating Five,https://books.toscrape.com/catalogue/how-to-speak-golf-an-illustrated-guide-to-links-lingo_621/index.html,2026-09-02T16:11:12.059722
1421,Hide Away (Eve Duncan #20),11.84,In stock,star-rating One,https://books.toscrape.com/catalogue/hide-away-eve-duncan-20_620/index.html,2026-09-02T16:11:17.487569
1422,Furiously Happy: A Funny Book About Horrible Things,41.46,In stock,star-rating Four,https://books.toscrape.com/catalogue/furiously-happy-a-funny-book-about-horrible-things_619/index.html,2026-09-02T16:11:17.595822
1423,Everyday Italian: 125 Simple and Delicious Recipes,20.1,In stock,star-rating Five,https://books.toscrape.com/catalogue/everyday-italian-125-simple-and-delicious-recipes_618/index.html,2026-09-02T16:11:17.701681
1424,Equal Is Unfair: America's Misguided Fight Against Income Inequality,56.86,In stock,star-rating One,https://books.toscrape.com/catalogue/equal-is-unfair-americas-misguided-fight-against-income-inequality_617/index.html,2026-09-02T16:11:17.846409
1425,Eleanor & Park,56.51,In stock,star-rating Five,https://books.toscrape.com/catalogue/eleanor-park_616/index.html,2026-09-02T16:11:17.968552
1426,Dirty (Dive Bar #1),40.83,In stock,star-rating Four,https://books.toscrape.com/catalogue/dirty-dive-bar-1_615/index.html,2026-09-02T16:11:18.060790
1427,Can You Keep a Secret? (Fear Street Relaunch #4),48.64,In stock,star-rating One,https://books.toscrape.com/catalogue/can-you-keep-a-secret-fear-street-relaunch-4_614/index.html,2026-09-02T16:11:18.177081
1428,Boar Island (Anna Pigeon #19),59.48,In stock,star-rating Three,https://books.toscrape.com/catalogue/boar-island-anna-pigeon-19_613/index.html,2026-09-02T16:11:18.324904
1429,A Paris Apartment,39.01,In stock,star-rating Four,https://books.toscrape.com/catalogue/a-paris-apartment_612/index.html,2026-09-02T16:11:18.453873
1430,"A la Mode: 120 Recipes in 60 Pairings: Pies, Tarts, Cakes, Crisps, and More Topped with Ice Cream, Gelato, Frozen Custard, and More",38.77,In stock,star-rating One,https://books.toscrape.com/catalogue/a-la-mode-120-recipes-in-60-pairings-pies-tarts-cakes-crisps-and-more-topped-with-ice-cream-gelato-frozen-custard-and-more_611/index.html,2026-09-02T16:11:18.544452
1431,Troublemaker: Surviving Hollywood and Scientology,48.39,In stock,star-rating Two,https://books.toscrape.com/catalogue/troublemaker-surviving-hollywood-and-scientology_610/index.html,2026-09-02T16:11:18.640345
1432,The Widow,27.26,In stock,star-rating Two,https://books.toscrape.com/catalogue/the-widow_609/index.html,2026-09-02T16:11:18.715081
1433,"The Sleep Revolution: Transforming Your Life, One Night at a Time",11.68,In stock,star-rating Four,https://books.toscrape.com/catalogue/the-sleep-revolution-transforming-your-life-one-night-at-a-time_608/index.html,2026-09-02T16:11:18.810631
1434,The Improbability of Love,59.45,In stock,star-rating One,https://books.toscrape.com/catalogue/the-improbability-of-love_607/index.html,2026-09-02T16:11:18.956847
1435,The Art of Startup Fundraising,21.0,In stock,star-rating Three,https://books.toscrape.com/catalogue/the-art-of-startup-fundraising_606/index.html,2026-09-02T16:11:19.037581
1436,Take Me Home Tonight (Rock Star Romance #3),53.98,In stock,star-rating Three,https://books.toscrape.com/catalogue/take-me-home-tonight-rock-star-romance-3_605/index.html,2026-09-02T16:11:19.109822
1437,Sleeping Giants (Themis Files #1),48.74,In stock,star-rating One,https://books.toscrape.com/catalogue/sleeping-giants-themis-files-1_604/index.html,2026-09-02T16:11:19.185549
1438,"Setting the World on Fire: The Brief, Astonishing Life of St. Catherine of Siena",21.15,In stock,star-rating Two,https://books.toscrape.com/catalogue/setting-the-world-on-fire-the-brief-astonishing-life-of-st-catherine-of-siena_603/index.html,2026-09-02T16:11:19.254899
1439,Playing with Fire,13.71,In stock,star-rating Three,https://books.toscrape.com/catalogue/playing-with-fire_602/index.html,2026-09-02T16:11:19.321901
1440,Off the Hook (Fishing for Trouble #1),47.67,In stock,star-rating Three,https://books.toscrape.com/catalogue/off-the-hook-fishing-for-trouble-1_601/index.html,2026-09-02T16:11:19.391108
1441,Mothering Sunday,13.34,In stock,star-rating Two,https://books.toscrape.com/catalogue/mothering-sunday_600/index.html,2026-09-02T16:11:23.336589
1442,"Mother, Can You Not?",16.89,In stock,star-rating Five,https://books.toscrape.com/catalogue/mother-can-you-not_599/index.html,2026-09-02T16:11:23.444546
1443,M Train,27.18,In stock,star-rating One,https://books.toscrape.com/catalogue/m-train_598/index.html,2026-09-02T16:11:23.546755
1444,Lilac Girls,17.28,In stock,star-rating Two,https://books.toscrape.com/catalogue/lilac-girls_597/index.html,2026-09-02T16:11:23.639741
1445,Lies and Other Acts of Love,45.14,In stock,star-rating One,https://books.toscrape.com/catalogue/lies-and-other-acts-of-love_596/index.html,2026-09-02T16:11:23.744483
1446,Lab Girl,40.85,In stock,star-rating One,https://books.toscrape.com/catalogue/lab-girl_595/index.html,2026-09-02T16:11:23.860690
1447,Keep Me Posted,20.46,In stock,star-rating Four,https://books.toscrape.com/catalogue/keep-me-posted_594/index.html,2026-09-02T16:11:23.965621
1448,It Didn't Start with You: How Inherited Family Trauma Shapes Who We Are and How to End the Cycle,56.27,In stock,star-rating Three,https://books.toscrape.com/catalogue/it-didnt-start-with-you-how-inherited-family-trauma-shapes-who-we-are-and-how-to-end-the-cycle_593/index.html,2026-09-02T16:11:24.092276
1449,Grey (Fifty Shades #4),48.49,In stock,star-rating Four,https://books.toscrape.com/catalogue/grey-fifty-shades-4_592/index.html,2026-09-02T16:11:24.250598
1450,"Exit, Pursued by a Bear",51.34,In stock,star-rating Four,https://books.toscrape.com/catalogue/exit-pursued-by-a-bear_591/index.html,2026-09-02T16:11:24.378817
1451,Daredevils,16.34,In stock,star-rating Three,https://books.toscrape.com/catalogue/daredevils_590/index.html,2026-09-02T16:11:24.503871
1452,Cravings: Recipes for What You Want to Eat,20.5,In stock,star-rating Three,https://books.toscrape.com/catalogue/cravings-recipes-for-what-you-want-to-eat_589/index.html,2026-09-02T16:11:24.647989
1453,Born for This: How to Find the Work You Were Meant to Do,21.59,In stock,star-rating Five,https://books.toscrape.com/catalogue/born-for-this-how-to-find-the-work-you-were-meant-to-do_588/index.html,2026-09-02T16:11:24.768627
1454,Arena,21.36,In stock,star-rating Four,https://books.toscrape.com/catalogue/arena_587/index.html,2026-09-02T16:11:24.860275
1455,Adultery,20.88,In stock,star-rating Five,https://books.toscrape.com/catalogue/adultery_586/index.html,2026-09-02T16:11:24.978319
1456,A Mother's Reckoning: Living in the Aftermath of Tragedy,19.53,In stock,star-rating Three,https://books.toscrape.com/catalogue/a-mothers-reckoning-living-in-the-aftermath-of-tragedy_585/index.html,2026-09-02T16:11:25.114549
1457,A Gentleman's Position (Society of Gentlemen #3),14.75,In stock,star-rating Five,https://books.toscrape.com/catalogue/a-gentlemans-position-society-of-gentlemen-3_584/index.html,2026-09-02T16:11:25.192184
1458,11/22/63,48.48,In stock,star-rating Three,https://books.toscrape.com/catalogue/112263_583/index.html,2026-09-02T16:11:25.274577
1459,"10% Happier: How I Tamed the Voice in My Head, Reduced Stress Without Losing My Edge, and Found Self-Help That Actually Works",24.57,In stock,star-rating Two,https://books.toscrape.com/catalogue/10-happier-how-i-tamed-the-voice-in-my-head-reduced-stress-without-losing-my-edge-and-found-self-help-that-actually-works_582/index.html,2026-09-02T16:11:25.359561
1460,10-Day Green Smoothie Cleanse: Lose Up to 15 Pounds in 10 Days!,49.71,In stock,star-rating Five,https://books.toscrape.com/catalogue/10-day-green-smoothie-cleanse-lose-up-to-15-pounds-in-10-days_581/index.html,2026-09-02T16:11:25.441754
1461,Without Shame,48.27,In stock,star-rating Five,https://books.toscrape.com/catalogue/without-shame_580/index.html,2026-09-02T16:11:30.052994
1462,Watchmen,58.05,In stock,star-rating Four,https://books.toscrape.com/catalogue/watchmen_579/index.html,2026-09-02T16:11:30.170000
1463,Unlimited Intuition Now,58.87,In stock,star-rating Four,https://books.toscrape.com/catalogue/unlimited-intuition-now_578/index.html,2026-09-02T16:11:30.293401
1464,Underlying Notes,11.82,In stock,star-rating Two,https://books.toscrape.com/catalogue/underlying-notes_577/index.html,2026-09-02T16:11:30.410904
1465,The Shack,28.03,In stock,star-rating One,https://books.toscrape.com/catalogue/the-shack_576/index.html,2026-09-02T16:11:30.542657
1466,The New Brand You: Your New Image Makes the Sale for You,44.05,In stock,star-rating Five,https://books.toscrape.com/catalogue/the-new-brand-you-your-new-image-makes-the-sale-for-you_575/index.html,2026-09-02T16:11:30.672268
1467,"The Moosewood Cookbook: Recipes from Moosewood Restaurant, Ithaca, New York",12.34,In stock,star-rating Four,https://books.toscrape.com/catalogue/the-moosewood-cookbook-recipes-from-moosewood-restaurant-ithaca-new-york_574/index.html,2026-09-02T16:11:30.752042
1468,The Flowers Lied,16.68,In stock,star-rating Two,https://books.toscrape.com/catalogue/the-flowers-lied_573/index.html,2026-09-02T16:11:30.836410
1469,"The Fabric of the Cosmos: Space, Time, and the Texture of Reality",55.91,In stock,star-rating One,https://books.toscrape.com/catalogue/the-fabric-of-the-cosmos-space-time-and-the-texture-of-reality_572/index.html,2026-09-02T16:11:30.935582
1470,The Book of Mormon,24.57,In stock,star-rating Three,https://books.toscrape.com/catalogue/the-book-of-mormon_571/index.html,2026-09-02T16:11:31.021960
1471,The Art and Science of Low Carbohydrate Living,52.98,In stock,star-rating Five,https://books.toscrape.com/catalogue/the-art-and-science-of-low-carbohydrate-living_570/index.html,2026-09-02T16:11:31.115464
1472,The Alien Club,54.4,In stock,star-rating One,https://books.toscrape.com/catalogue/the-alien-club_569/index.html,2026-09-02T16:11:31.207678
1473,Suzie Snowflake: One beautiful flake (a self-esteem story),54.81,In stock,star-rating Five,https://books.toscrape.com/catalogue/suzie-snowflake-one-beautiful-flake-a-self-esteem-story_568/index.html,2026-09-02T16:11:31.285583
1474,Nap-a-Roo,25.08,In stock,star-rating One,https://books.toscrape.com/catalogue/nap-a-roo_567/index.html,2026-09-02T16:11:31.382748
1475,"NaNo What Now? Finding your editing process, revising your NaNoWriMo book and building a writing career through publishing and beyond",10.41,In stock,star-rating Four,https://books.toscrape.com/catalogue/nano-what-now-finding-your-editing-process-revising-your-nanowrimo-book-and-building-a-writing-career-through-publishing-and-beyond_566/index.html,2026-09-02T16:11:31.496097
1476,Modern Day Fables,47.44,In stock,star-rating Two,https://books.toscrape.com/catalogue/modern-day-fables_565/index.html,2026-09-02T16:11:31.616767
1477,If I Gave You God's Phone Number....: Searching for Spirituality in America,20.91,In stock,star-rating One,https://books.toscrape.com/catalogue/if-i-gave-you-gods-phone-number-searching-for-spirituality-in-america_564/index.html,2026-09-02T16:11:31.729612
1478,"Fruits Basket, Vol. 9 (Fruits Basket #9)",33.95,In stock,star-rating Four,https://books.toscrape.com/catalogue/fruits-basket-vol-9-fruits-basket-9_563/index.html,2026-09-02T16:11:31.823601
1479,Dress Your Family in Corduroy and Denim,43.68,In stock,star-rating Three,https://books.toscrape.com/catalogue/dress-your-family-in-corduroy-and-denim_562/index.html,2026-09-02T16:11:31.929895
1480,Don't Forget Steven,33.23,In stock,star-rating One,https://books.toscrape.com/catalogue/dont-forget-steven_561/index.html,2026-09-02T16:11:32.036374
1481,Chernobyl 01:23:40: The Incredible True Story of the World's Worst Nuclear Disaster,35.92,In stock,star-rating Two,https://books.toscrape.com/catalogue/chernobyl-012340-the-incredible-true-story-of-the-worlds-worst-nuclear-disaster_560/index.html,2026-09-02T16:11:36.013957
1482,Art and Fear: Observations on the Perils (and Rewards) of Artmaking,48.63,In stock,star-rating Four,https://books.toscrape.com/catalogue/art-and-fear-observations-on-the-perils-and-rewards-of-artmaking_559/index.html,2026-09-02T16:11:36.100206
1483,A Shard of Ice (The Black Symphony Saga #1),56.63,In stock,star-rating Three,https://books.toscrape.com/catalogue/a-shard-of-ice-the-black-symphony-saga-1_558/index.html,2026-09-02T16:11:36.192747
1484,A Hero's Curse (The Unseen Chronicles #1),50.49,In stock,star-rating Three,https://books.toscrape.com/catalogue/a-heros-curse-the-unseen-chronicles-1_557/index.html,2026-09-02T16:11:36.299462
1485,23 Degrees South: A Tropical Tale of Changing Whether...,35.79,In stock,star-rating Two,https://books.toscrape.com/catalogue/23-degrees-south-a-tropical-tale-of-changing-whether_556/index.html,2026-09-02T16:11:36.435662
1486,"Zero to One: Notes on Startups, or How to Build the Future",34.06,In stock,star-rating Three,https://books.toscrape.com/catalogue/zero-to-one-notes-on-startups-or-how-to-build-the-future_555/index.html,2026-09-02T16:11:36.562424
1487,Why Not Me?,17.76,In stock,star-rating One,https://books.toscrape.com/catalogue/why-not-me_554/index.html,2026-09-02T16:11:36.725049
1488,When Breath Becomes Air,39.36,In stock,star-rating Two,https://books.toscrape.com/catalogue/when-breath-becomes-air_553/index.html,2026-09-02T16:11:36.888404
1489,Vagabonding: An Uncommon Guide to the Art of Long-Term World Travel,36.94,In stock,star-rating Two,https://books.toscrape.com/catalogue/vagabonding-an-uncommon-guide-to-the-art-of-long-term-world-travel_552/index.html,2026-09-02T16:11:37.008754
1490,The Unlikely Pilgrimage of Harold Fry (Harold Fry #1),43.62,In stock,star-rating Five,https://books.toscrape.com/catalogue/the-unlikely-pilgrimage-of-harold-fry-harold-fry-1_551/index.html,2026-09-02T16:11:37.086937
1491,The New Drawing on the Right Side of the Brain,43.02,In stock,star-rating Three,https://books.toscrape.com/catalogue/the-new-drawing-on-the-right-side-of-the-brain_550/index.html,2026-09-02T16:11:37.203624
1492,"The Midnight Assassin: Panic, Scandal, and the Hunt for America's First Serial Killer",28.45,In stock,star-rating Four,https://books.toscrape.com/catalogue/the-midnight-assassin-panic-scandal-and-the-hunt-for-americas-first-serial-killer_549/index.html,2026-09-02T16:11:37.285701
1493,The Martian (The Martian #1),41.39,In stock,star-rating Two,https://books.toscrape.com/catalogue/the-martian-the-martian-1_548/index.html,2026-09-02T16:11:37.366596
1494,The High Mountains of Portugal,51.15,In stock,star-rating One,https://books.toscrape.com/catalogue/the-high-mountains-of-portugal_547/index.html,2026-09-02T16:11:37.457424
1495,The Grownup,35.88,In stock,star-rating One,https://books.toscrape.com/catalogue/the-grownup_546/index.html,2026-09-02T16:11:37.544040
1496,The E-Myth Revisited: Why Most Small Businesses Don't Work and What to Do About It,36.91,In stock,star-rating One,https://books.toscrape.com/catalogue/the-e-myth-revisited-why-most-small-businesses-dont-work-and-what-to-do-about-it_545/index.html,2026-09-02T16:11:37.649615
1497,South of Sunshine,28.93,In stock,star-rating One,https://books.toscrape.com/catalogue/south-of-sunshine_544/index.html,2026-09-02T16:11:37.746611
1498,Smarter Faster Better: The Secrets of Being Productive in Life and Business,38.89,In stock,star-rating Five,https://books.toscrape.com/catalogue/smarter-faster-better-the-secrets-of-being-productive-in-life-and-business_543/index.html,2026-09-02T16:11:37.823236
1499,Silence in the Dark (Logan Point #4),58.33,In stock,star-rating Three,https://books.toscrape.com/catalogue/silence-in-the-dark-logan-point-4_542/index.html,2026-09-02T16:11:37.898808
1500,Shadows of the Past (Logan Point #1),39.67,In stock,star-rating Five,https://books.toscrape.com/catalogue/shadows-of-the-past-logan-point-1_541/index.html,2026-09-02T16:11:38.051208
1501,Roller Girl,14.1,In stock,star-rating Five,https://books.toscrape.com/catalogue/roller-girl_540/index.html,2026-09-02T16:11:44.169517
1502,Rising Strong,21.82,In stock,star-rating Three,https://books.toscrape.com/catalogue/rising-strong_539/index.html,2026-09-02T16:11:44.282533
1503,Proofs of God: Classical Arguments from Tertullian to Barth,54.21,In stock,star-rating One,https://books.toscrape.com/catalogue/proofs-of-god-classical-arguments-from-tertullian-to-barth_538/index.html,2026-09-02T16:11:44.409486
1504,Please Kill Me: The Uncensored Oral History of Punk,31.19,In stock,star-rating Four,https://books.toscrape.com/catalogue/please-kill-me-the-uncensored-oral-history-of-punk_537/index.html,2026-09-02T16:11:44.517421
1505,Out of Print: City Lights Spotlight No. 14,53.64,In stock,star-rating Five,https://books.toscrape.com/catalogue/out-of-print-city-lights-spotlight-no-14_536/index.html,2026-09-02T16:11:44.671758
1506,My Life Next Door (My Life Next Door ),36.39,In stock,star-rating Five,https://books.toscrape.com/catalogue/my-life-next-door-my-life-next-door_535/index.html,2026-09-02T16:11:44.789313
1507,Miller's Valley,58.54,In stock,star-rating Two,https://books.toscrape.com/catalogue/millers-valley_534/index.html,2026-09-02T16:11:44.886540
1508,Man's Search for Meaning,29.48,In stock,star-rating Three,https://books.toscrape.com/catalogue/mans-search-for-meaning_533/index.html,2026-09-02T16:11:44.998438
1509,"Love That Boy: What Two Presidents, Eight Road Trips, and My Son Taught Me About a Parent's Expectations",25.06,In stock,star-rating Two,https://books.toscrape.com/catalogue/love-that-boy-what-two-presidents-eight-road-trips-and-my-son-taught-me-about-a-parents-expectations_532/index.html,2026-09-02T16:11:45.099727
1510,Living Forward: A Proven Plan to Stop Drifting and Get the Life You Want,12.55,In stock,star-rating Three,https://books.toscrape.com/catalogue/living-forward-a-proven-plan-to-stop-drifting-and-get-the-life-you-want_531/index.html,2026-09-02T16:11:45.212241
1511,Les Fleurs du Mal,29.04,In stock,star-rating Five,https://books.toscrape.com/catalogue/les-fleurs-du-mal_530/index.html,2026-09-02T16:11:45.297890
1512,Left Behind (Left Behind #1),40.72,In stock,star-rating Two,https://books.toscrape.com/catalogue/left-behind-left-behind-1_529/index.html,2026-09-02T16:11:45.385405
1513,Kill 'Em and Leave: Searching for James Brown and the American Soul,45.05,In stock,star-rating Five,https://books.toscrape.com/catalogue/kill-em-and-leave-searching-for-james-brown-and-the-american-soul_528/index.html,2026-09-02T16:11:45.484379
1514,Kierkegaard: A Christian Missionary to Christians,47.13,In stock,star-rating One,https://books.toscrape.com/catalogue/kierkegaard-a-christian-missionary-to-christians_527/index.html,2026-09-02T16:11:45.557110
1515,John Vassos: Industrial Design for Modern Life,20.22,In stock,star-rating Four,https://books.toscrape.com/catalogue/john-vassos-industrial-design-for-modern-life_526/index.html,2026-09-02T16:11:45.635846
1516,I'll Give You the Sun,56.48,In stock,star-rating One,https://books.toscrape.com/catalogue/ill-give-you-the-sun_525/index.html,2026-09-02T16:11:45.719023
1517,I Will Find You,44.21,In stock,star-rating One,https://books.toscrape.com/catalogue/i-will-find-you_524/index.html,2026-09-02T16:11:45.798774
1518,Hystopia: A Novel,21.96,In stock,star-rating Four,https://books.toscrape.com/catalogue/hystopia-a-novel_523/index.html,2026-09-02T16:11:45.886771
1519,Howl and Other Poems,40.45,In stock,star-rating Two,https://books.toscrape.com/catalogue/howl-and-other-poems_522/index.html,2026-09-02T16:11:45.972354
1520,History of Beauty,10.29,In stock,star-rating Four,https://books.toscrape.com/catalogue/history-of-beauty_521/index.html,2026-09-02T16:11:46.060187
1521,Heaven is for Real: A Little Boy's Astounding Story of His Trip to Heaven and Back,52.86,In stock,star-rating Two,https://books.toscrape.com/catalogue/heaven-is-for-real-a-little-boys-astounding-story-of-his-trip-to-heaven-and-back_520/index.html,2026-09-02T16:11:54.943447
1522,Future Shock (Future Shock #1),55.65,In stock,star-rating Five,https://books.toscrape.com/catalogue/future-shock-future-shock-1_519/index.html,2026-09-02T16:11:55.040061
1523,Ender's Game (The Ender Quintet #1),43.64,In stock,star-rating One,https://books.toscrape.com/catalogue/enders-game-the-ender-quintet-1_518/index.html,2026-09-02T16:11:55.132523
1524,Diary of a Citizen Scientist: Chasing Tiger Beetles and Other New Ways of Engaging the World,28.41,In stock,star-rating One,https://books.toscrape.com/catalogue/diary-of-a-citizen-scientist-chasing-tiger-beetles-and-other-new-ways-of-engaging-the-world_517/index.html,2026-09-02T16:11:55.218039
1525,Death by Leisure: A Cautionary Tale,37.51,In stock,star-rating Four,https://books.toscrape.com/catalogue/death-by-leisure-a-cautionary-tale_516/index.html,2026-09-02T16:11:55.293698
1526,Brilliant Beacons: A History of the American Lighthouse,11.45,In stock,star-rating Three,https://books.toscrape.com/catalogue/brilliant-beacons-a-history-of-the-american-lighthouse_515/index.html,2026-09-02T16:11:55.365615
1527,Brazen: The Courage to Find the You That's Been Hiding,19.22,In stock,star-rating Two,https://books.toscrape.com/catalogue/brazen-the-courage-to-find-the-you-thats-been-hiding_514/index.html,2026-09-02T16:11:55.450739
1528,Between the World and Me,56.91,In stock,star-rating Four,https://books.toscrape.com/catalogue/between-the-world-and-me_513/index.html,2026-09-02T16:11:55.527115
1529,Being Mortal: Medicine and What Matters in the End,55.06,In stock,star-rating Four,https://books.toscrape.com/catalogue/being-mortal-medicine-and-what-matters-in-the-end_512/index.html,2026-09-02T16:11:55.602821
1530,"A Murder Over a Girl: Justice, Gender, Junior High",13.2,In stock,star-rating Three,https://books.toscrape.com/catalogue/a-murder-over-a-girl-justice-gender-junior-high_511/index.html,2026-09-02T16:11:55.691911
1531,32 Yolks,53.63,In stock,star-rating Two,https://books.toscrape.com/catalogue/32-yolks_510/index.html,2026-09-02T16:11:55.767747
1532,"""Most Blessed of the Patriarchs"": Thomas Jefferson and the Empire of the Imagination",44.48,In stock,star-rating Five,https://books.toscrape.com/catalogue/most-blessed-of-the-patriarchs-thomas-jefferson-and-the-empire-of-the-imagination_509/index.html,2026-09-02T16:11:55.863217
1533,You Are a Badass: How to Stop Doubting Your Greatness and Start Living an Awesome Life,12.08,In stock,star-rating Three,https://books.toscrape.com/catalogue/you-are-a-badass-how-to-stop-doubting-your-greatness-and-start-living-an-awesome-life_508/index.html,2026-09-02T16:11:55.960123
1534,Wildlife of New York: A Five-Borough Coloring Book,22.14,In stock,star-rating Two,https://books.toscrape.com/catalogue/wildlife-of-new-york-a-five-borough-coloring-book_507/index.html,2026-09-02T16:11:56.048132
1535,What Happened on Beale Street (Secrets of the South Mysteries #2),25.37,In stock,star-rating Five,https://books.toscrape.com/catalogue/what-happened-on-beale-street-secrets-of-the-south-mysteries-2_506/index.html,2026-09-02T16:11:56.132111
1536,Unreasonable Hope: Finding Faith in the God Who Brings Purpose to Your Pain,46.33,In stock,star-rating Two,https://books.toscrape.com/catalogue/unreasonable-hope-finding-faith-in-the-god-who-brings-purpose-to-your-pain_505/index.html,2026-09-02T16:11:56.214029
1537,Under the Tuscan Sun,37.33,In stock,star-rating Three,https://books.toscrape.com/catalogue/under-the-tuscan-sun_504/index.html,2026-09-02T16:11:56.314434
1538,Toddlers Are A**holes: It's Not Your Fault,25.55,In stock,star-rating One,https://books.toscrape.com/catalogue/toddlers-are-aholes-its-not-your-fault_503/index.html,2026-09-02T16:11:56.402920
1539,The Year of Living Biblically: One Man's Humble Quest to Follow the Bible as Literally as Possible,34.72,In stock,star-rating One,https://books.toscrape.com/catalogue/the-year-of-living-biblically-one-mans-humble-quest-to-follow-the-bible-as-literally-as-possible_502/index.html,2026-09-02T16:11:56.481580
1540,The Whale,35.96,In stock,star-rating Four,https://books.toscrape.com/catalogue/the-whale_501/index.html,2026-09-02T16:11:56.557058
1541,The Story of Art,41.14,In stock,star-rating Four,https://books.toscrape.com/catalogue/the-story-of-art_500/index.html,2026-09-02T16:12:06.691137
1542,The Origin of Species,10.01,In stock,star-rating Four,https://books.toscrape.com/catalogue/the-origin-of-species_499/index.html,2026-09-02T16:12:06.793535
1543,The Great Gatsby,36.05,In stock,star-rating Four,https://books.toscrape.com/catalogue/the-great-gatsby_498/index.html,2026-09-02T16:12:06.880618
1544,The Good Girl,49.03,In stock,star-rating Three,https://books.toscrape.com/catalogue/the-good-girl_497/index.html,2026-09-02T16:12:06.948315
1545,The Glass Castle,16.24,In stock,star-rating One,https://books.toscrape.com/catalogue/the-glass-castle_496/index.html,2026-09-02T16:12:07.014883
1546,The Faith of Christopher Hitchens: The Restless Soul of the World's Most Notorious Atheist,39.55,In stock,star-rating One,https://books.toscrape.com/catalogue/the-faith-of-christopher-hitchens-the-restless-soul-of-the-worlds-most-notorious-atheist_495/index.html,2026-09-02T16:12:07.086599
1547,The Drowning Girls,35.67,In stock,star-rating Three,https://books.toscrape.com/catalogue/the-drowning-girls_494/index.html,2026-09-02T16:12:07.151350
1548,The Constant Princess (The Tudor Court #1),16.62,In stock,star-rating Three,https://books.toscrape.com/catalogue/the-constant-princess-the-tudor-court-1_493/index.html,2026-09-02T16:12:07.219060
1549,The Bourne Identity (Jason Bourne #1),42.78,In stock,star-rating Four,https://books.toscrape.com/catalogue/the-bourne-identity-jason-bourne-1_492/index.html,2026-09-02T16:12:07.313121
1550,The Bachelor Girl's Guide to Murder (Herringford and Watts Mysteries #1),52.3,In stock,star-rating Five,https://books.toscrape.com/catalogue/the-bachelor-girls-guide-to-murder-herringford-and-watts-mysteries-1_491/index.html,2026-09-02T16:12:07.383067
1551,The Art Book,32.34,In stock,star-rating Two,https://books.toscrape.com/catalogue/the-art-book_490/index.html,2026-09-02T16:12:07.478834
1552,The 7 Habits of Highly Effective People: Powerful Lessons in Personal Change,33.17,In stock,star-rating Four,https://books.toscrape.com/catalogue/the-7-habits-of-highly-effective-people-powerful-lessons-in-personal-change_489/index.html,2026-09-02T16:12:07.574319
1553,Team of Rivals: The Political Genius of Abraham Lincoln,20.12,In stock,star-rating Five,https://books.toscrape.com/catalogue/team-of-rivals-the-political-genius-of-abraham-lincoln_488/index.html,2026-09-02T16:12:07.642465
1554,Steal Like an Artist: 10 Things Nobody Told You About Being Creative,20.9,In stock,star-rating Two,https://books.toscrape.com/catalogue/steal-like-an-artist-10-things-nobody-told-you-about-being-creative_487/index.html,2026-09-02T16:12:07.745644
1555,"Sit, Stay, Love",20.9,In stock,star-rating Three,https://books.toscrape.com/catalogue/sit-stay-love_486/index.html,2026-09-02T16:12:07.831096
1556,Sister Dear,40.2,In stock,star-rating Four,https://books.toscrape.com/catalogue/sister-dear_485/index.html,2026-09-02T16:12:07.908410
1557,"Shrunken Treasures: Literary Classics, Short, Sweet, and Silly",52.87,In stock,star-rating Three,https://books.toscrape.com/catalogue/shrunken-treasures-literary-classics-short-sweet-and-silly_484/index.html,2026-09-02T16:12:07.980172
1558,"Rich Dad, Poor Dad",51.74,In stock,star-rating One,https://books.toscrape.com/catalogue/rich-dad-poor-dad_483/index.html,2026-09-02T16:12:08.043063
1559,Raymie Nightingale,34.41,In stock,star-rating Two,https://books.toscrape.com/catalogue/raymie-nightingale_482/index.html,2026-09-02T16:12:08.105465
1560,Playing from the Heart,32.38,In stock,star-rating One,https://books.toscrape.com/catalogue/playing-from-the-heart_481/index.html,2026-09-02T16:12:08.170707
1561,Nightstruck: A Novel,50.35,In stock,star-rating Four,https://books.toscrape.com/catalogue/nightstruck-a-novel_480/index.html,2026-09-02T16:12:14.191906
1562,"Naturally Lean: 125 Nourishing Gluten-Free, Plant-Based Recipes--All Under 300 Calories",11.38,In stock,star-rating Five,https://books.toscrape.com/catalogue/naturally-lean-125-nourishing-gluten-free-plant-based-recipes-all-under-300-calories_479/index.html,2026-09-02T16:12:14.316089
1563,Meternity,43.58,In stock,star-rating Three,https://books.toscrape.com/catalogue/meternity_478/index.html,2026-09-02T16:12:14.532929
1564,Memoirs of a Geisha,49.67,In stock,star-rating Three,https://books.toscrape.com/catalogue/memoirs-of-a-geisha_477/index.html,2026-09-02T16:12:14.684800
1565,Like Never Before (Walker Family #2),28.77,In stock,star-rating Two,https://books.toscrape.com/catalogue/like-never-before-walker-family-2_476/index.html,2026-09-02T16:12:14.818044
1566,Life of Pi,13.22,In stock,star-rating Four,https://books.toscrape.com/catalogue/life-of-pi_475/index.html,2026-09-02T16:12:14.921780
1567,Leave This Song Behind: Teen Poetry at Its Best,51.17,In stock,star-rating Five,https://books.toscrape.com/catalogue/leave-this-song-behind-teen-poetry-at-its-best_474/index.html,2026-09-02T16:12:15.009369
1568,King's Folly (The Kinsman Chronicles #1),39.61,In stock,star-rating Five,https://books.toscrape.com/catalogue/kings-folly-the-kinsman-chronicles-1_473/index.html,2026-09-02T16:12:15.094514
1569,John Adams,57.43,In stock,star-rating Four,https://books.toscrape.com/catalogue/john-adams_472/index.html,2026-09-02T16:12:15.198316
1570,How to Cook Everything Vegetarian: Simple Meatless Recipes for Great Food (How to Cook Everything),46.01,In stock,star-rating Four,https://books.toscrape.com/catalogue/how-to-cook-everything-vegetarian-simple-meatless-recipes-for-great-food-how-to-cook-everything_471/index.html,2026-09-02T16:12:15.280838
1571,How to Be a Domestic Goddess: Baking and the Art of Comfort Cooking,28.25,In stock,star-rating Two,https://books.toscrape.com/catalogue/how-to-be-a-domestic-goddess-baking-and-the-art-of-comfort-cooking_470/index.html,2026-09-02T16:12:15.391356
1572,Good in Bed (Cannie Shapiro #1),37.05,In stock,star-rating Five,https://books.toscrape.com/catalogue/good-in-bed-cannie-shapiro-1_469/index.html,2026-09-02T16:12:15.509340
1573,"Fruits Basket, Vol. 7 (Fruits Basket #7)",19.57,In stock,star-rating One,https://books.toscrape.com/catalogue/fruits-basket-vol-7-fruits-basket-7_468/index.html,2026-09-02T16:12:15.628473
1574,For the Love: Fighting for Grace in a World of Impossible Standards,45.13,In stock,star-rating Three,https://books.toscrape.com/catalogue/for-the-love-fighting-for-grace-in-a-world-of-impossible-standards_467/index.html,2026-09-02T16:12:15.747575
1575,Finding God in the Ruins: How God Redeems Pain,46.64,In stock,star-rating Two,https://books.toscrape.com/catalogue/finding-god-in-the-ruins-how-god-redeems-pain_466/index.html,2026-09-02T16:12:15.819683
1576,Every Heart a Doorway (Every Heart A Doorway #1),12.16,In stock,star-rating Five,https://books.toscrape.com/catalogue/every-heart-a-doorway-every-heart-a-doorway-1_465/index.html,2026-09-02T16:12:15.898534
1577,Delivering the Truth (Quaker Midwife Mystery #1),20.89,In stock,star-rating Four,https://books.toscrape.com/catalogue/delivering-the-truth-quaker-midwife-mystery-1_464/index.html,2026-09-02T16:12:16.018338
1578,Counted With the Stars (Out from Egypt #1),17.97,In stock,star-rating Five,https://books.toscrape.com/catalogue/counted-with-the-stars-out-from-egypt-1_463/index.html,2026-09-02T16:12:16.164201
1579,"Chronicles, Vol. 1",52.6,In stock,star-rating Two,https://books.toscrape.com/catalogue/chronicles-vol-1_462/index.html,2026-09-02T16:12:16.289892
1580,Blue Like Jazz: Nonreligious Thoughts on Christian Spirituality,25.77,In stock,star-rating One,https://books.toscrape.com/catalogue/blue-like-jazz-nonreligious-thoughts-on-christian-spirituality_461/index.html,2026-09-02T16:12:16.366094
1581,Benjamin Franklin: An American Life,48.19,In stock,star-rating Three,https://books.toscrape.com/catalogue/benjamin-franklin-an-american-life_460/index.html,2026-09-02T16:12:19.746842
1582,"At The Existentialist Café: Freedom, Being, and apricot cocktails with: Jean-Paul Sartre, Simone de Beauvoir, Albert Camus, Martin Heidegger, Edmund Husserl, Karl Jaspers, Maurice Merleau-Ponty and others",29.93,In stock,star-rating Five,https://books.toscrape.com/catalogue/at-the-existentialist-cafe-freedom-being-and-apricot-cocktails-with-jean-paul-sartre-simone-de-beauvoir-albert-camus-martin-heidegger-edmund-husserl-karl-jaspers-maurice-merleau-ponty-and-others_459/index.html,2026-09-02T16:12:19.847986
1583,A Summer In Europe,44.34,In stock,star-rating Two,https://books.toscrape.com/catalogue/a-summer-in-europe_458/index.html,2026-09-02T16:12:19.984207
1584,A Short History of Nearly Everything,52.4,In stock,star-rating Five,https://books.toscrape.com/catalogue/a-short-history-of-nearly-everything_457/index.html,2026-09-02T16:12:20.127532
1585,A Gathering of Shadows (Shades of Magic #2),44.81,In stock,star-rating Four,https://books.toscrape.com/catalogue/a-gathering-of-shadows-shades-of-magic-2_456/index.html,2026-09-02T16:12:20.272700
1586,The Sound Of Love,57.84,In stock,star-rating Five,https://books.toscrape.com/catalogue/the-sound-of-love_455/index.html,2026-09-02T16:12:20.389157
1587,The Rise and Fall of the Third Reich: A History of Nazi Germany,39.67,In stock,star-rating Two,https://books.toscrape.com/catalogue/the-rise-and-fall-of-the-third-reich-a-history-of-nazi-germany_454/index.html,2026-09-02T16:12:20.466788
1588,The Perks of Being a Wallflower,55.02,In stock,star-rating Three,https://books.toscrape.com/catalogue/the-perks-of-being-a-wallflower_453/index.html,2026-09-02T16:12:20.538889
1589,The Mysterious Affair at Styles (Hercule Poirot #1),24.8,In stock,star-rating Four,https://books.toscrape.com/catalogue/the-mysterious-affair-at-styles-hercule-poirot-1_452/index.html,2026-09-02T16:12:20.609196
1590,The Man Who Mistook His Wife for a Hat and Other Clinical Tales,59.45,In stock,star-rating Four,https://books.toscrape.com/catalogue/the-man-who-mistook-his-wife-for-a-hat-and-other-clinical-tales_451/index.html,2026-09-02T16:12:20.705269
1591,The Makings of a Fatherless Child,31.58,In stock,star-rating Two,https://books.toscrape.com/catalogue/the-makings-of-a-fatherless-child_450/index.html,2026-09-02T16:12:20.816453
1592,The Joy of Cooking,43.27,In stock,star-rating Four,https://books.toscrape.com/catalogue/the-joy-of-cooking_449/index.html,2026-09-02T16:12:20.922873
1593,The Invention of Wings,37.34,In stock,star-rating One,https://books.toscrape.com/catalogue/the-invention-of-wings_448/index.html,2026-09-02T16:12:20.999185
1594,The Hobbit (Middle-Earth Universe),17.8,In stock,star-rating Five,https://books.toscrape.com/catalogue/the-hobbit-middle-earth-universe_447/index.html,2026-09-02T16:12:21.076454
1595,The Great Railway Bazaar,30.54,In stock,star-rating One,https://books.toscrape.com/catalogue/the-great-railway-bazaar_446/index.html,2026-09-02T16:12:21.205398
1596,The Golden Compass (His Dark Materials #1),18.77,In stock,star-rating One,https://books.toscrape.com/catalogue/the-golden-compass-his-dark-materials-1_445/index.html,2026-09-02T16:12:21.315744
1597,The God Delusion,46.85,In stock,star-rating Three,https://books.toscrape.com/catalogue/the-god-delusion_444/index.html,2026-09-02T16:12:21.391127
1598,The Girl You Left Behind (The Girl You Left Behind #1),15.79,In stock,star-rating One,https://books.toscrape.com/catalogue/the-girl-you-left-behind-the-girl-you-left-behind-1_443/index.html,2026-09-02T16:12:21.464329
1599,The Fellowship of the Ring (The Lord of the Rings #1),10.27,In stock,star-rating Two,https://books.toscrape.com/catalogue/the-fellowship-of-the-ring-the-lord-of-the-rings-1_442/index.html,2026-09-02T16:12:21.535894
1600,The Collected Poems of W.B. Yeats (The Collected Works of W.B. Yeats #1),15.42,In stock,star-rating Five,https://books.toscrape.com/catalogue/the-collected-poems-of-wb-yeats-the-collected-works-of-wb-yeats-1_441/index.html,2026-09-02T16:12:21.613844
1601,The Barefoot Contessa Cookbook,59.92,In stock,star-rating Five,https://books.toscrape.com/catalogue/the-barefoot-contessa-cookbook_440/index.html,2026-09-02T16:12:24.909973
1602,Tell the Wolves I'm Home,50.96,In stock,star-rating Two,https://books.toscrape.com/catalogue/tell-the-wolves-im-home_439/index.html,2026-09-02T16:12:25.014040
1603,Ship Leaves Harbor: Essays on Travel by a Recovering Journeyman,30.6,In stock,star-rating Three,https://books.toscrape.com/catalogue/ship-leaves-harbor-essays-on-travel-by-a-recovering-journeyman_438/index.html,2026-09-02T16:12:25.104261
1604,Pride and Prejudice,19.27,In stock,star-rating Four,https://books.toscrape.com/catalogue/pride-and-prejudice_437/index.html,2026-09-02T16:12:25.221255
1605,Musicophilia: Tales of Music and the Brain,46.58,In stock,star-rating One,https://books.toscrape.com/catalogue/musicophilia-tales-of-music-and-the-brain_436/index.html,2026-09-02T16:12:25.329572
1606,Mere Christianity,48.51,In stock,star-rating Three,https://books.toscrape.com/catalogue/mere-christianity_435/index.html,2026-09-02T16:12:25.416537
1607,Me Before You (Me Before You #1),19.02,In stock,star-rating One,https://books.toscrape.com/catalogue/me-before-you-me-before-you-1_434/index.html,2026-09-02T16:12:25.519798
1608,In the Woods (Dublin Murder Squad #1),38.38,In stock,star-rating Two,https://books.toscrape.com/catalogue/in-the-woods-dublin-murder-squad-1_433/index.html,2026-09-02T16:12:25.601047
1609,In Cold Blood,49.98,In stock,star-rating Four,https://books.toscrape.com/catalogue/in-cold-blood_432/index.html,2026-09-02T16:12:25.721707
1610,How to Stop Worrying and Start Living,46.49,In stock,star-rating Five,https://books.toscrape.com/catalogue/how-to-stop-worrying-and-start-living_431/index.html,2026-09-02T16:12:25.824164
1611,Give It Back,18.32,In stock,star-rating Two,https://books.toscrape.com/catalogue/give-it-back_430/index.html,2026-09-02T16:12:25.913808
1612,"Girl, Interrupted",42.14,In stock,star-rating Three,https://books.toscrape.com/catalogue/girl-interrupted_429/index.html,2026-09-02T16:12:25.986029
1613,Fun Home: A Family Tragicomic,56.59,In stock,star-rating Four,https://books.toscrape.com/catalogue/fun-home-a-family-tragicomic_428/index.html,2026-09-02T16:12:26.063477
1614,"Fruits Basket, Vol. 6 (Fruits Basket #6)",20.96,In stock,star-rating Four,https://books.toscrape.com/catalogue/fruits-basket-vol-6-fruits-basket-6_427/index.html,2026-09-02T16:12:26.150083
1615,Deception Point,40.32,In stock,star-rating Four,https://books.toscrape.com/catalogue/deception-point_426/index.html,2026-09-02T16:12:26.249196
1616,"Death Note, Vol. 6: Give-and-Take (Death Note #6)",36.39,In stock,star-rating Three,https://books.toscrape.com/catalogue/death-note-vol-6-give-and-take-death-note-6_425/index.html,2026-09-02T16:12:26.375003
1617,Catherine the Great: Portrait of a Woman,58.55,In stock,star-rating Four,https://books.toscrape.com/catalogue/catherine-the-great-portrait-of-a-woman_424/index.html,2026-09-02T16:12:26.512120
1618,Better Homes and Gardens New Cook Book,39.61,In stock,star-rating Three,https://books.toscrape.com/catalogue/better-homes-and-gardens-new-cook-book_423/index.html,2026-09-02T16:12:26.626403
1619,An Unquiet Mind: A Memoir of Moods and Madness,21.3,In stock,star-rating Three,https://books.toscrape.com/catalogue/an-unquiet-mind-a-memoir-of-moods-and-madness_422/index.html,2026-09-02T16:12:26.753130
1620,A Year in Provence (Provence #1),56.88,In stock,star-rating Four,https://books.toscrape.com/catalogue/a-year-in-provence-provence-1_421/index.html,2026-09-02T16:12:26.841654
1621,World Without End (The Pillars of the Earth #2),32.97,In stock,star-rating Four,https://books.toscrape.com/catalogue/world-without-end-the-pillars-of-the-earth-2_420/index.html,2026-09-02T16:12:31.842047
1622,"Will Grayson, Will Grayson (Will Grayson, Will Grayson)",47.31,In stock,star-rating Four,https://books.toscrape.com/catalogue/will-grayson-will-grayson-will-grayson-will-grayson_419/index.html,2026-09-02T16:12:31.990947
1623,Why Save the Bankers?: And Other Essays on Our Economic and Political Crisis,48.67,In stock,star-rating Two,https://books.toscrape.com/catalogue/why-save-the-bankers-and-other-essays-on-our-economic-and-political-crisis_418/index.html,2026-09-02T16:12:32.083557
1624,Where She Went (If I Stay #2),41.73,In stock,star-rating Four,https://books.toscrape.com/catalogue/where-she-went-if-i-stay-2_417/index.html,2026-09-02T16:12:32.240967
1625,What If?: Serious Scientific Answers to Absurd Hypothetical Questions,53.68,In stock,star-rating Four,https://books.toscrape.com/catalogue/what-if-serious-scientific-answers-to-absurd-hypothetical-questions_416/index.html,2026-09-02T16:12:32.354347
1626,Two Summers,14.64,In stock,star-rating One,https://books.toscrape.com/catalogue/two-summers_415/index.html,2026-09-02T16:12:32.435331
1627,This Is Your Brain on Music: The Science of a Human Obsession,38.4,In stock,star-rating One,https://books.toscrape.com/catalogue/this-is-your-brain-on-music-the-science-of-a-human-obsession_414/index.html,2026-09-02T16:12:32.538749
1628,The Secret Garden,15.08,In stock,star-rating Four,https://books.toscrape.com/catalogue/the-secret-garden_413/index.html,2026-09-02T16:12:32.658419
1629,The Raven King (The Raven Cycle #4),30.57,In stock,star-rating Two,https://books.toscrape.com/catalogue/the-raven-king-the-raven-cycle-4_412/index.html,2026-09-02T16:12:32.786392
1630,The Raven Boys (The Raven Cycle #1),57.74,In stock,star-rating Four,https://books.toscrape.com/catalogue/the-raven-boys-the-raven-cycle-1_411/index.html,2026-09-02T16:12:32.927639
1631,The Power Greens Cookbook: 140 Delicious Superfood Recipes,11.05,In stock,star-rating Five,https://books.toscrape.com/catalogue/the-power-greens-cookbook-140-delicious-superfood-recipes_410/index.html,2026-09-02T16:12:33.026621
1632,The Metamorphosis,28.58,In stock,star-rating One,https://books.toscrape.com/catalogue/the-metamorphosis_409/index.html,2026-09-02T16:12:33.104195
1633,The Mathews Men: Seven Brothers and the War Against Hitler's U-boats,42.91,In stock,star-rating Five,https://books.toscrape.com/catalogue/the-mathews-men-seven-brothers-and-the-war-against-hitlers-u-boats_408/index.html,2026-09-02T16:12:33.192347
1634,The Little Paris Bookshop,24.73,In stock,star-rating Three,https://books.toscrape.com/catalogue/the-little-paris-bookshop_407/index.html,2026-09-02T16:12:33.281732
1635,The Hiding Place,55.91,In stock,star-rating Four,https://books.toscrape.com/catalogue/the-hiding-place_406/index.html,2026-09-02T16:12:33.392455
1636,The Grand Design,13.76,In stock,star-rating Three,https://books.toscrape.com/catalogue/the-grand-design_405/index.html,2026-09-02T16:12:33.470229
1637,The Firm,45.56,In stock,star-rating Three,https://books.toscrape.com/catalogue/the-firm_404/index.html,2026-09-02T16:12:33.552871
1638,The Fault in Our Stars,47.22,In stock,star-rating One,https://books.toscrape.com/catalogue/the-fault-in-our-stars_403/index.html,2026-09-02T16:12:33.646890
1639,The False Prince (The Ascendance Trilogy #1),56.0,In stock,star-rating Five,https://books.toscrape.com/catalogue/the-false-prince-the-ascendance-trilogy-1_402/index.html,2026-09-02T16:12:33.742516
1640,The Expatriates,44.58,In stock,star-rating Two,https://books.toscrape.com/catalogue/the-expatriates_401/index.html,2026-09-02T16:12:33.832485
1641,The Dream Thieves (The Raven Cycle #2),34.5,In stock,star-rating One,https://books.toscrape.com/catalogue/the-dream-thieves-the-raven-cycle-2_400/index.html,2026-09-02T16:12:44.660239
1642,The Darkest Corners,11.33,In stock,star-rating Five,https://books.toscrape.com/catalogue/the-darkest-corners_399/index.html,2026-09-02T16:12:44.757572
1643,The Crossover,38.77,In stock,star-rating Four,https://books.toscrape.com/catalogue/the-crossover_398/index.html,2026-09-02T16:12:44.836368
1644,The 5th Wave (The 5th Wave #1),11.83,In stock,star-rating Two,https://books.toscrape.com/catalogue/the-5th-wave-the-5th-wave-1_397/index.html,2026-09-02T16:12:44.917606
1645,Tell the Wind and Fire,45.51,In stock,star-rating Three,https://books.toscrape.com/catalogue/tell-the-wind-and-fire_396/index.html,2026-09-02T16:12:45.090401
1646,Tell Me Three Things,41.81,In stock,star-rating One,https://books.toscrape.com/catalogue/tell-me-three-things_395/index.html,2026-09-02T16:12:45.193115
1647,Talking to Girls About Duran Duran: One Young Man's Quest for True Love and a Cooler Haircut,25.15,In stock,star-rating Four,https://books.toscrape.com/catalogue/talking-to-girls-about-duran-duran-one-young-mans-quest-for-true-love-and-a-cooler-haircut_394/index.html,2026-09-02T16:12:45.295028
1648,Siddhartha,34.22,In stock,star-rating Five,https://books.toscrape.com/catalogue/siddhartha_393/index.html,2026-09-02T16:12:45.416186
1649,Shiver (The Wolves of Mercy Falls #1),16.23,In stock,star-rating Five,https://books.toscrape.com/catalogue/shiver-the-wolves-of-mercy-falls-1_392/index.html,2026-09-02T16:12:45.496234
1650,Remember Me?,11.48,In stock,star-rating Three,https://books.toscrape.com/catalogue/remember-me_391/index.html,2026-09-02T16:12:45.569950
1651,Red Dragon (Hannibal Lecter #1),23.37,In stock,star-rating Three,https://books.toscrape.com/catalogue/red-dragon-hannibal-lecter-1_390/index.html,2026-09-02T16:12:45.644119
1652,Peak: Secrets from the New Science of Expertise,16.28,In stock,star-rating Two,https://books.toscrape.com/catalogue/peak-secrets-from-the-new-science-of-expertise_389/index.html,2026-09-02T16:12:45.719568
1653,My Mother Was Nuts,31.63,In stock,star-rating Four,https://books.toscrape.com/catalogue/my-mother-was-nuts_388/index.html,2026-09-02T16:12:45.794321
1654,Mexican Today: New and Rediscovered Recipes for Contemporary Kitchens,24.91,In stock,star-rating Five,https://books.toscrape.com/catalogue/mexican-today-new-and-rediscovered-recipes-for-contemporary-kitchens_387/index.html,2026-09-02T16:12:45.876306
1655,Maybe Something Beautiful: How Art Transformed a Neighborhood,22.54,In stock,star-rating One,https://books.toscrape.com/catalogue/maybe-something-beautiful-how-art-transformed-a-neighborhood_386/index.html,2026-09-02T16:12:45.953591
1656,Lola and the Boy Next Door (Anna and the French Kiss #2),23.63,In stock,star-rating Four,https://books.toscrape.com/catalogue/lola-and-the-boy-next-door-anna-and-the-french-kiss-2_385/index.html,2026-09-02T16:12:46.071630
1657,Logan Kade (Fallen Crest High #5.5),13.12,In stock,star-rating Two,https://books.toscrape.com/catalogue/logan-kade-fallen-crest-high-55_384/index.html,2026-09-02T16:12:46.164614
1658,Last One Home (New Beginnings #1),59.98,In stock,star-rating Three,https://books.toscrape.com/catalogue/last-one-home-new-beginnings-1_383/index.html,2026-09-02T16:12:46.259141
1659,Killing Floor (Jack Reacher #1),31.49,In stock,star-rating Four,https://books.toscrape.com/catalogue/killing-floor-jack-reacher-1_382/index.html,2026-09-02T16:12:46.356257
1660,Kill the Boy Band,15.52,In stock,star-rating Five,https://books.toscrape.com/catalogue/kill-the-boy-band_381/index.html,2026-09-02T16:12:46.476111
1661,Isla and the Happily Ever After (Anna and the French Kiss #3),48.13,In stock,star-rating Five,https://books.toscrape.com/catalogue/isla-and-the-happily-ever-after-anna-and-the-french-kiss-3_380/index.html,2026-09-02T16:12:53.517575
1662,If I Stay (If I Stay #1),38.13,In stock,star-rating Five,https://books.toscrape.com/catalogue/if-i-stay-if-i-stay-1_379/index.html,2026-09-02T16:12:53.631499
1663,I Know Why the Caged Bird Sings (Maya Angelou's Autobiography #1),36.55,In stock,star-rating Two,https://books.toscrape.com/catalogue/i-know-why-the-caged-bird-sings-maya-angelous-autobiography-1_378/index.html,2026-09-02T16:12:53.786636
1664,Harry Potter and the Deathly Hallows (Harry Potter #7),23.32,In stock,star-rating One,https://books.toscrape.com/catalogue/harry-potter-and-the-deathly-hallows-harry-potter-7_377/index.html,2026-09-02T16:12:53.952559
1665,"Fruits Basket, Vol. 5 (Fruits Basket #5)",16.33,In stock,star-rating One,https://books.toscrape.com/catalogue/fruits-basket-vol-5-fruits-basket-5_376/index.html,2026-09-02T16:12:54.081058
1666,Foundation (Foundation (Publication Order) #1),32.42,In stock,star-rating One,https://books.toscrape.com/catalogue/foundation-foundation-publication-order-1_375/index.html,2026-09-02T16:12:54.245485
1667,Fool Me Once,16.96,In stock,star-rating One,https://books.toscrape.com/catalogue/fool-me-once_374/index.html,2026-09-02T16:12:54.318367
1668,Find Her (Detective D.D. Warren #8),22.37,In stock,star-rating One,https://books.toscrape.com/catalogue/find-her-detective-dd-warren-8_373/index.html,2026-09-02T16:12:54.390216
1669,Evicted: Poverty and Profit in the American City,42.27,In stock,star-rating One,https://books.toscrape.com/catalogue/evicted-poverty-and-profit-in-the-american-city_372/index.html,2026-09-02T16:12:54.463229
1670,Drama,38.7,In stock,star-rating Two,https://books.toscrape.com/catalogue/drama_371/index.html,2026-09-02T16:12:54.572839
1671,Dracula the Un-Dead,35.63,In stock,star-rating Five,https://books.toscrape.com/catalogue/dracula-the-un-dead_370/index.html,2026-09-02T16:12:54.651095
1672,Digital Fortress,58.0,In stock,star-rating Five,https://books.toscrape.com/catalogue/digital-fortress_369/index.html,2026-09-02T16:12:54.748632
1673,"Death Note, Vol. 5: Whiteout (Death Note #5)",52.41,In stock,star-rating One,https://books.toscrape.com/catalogue/death-note-vol-5-whiteout-death-note-5_368/index.html,2026-09-02T16:12:54.830613
1674,"Data, A Love Story: How I Gamed Online Dating to Meet My Match",32.35,In stock,star-rating Three,https://books.toscrape.com/catalogue/data-a-love-story-how-i-gamed-online-dating-to-meet-my-match_367/index.html,2026-09-02T16:12:54.902241
1675,Critique of Pure Reason,20.75,In stock,star-rating One,https://books.toscrape.com/catalogue/critique-of-pure-reason_366/index.html,2026-09-02T16:12:54.981118
1676,Booked,17.49,In stock,star-rating Five,https://books.toscrape.com/catalogue/booked_365/index.html,2026-09-02T16:12:55.108391
1677,"Blue Lily, Lily Blue (The Raven Cycle #3)",34.13,In stock,star-rating Five,https://books.toscrape.com/catalogue/blue-lily-lily-blue-the-raven-cycle-3_364/index.html,2026-09-02T16:12:55.347050
1678,Approval Junkie: Adventures in Caring Too Much,58.81,In stock,star-rating Five,https://books.toscrape.com/catalogue/approval-junkie-adventures-in-caring-too-much_363/index.html,2026-09-02T16:12:55.503951
1679,An Abundance of Katherines,10.0,In stock,star-rating Five,https://books.toscrape.com/catalogue/an-abundance-of-katherines_362/index.html,2026-09-02T16:12:55.623146
1680,America's War for the Greater Middle East: A Military History,51.22,In stock,star-rating Two,https://books.toscrape.com/catalogue/americas-war-for-the-greater-middle-east-a-military-history_361/index.html,2026-09-02T16:12:55.692838
1681,Alight (The Generations Trilogy #2),58.59,In stock,star-rating Four,https://books.toscrape.com/catalogue/alight-the-generations-trilogy-2_360/index.html,2026-09-02T16:13:07.223134
1682,A Girl's Guide to Moving On (New Beginnings #2),31.3,In stock,star-rating One,https://books.toscrape.com/catalogue/a-girls-guide-to-moving-on-new-beginnings-2_359/index.html,2026-09-02T16:13:07.315261
1683,A Game of Thrones (A Song of Ice and Fire #1),46.42,In stock,star-rating Two,https://books.toscrape.com/catalogue/a-game-of-thrones-a-song-of-ice-and-fire-1_358/index.html,2026-09-02T16:13:07.445931
1684,A Feast for Crows (A Song of Ice and Fire #4),17.21,In stock,star-rating Four,https://books.toscrape.com/catalogue/a-feast-for-crows-a-song-of-ice-and-fire-4_357/index.html,2026-09-02T16:13:07.523606
1685,A Clash of Kings (A Song of Ice and Fire #2),10.79,In stock,star-rating Three,https://books.toscrape.com/catalogue/a-clash-of-kings-a-song-of-ice-and-fire-2_356/index.html,2026-09-02T16:13:07.599092
1686,Vogue Colors A to Z: A Fashion Coloring Book,52.35,In stock,star-rating Four,https://books.toscrape.com/catalogue/vogue-colors-a-to-z-a-fashion-coloring-book_355/index.html,2026-09-02T16:13:07.677133
1687,The Shining (The Shining #1),27.88,In stock,star-rating Three,https://books.toscrape.com/catalogue/the-shining-the-shining-1_354/index.html,2026-09-02T16:13:07.754074
1688,The Pilgrim's Progress,50.26,In stock,star-rating Two,https://books.toscrape.com/catalogue/the-pilgrims-progress_353/index.html,2026-09-02T16:13:07.827825
1689,The Perfect Play (Play by Play #1),59.99,In stock,star-rating Three,https://books.toscrape.com/catalogue/the-perfect-play-play-by-play-1_352/index.html,2026-09-02T16:13:07.916153
1690,The Passion of Dolssa,28.32,In stock,star-rating Five,https://books.toscrape.com/catalogue/the-passion-of-dolssa_351/index.html,2026-09-02T16:13:08.016067
1691,The Jazz of Physics: The Secret Link Between Music and the Structure of the Universe,38.71,In stock,star-rating Three,https://books.toscrape.com/catalogue/the-jazz-of-physics-the-secret-link-between-music-and-the-structure-of-the-universe_350/index.html,2026-09-02T16:13:08.162024
1692,The Hunger Games (The Hunger Games #1),29.85,In stock,star-rating Five,https://books.toscrape.com/catalogue/the-hunger-games-the-hunger-games-1_349/index.html,2026-09-02T16:13:08.240750
1693,The Hound of the Baskervilles (Sherlock Holmes #5),14.82,In stock,star-rating Two,https://books.toscrape.com/catalogue/the-hound-of-the-baskervilles-sherlock-holmes-5_348/index.html,2026-09-02T16:13:08.321036
1694,The Gunning of America: Business and the Making of American Gun Culture,16.81,In stock,star-rating Four,https://books.toscrape.com/catalogue/the-gunning-of-america-business-and-the-making-of-american-gun-culture_347/index.html,2026-09-02T16:13:08.399304
1695,The Geography of Bliss: One Grump's Search for the Happiest Places in the World,28.23,In stock,star-rating Two,https://books.toscrape.com/catalogue/the-geography-of-bliss-one-grumps-search-for-the-happiest-places-in-the-world_346/index.html,2026-09-02T16:13:08.483753
1696,The Demonists (Demonist #1),52.11,In stock,star-rating Two,https://books.toscrape.com/catalogue/the-demonists-demonist-1_345/index.html,2026-09-02T16:13:08.633844
1697,"The Demon Prince of Momochi House, Vol. 4 (The Demon Prince of Momochi House #4)",27.88,In stock,star-rating Two,https://books.toscrape.com/catalogue/the-demon-prince-of-momochi-house-vol-4-the-demon-prince-of-momochi-house-4_344/index.html,2026-09-02T16:13:08.732598
1698,The Bone Hunters (Lexy Vaughan & Steven Macaulay #2),59.71,In stock,star-rating Three,https://books.toscrape.com/catalogue/the-bone-hunters-lexy-vaughan-steven-macaulay-2_343/index.html,2026-09-02T16:13:08.805319
1699,The Beast (Black Dagger Brotherhood #14),46.08,In stock,star-rating Five,https://books.toscrape.com/catalogue/the-beast-black-dagger-brotherhood-14_342/index.html,2026-09-02T16:13:08.897431
1700,Some Women,13.73,In stock,star-rating Five,https://books.toscrape.com/catalogue/some-women_341/index.html,2026-09-02T16:13:09.011511
1701,Shopaholic Ties the Knot (Shopaholic #3),48.39,In stock,star-rating Five,https://books.toscrape.com/catalogue/shopaholic-ties-the-knot-shopaholic-3_340/index.html,2026-09-02T16:13:25.996941
1702,Paper and Fire (The Great Library #2),49.45,In stock,star-rating Five,https://books.toscrape.com/catalogue/paper-and-fire-the-great-library-2_339/index.html,2026-09-02T16:13:26.138671
1703,Outlander (Outlander #1),19.67,In stock,star-rating Five,https://books.toscrape.com/catalogue/outlander-outlander-1_338/index.html,2026-09-02T16:13:26.257571
1704,"Orchestra of Exiles: The Story of Bronislaw Huberman, the Israel Philharmonic, and the One Thousand Jews He Saved from Nazi Horrors",12.36,In stock,star-rating Three,https://books.toscrape.com/catalogue/orchestra-of-exiles-the-story-of-bronislaw-huberman-the-israel-philharmonic-and-the-one-thousand-jews-he-saved-from-nazi-horrors_337/index.html,2026-09-02T16:13:26.330741
1705,No One Here Gets Out Alive,20.02,In stock,star-rating Five,https://books.toscrape.com/catalogue/no-one-here-gets-out-alive_336/index.html,2026-09-02T16:13:26.439204
1706,Night Shift (Night Shift #1-20),12.75,In stock,star-rating Four,https://books.toscrape.com/catalogue/night-shift-night-shift-1-20_335/index.html,2026-09-02T16:13:26.558624
1707,Needful Things,47.51,In stock,star-rating Four,https://books.toscrape.com/catalogue/needful-things_334/index.html,2026-09-02T16:13:26.668917
1708,Mockingjay (The Hunger Games #3),20.44,In stock,star-rating Four,https://books.toscrape.com/catalogue/mockingjay-the-hunger-games-3_333/index.html,2026-09-02T16:13:26.812076
1709,Misery,34.79,In stock,star-rating Two,https://books.toscrape.com/catalogue/misery_332/index.html,2026-09-02T16:13:26.916195
1710,Little Women (Little Women #1),28.07,In stock,star-rating Four,https://books.toscrape.com/catalogue/little-women-little-women-1_331/index.html,2026-09-02T16:13:26.992825
1711,It,25.01,In stock,star-rating Three,https://books.toscrape.com/catalogue/it_330/index.html,2026-09-02T16:13:27.072862
1712,Harry Potter and the Sorcerer's Stone (Harry Potter #1),13.9,In stock,star-rating Three,https://books.toscrape.com/catalogue/harry-potter-and-the-sorcerers-stone-harry-potter-1_329/index.html,2026-09-02T16:13:27.189525
1713,Harry Potter and the Prisoner of Azkaban (Harry Potter #3),24.17,In stock,star-rating Four,https://books.toscrape.com/catalogue/harry-potter-and-the-prisoner-of-azkaban-harry-potter-3_328/index.html,2026-09-02T16:13:27.362923
1714,Harry Potter and the Order of the Phoenix (Harry Potter #5),31.63,In stock,star-rating Four,https://books.toscrape.com/catalogue/harry-potter-and-the-order-of-the-phoenix-harry-potter-5_327/index.html,2026-09-02T16:13:27.446816
1715,Harry Potter and the Half-Blood Prince (Harry Potter #6),48.75,In stock,star-rating Five,https://books.toscrape.com/catalogue/harry-potter-and-the-half-blood-prince-harry-potter-6_326/index.html,2026-09-02T16:13:27.528802
1716,Harry Potter and the Chamber of Secrets (Harry Potter #2),14.74,In stock,star-rating One,https://books.toscrape.com/catalogue/harry-potter-and-the-chamber-of-secrets-harry-potter-2_325/index.html,2026-09-02T16:13:27.603852
1717,Gone with the Wind,32.49,In stock,star-rating Three,https://books.toscrape.com/catalogue/gone-with-the-wind_324/index.html,2026-09-02T16:13:27.673167
1718,God Is Not Great: How Religion Poisons Everything,27.8,In stock,star-rating One,https://books.toscrape.com/catalogue/god-is-not-great-how-religion-poisons-everything_323/index.html,2026-09-02T16:13:27.748422
1719,Girl With a Pearl Earring,26.77,In stock,star-rating One,https://books.toscrape.com/catalogue/girl-with-a-pearl-earring_322/index.html,2026-09-02T16:13:27.824444
1720,"Fruits Basket, Vol. 4 (Fruits Basket #4)",50.44,In stock,star-rating Four,https://books.toscrape.com/catalogue/fruits-basket-vol-4-fruits-basket-4_321/index.html,2026-09-02T16:13:27.901264
1721,Far From True (Promise Falls Trilogy #2),34.93,In stock,star-rating Two,https://books.toscrape.com/catalogue/far-from-true-promise-falls-trilogy-2_320/index.html,2026-09-02T16:13:34.229199
1722,Dark Lover (Black Dagger Brotherhood #1),12.87,In stock,star-rating One,https://books.toscrape.com/catalogue/dark-lover-black-dagger-brotherhood-1_319/index.html,2026-09-02T16:13:34.388257
1723,Confessions of a Shopaholic (Shopaholic #1),48.94,In stock,star-rating Two,https://books.toscrape.com/catalogue/confessions-of-a-shopaholic-shopaholic-1_318/index.html,2026-09-02T16:13:34.505234
1724,Changing the Game (Play by Play #2),13.38,In stock,star-rating Three,https://books.toscrape.com/catalogue/changing-the-game-play-by-play-2_317/index.html,2026-09-02T16:13:34.608663
1725,Candide,58.63,In stock,star-rating Three,https://books.toscrape.com/catalogue/candide_316/index.html,2026-09-02T16:13:34.709332
1726,Can You Keep a Secret?,21.94,In stock,star-rating One,https://books.toscrape.com/catalogue/can-you-keep-a-secret_315/index.html,2026-09-02T16:13:34.835123
1727,Atlas Shrugged,26.58,In stock,star-rating Five,https://books.toscrape.com/catalogue/atlas-shrugged_314/index.html,2026-09-02T16:13:35.007998
1728,Animal Farm,57.22,In stock,star-rating Three,https://books.toscrape.com/catalogue/animal-farm_313/index.html,2026-09-02T16:13:35.138035
1729,A Walk to Remember,56.43,In stock,star-rating One,https://books.toscrape.com/catalogue/a-walk-to-remember_312/index.html,2026-09-02T16:13:35.245807
1730,A New Earth: Awakening to Your Life's Purpose,55.65,In stock,star-rating Five,https://books.toscrape.com/catalogue/a-new-earth-awakening-to-your-lifes-purpose_311/index.html,2026-09-02T16:13:35.338700
1731,"A History of God: The 4,000-Year Quest of Judaism, Christianity, and Islam",27.62,In stock,star-rating One,https://books.toscrape.com/catalogue/a-history-of-god-the-4000-year-quest-of-judaism-christianity-and-islam_310/index.html,2026-09-02T16:13:35.427399
1732,'Salem's Lot,49.56,In stock,star-rating Four,https://books.toscrape.com/catalogue/salems-lot_309/index.html,2026-09-02T16:13:35.537655
1733,Zero History (Blue Ant #3),34.77,In stock,star-rating One,https://books.toscrape.com/catalogue/zero-history-blue-ant-3_308/index.html,2026-09-02T16:13:35.627942
1734,Wuthering Heights,17.73,In stock,star-rating Three,https://books.toscrape.com/catalogue/wuthering-heights_307/index.html,2026-09-02T16:13:35.714730
1735,World War Z: An Oral History of the Zombie War,21.8,In stock,star-rating One,https://books.toscrape.com/catalogue/world-war-z-an-oral-history-of-the-zombie-war_306/index.html,2026-09-02T16:13:35.802906
1736,Wild: From Lost to Found on the Pacific Crest Trail,46.02,In stock,star-rating Three,https://books.toscrape.com/catalogue/wild-from-lost-to-found-on-the-pacific-crest-trail_305/index.html,2026-09-02T16:13:35.903239
1737,"Where'd You Go, Bernadette",18.13,In stock,star-rating One,https://books.toscrape.com/catalogue/whered-you-go-bernadette_304/index.html,2026-09-02T16:13:36.008038
1738,When You Are Engulfed in Flames,30.89,In stock,star-rating Five,https://books.toscrape.com/catalogue/when-you-are-engulfed-in-flames_303/index.html,2026-09-02T16:13:36.092110
1739,We the People: The Modern-Day Figures Who Have Reshaped and Affirmed the Founding Fathers' Vision of America,31.95,In stock,star-rating Three,https://books.toscrape.com/catalogue/we-the-people-the-modern-day-figures-who-have-reshaped-and-affirmed-the-founding-fathers-vision-of-america_302/index.html,2026-09-02T16:13:36.170628
1740,We Are All Completely Beside Ourselves,24.04,In stock,star-rating One,https://books.toscrape.com/catalogue/we-are-all-completely-beside-ourselves_301/index.html,2026-09-02T16:13:36.264920
1741,Walk the Edge (Thunder Road #2),32.36,In stock,star-rating Three,https://books.toscrape.com/catalogue/walk-the-edge-thunder-road-2_300/index.html,2026-09-02T16:13:47.264294
1742,Voyager (Outlander #3),21.07,In stock,star-rating Five,https://books.toscrape.com/catalogue/voyager-outlander-3_299/index.html,2026-09-02T16:13:47.378168
1743,Very Good Lives: The Fringe Benefits of Failure and the Importance of Imagination,50.66,In stock,star-rating Three,https://books.toscrape.com/catalogue/very-good-lives-the-fringe-benefits-of-failure-and-the-importance-of-imagination_298/index.html,2026-09-02T16:13:47.482826
1744,Vegan Vegetarian Omnivore: Dinner for Everyone at the Table,13.66,In stock,star-rating Two,https://books.toscrape.com/catalogue/vegan-vegetarian-omnivore-dinner-for-everyone-at-the-table_297/index.html,2026-09-02T16:13:47.571756
1745,"Unstuffed: Decluttering Your Home, Mind, and Soul",58.09,In stock,star-rating One,https://books.toscrape.com/catalogue/unstuffed-decluttering-your-home-mind-and-soul_296/index.html,2026-09-02T16:13:47.686572
1746,Under the Banner of Heaven: A Story of Violent Faith,30.0,In stock,star-rating One,https://books.toscrape.com/catalogue/under-the-banner-of-heaven-a-story-of-violent-faith_295/index.html,2026-09-02T16:13:47.793809
1747,Two Boys Kissing,32.74,In stock,star-rating Two,https://books.toscrape.com/catalogue/two-boys-kissing_294/index.html,2026-09-02T16:13:47.911969
1748,Twilight (Twilight #1),41.93,In stock,star-rating Two,https://books.toscrape.com/catalogue/twilight-twilight-1_293/index.html,2026-09-02T16:13:48.053160
1749,Twenties Girl,42.8,In stock,star-rating Two,https://books.toscrape.com/catalogue/twenties-girl_292/index.html,2026-09-02T16:13:48.133817
1750,"Trespassing Across America: One Man's Epic, Never-Done-Before (and Sort of Illegal) Hike Across the Heartland",53.51,In stock,star-rating One,https://books.toscrape.com/catalogue/trespassing-across-america-one-mans-epic-never-done-before-and-sort-of-illegal-hike-across-the-heartland_291/index.html,2026-09-02T16:13:48.217434
1751,Three-Martini Lunch,23.21,In stock,star-rating Three,https://books.toscrape.com/catalogue/three-martini-lunch_290/index.html,2026-09-02T16:13:48.297002
1752,"Thinking, Fast and Slow",21.14,In stock,star-rating One,https://books.toscrape.com/catalogue/thinking-fast-and-slow_289/index.html,2026-09-02T16:13:48.369512
1753,The Wild Robot,56.07,In stock,star-rating Three,https://books.toscrape.com/catalogue/the-wild-robot_288/index.html,2026-09-02T16:13:48.448003
1754,"The Wicked + The Divine, Vol. 3: Commercial Suicide (The Wicked + The Divine)",14.41,In stock,star-rating Three,https://books.toscrape.com/catalogue/the-wicked-the-divine-vol-3-commercial-suicide-the-wicked-the-divine_287/index.html,2026-09-02T16:13:48.523743
1755,The Undomestic Goddess,45.75,In stock,star-rating Four,https://books.toscrape.com/catalogue/the-undomestic-goddess_286/index.html,2026-09-02T16:13:48.647064
1756,The Travelers,15.77,In stock,star-rating One,https://books.toscrape.com/catalogue/the-travelers_285/index.html,2026-09-02T16:13:48.771275
1757,The Tipping Point: How Little Things Can Make a Big Difference,10.02,In stock,star-rating Two,https://books.toscrape.com/catalogue/the-tipping-point-how-little-things-can-make-a-big-difference_284/index.html,2026-09-02T16:13:48.887391
1758,The Thing About Jellyfish,48.77,In stock,star-rating One,https://books.toscrape.com/catalogue/the-thing-about-jellyfish_283/index.html,2026-09-02T16:13:49.049982
1759,The Stand,57.86,In stock,star-rating Two,https://books.toscrape.com/catalogue/the-stand_282/index.html,2026-09-02T16:13:49.183044
1760,The Smitten Kitchen Cookbook,23.59,In stock,star-rating One,https://books.toscrape.com/catalogue/the-smitten-kitchen-cookbook_281/index.html,2026-09-02T16:13:49.265917
1761,The Silkworm (Cormoran Strike #2),23.05,In stock,star-rating Five,https://books.toscrape.com/catalogue/the-silkworm-cormoran-strike-2_280/index.html,2026-09-02T16:14:08.313300
1762,"The Sandman, Vol. 3: Dream Country (The Sandman (volumes) #3)",55.55,In stock,star-rating Five,https://books.toscrape.com/catalogue/the-sandman-vol-3-dream-country-the-sandman-volumes-3_279/index.html,2026-09-02T16:14:08.499202
1763,The Rose & the Dagger (The Wrath and the Dawn #2),58.64,In stock,star-rating Four,https://books.toscrape.com/catalogue/the-rose-the-dagger-the-wrath-and-the-dawn-2_278/index.html,2026-09-02T16:14:08.673005
1764,The Road to Little Dribbling: Adventures of an American in Britain (Notes From a Small Island #2),23.21,In stock,star-rating One,https://books.toscrape.com/catalogue/the-road-to-little-dribbling-adventures-of-an-american-in-britain-notes-from-a-small-island-2_277/index.html,2026-09-02T16:14:08.814632
1765,The Rise of Theodore Roosevelt (Theodore Roosevelt #1),42.57,In stock,star-rating Three,https://books.toscrape.com/catalogue/the-rise-of-theodore-roosevelt-theodore-roosevelt-1_276/index.html,2026-09-02T16:14:08.979523
1766,The Restaurant at the End of the Universe (Hitchhiker's Guide to the Galaxy #2),10.92,In stock,star-rating One,https://books.toscrape.com/catalogue/the-restaurant-at-the-end-of-the-universe-hitchhikers-guide-to-the-galaxy-2_275/index.html,2026-09-02T16:14:09.096038
1767,The Rest Is Noise: Listening to the Twentieth Century,34.77,In stock,star-rating One,https://books.toscrape.com/catalogue/the-rest-is-noise-listening-to-the-twentieth-century_274/index.html,2026-09-02T16:14:09.290070
1768,The Red Tent,35.66,In stock,star-rating Five,https://books.toscrape.com/catalogue/the-red-tent_273/index.html,2026-09-02T16:14:09.442481
1769,The Purpose Driven Life: What on Earth Am I Here for?,37.19,In stock,star-rating Three,https://books.toscrape.com/catalogue/the-purpose-driven-life-what-on-earth-am-i-here-for_272/index.html,2026-09-02T16:14:09.578938
1770,The Purest Hook (Second Circle Tattoos #3),12.25,In stock,star-rating One,https://books.toscrape.com/catalogue/the-purest-hook-second-circle-tattoos-3_271/index.html,2026-09-02T16:14:09.704480
1771,The Picture of Dorian Gray,29.7,In stock,star-rating Two,https://books.toscrape.com/catalogue/the-picture-of-dorian-gray_270/index.html,2026-09-02T16:14:09.820202
1772,The Paris Wife,36.8,In stock,star-rating Three,https://books.toscrape.com/catalogue/the-paris-wife_269/index.html,2026-09-02T16:14:09.927251
1773,The Obsession,45.43,In stock,star-rating One,https://books.toscrape.com/catalogue/the-obsession_268/index.html,2026-09-02T16:14:10.035787
1774,The Nightingale,26.26,In stock,star-rating Four,https://books.toscrape.com/catalogue/the-nightingale_267/index.html,2026-09-02T16:14:10.164358
1775,The New Guy (and Other Senior Year Distractions),44.92,In stock,star-rating Three,https://books.toscrape.com/catalogue/the-new-guy-and-other-senior-year-distractions_266/index.html,2026-09-02T16:14:10.288397
1776,The Nanny Diaries (Nanny #1),52.53,In stock,star-rating Five,https://books.toscrape.com/catalogue/the-nanny-diaries-nanny-1_265/index.html,2026-09-02T16:14:10.430334
1777,The Name of God is Mercy,37.25,In stock,star-rating Two,https://books.toscrape.com/catalogue/the-name-of-god-is-mercy_264/index.html,2026-09-02T16:14:10.569325
1778,The Maze Runner (The Maze Runner #1),20.93,In stock,star-rating One,https://books.toscrape.com/catalogue/the-maze-runner-the-maze-runner-1_263/index.html,2026-09-02T16:14:10.714365
1779,The Lover's Dictionary,58.09,In stock,star-rating Two,https://books.toscrape.com/catalogue/the-lovers-dictionary_262/index.html,2026-09-02T16:14:10.820032
1780,The Lonely Ones,43.59,In stock,star-rating Five,https://books.toscrape.com/catalogue/the-lonely-ones_261/index.html,2026-09-02T16:14:10.948858
1781,The Lean Startup: How Today's Entrepreneurs Use Continuous Innovation to Create Radically Successful Businesses,33.92,In stock,star-rating Three,https://books.toscrape.com/catalogue/the-lean-startup-how-todays-entrepreneurs-use-continuous-innovation-to-create-radically-successful-businesses_260/index.html,2026-09-02T16:14:34.211374
1782,The Last Painting of Sara de Vos,55.55,In stock,star-rating Two,https://books.toscrape.com/catalogue/the-last-painting-of-sara-de-vos_259/index.html,2026-09-02T16:14:34.335097
1783,"The Land of 10,000 Madonnas",29.64,In stock,star-rating Four,https://books.toscrape.com/catalogue/the-land-of-10000-madonnas_258/index.html,2026-09-02T16:14:34.414085
1784,The Infinities,27.41,In stock,star-rating One,https://books.toscrape.com/catalogue/the-infinities_257/index.html,2026-09-02T16:14:34.489999
1785,The Husband's Secret,52.51,In stock,star-rating Five,https://books.toscrape.com/catalogue/the-husbands-secret_256/index.html,2026-09-02T16:14:34.603933
1786,The Hitchhiker's Guide to the Galaxy (Hitchhiker's Guide to the Galaxy #1),47.8,In stock,star-rating Three,https://books.toscrape.com/catalogue/the-hitchhikers-guide-to-the-galaxy-hitchhikers-guide-to-the-galaxy-1_255/index.html,2026-09-02T16:14:34.750239
1787,The Guns of August,14.54,In stock,star-rating Two,https://books.toscrape.com/catalogue/the-guns-of-august_254/index.html,2026-09-02T16:14:34.917687
1788,The Guernsey Literary and Potato Peel Pie Society,49.53,In stock,star-rating One,https://books.toscrape.com/catalogue/the-guernsey-literary-and-potato-peel-pie-society_253/index.html,2026-09-02T16:14:35.066227
1789,The Goldfinch,43.58,In stock,star-rating Three,https://books.toscrape.com/catalogue/the-goldfinch_252/index.html,2026-09-02T16:14:35.251304
1790,The Giver (The Giver Quartet #1),12.3,In stock,star-rating One,https://books.toscrape.com/catalogue/the-giver-the-giver-quartet-1_251/index.html,2026-09-02T16:14:35.331766
1791,The Girl with All the Gifts,49.47,In stock,star-rating Three,https://books.toscrape.com/catalogue/the-girl-with-all-the-gifts_250/index.html,2026-09-02T16:14:35.432964
1792,The Girl Who Played with Fire (Millennium Trilogy #2),22.14,In stock,star-rating Two,https://books.toscrape.com/catalogue/the-girl-who-played-with-fire-millennium-trilogy-2_249/index.html,2026-09-02T16:14:35.582377
1793,The Girl Who Kicked the Hornet's Nest (Millennium Trilogy #3),57.48,In stock,star-rating One,https://books.toscrape.com/catalogue/the-girl-who-kicked-the-hornets-nest-millennium-trilogy-3_248/index.html,2026-09-02T16:14:35.746630
1794,The Exiled,43.45,In stock,star-rating Three,https://books.toscrape.com/catalogue/the-exiled_247/index.html,2026-09-02T16:14:35.822374
1795,"The End of Faith: Religion, Terror, and the Future of Reason",22.13,In stock,star-rating Four,https://books.toscrape.com/catalogue/the-end-of-faith-religion-terror-and-the-future-of-reason_246/index.html,2026-09-02T16:14:35.916655
1796,"The Elegant Universe: Superstrings, Hidden Dimensions, and the Quest for the Ultimate Theory",13.03,In stock,star-rating Four,https://books.toscrape.com/catalogue/the-elegant-universe-superstrings-hidden-dimensions-and-the-quest-for-the-ultimate-theory_245/index.html,2026-09-02T16:14:35.995095
1797,"The Disappearing Spoon: And Other True Tales of Madness, Love, and the History of the World from the Periodic Table of the Elements",57.35,In stock,star-rating Five,https://books.toscrape.com/catalogue/the-disappearing-spoon-and-other-true-tales-of-madness-love-and-the-history-of-the-world-from-the-periodic-table-of-the-elements_244/index.html,2026-09-02T16:14:36.081130
1798,The Devil Wears Prada (The Devil Wears Prada #1),44.29,In stock,star-rating One,https://books.toscrape.com/catalogue/the-devil-wears-prada-the-devil-wears-prada-1_243/index.html,2026-09-02T16:14:36.183096
1799,The Demon-Haunted World: Science as a Candle in the Dark,52.25,In stock,star-rating Four,https://books.toscrape.com/catalogue/the-demon-haunted-world-science-as-a-candle-in-the-dark_242/index.html,2026-09-02T16:14:36.273108
1800,The Day the Crayons Came Home (Crayons),26.33,In stock,star-rating Five,https://books.toscrape.com/catalogue/the-day-the-crayons-came-home-crayons_241/index.html,2026-09-02T16:14:36.401796
1801,A Light in the Attic,51.77,In stock,star-rating Three,https://books.toscrape.com/catalogue/a-light-in-the-attic_1000/index.html,2026-09-02T16:15:49.240915
1802,Tipping the Velvet,53.74,In stock,star-rating One,https://books.toscrape.com/catalogue/tipping-the-velvet_999/index.html,2026-09-02T16:15:49.353339
1803,Soumission,50.1,In stock,star-rating One,https://books.toscrape.com/catalogue/soumission_998/index.html,2026-09-02T16:15:49.451619
1804,Sharp Objects,47.82,In stock,star-rating Four,https://books.toscrape.com/catalogue/sharp-objects_997/index.html,2026-09-02T16:15:49.555520
1805,Sapiens: A Brief History of Humankind,54.23,In stock,star-rating Five,https://books.toscrape.com/catalogue/sapiens-a-brief-history-of-humankind_996/index.html,2026-09-02T16:15:49.664086
1806,The Requiem Red,22.65,In stock,star-rating One,https://books.toscrape.com/catalogue/the-requiem-red_995/index.html,2026-09-02T16:15:49.780044
1807,The Dirty Little Secrets of Getting Your Dream Job,33.34,In stock,star-rating Four,https://books.toscrape.com/catalogue/the-dirty-little-secrets-of-getting-your-dream-job_994/index.html,2026-09-02T16:15:49.892911
1808,"The Coming Woman: A Novel Based on the Life of the Infamous Feminist, Victoria Woodhull",17.93,In stock,star-rating Three,https://books.toscrape.com/catalogue/the-coming-woman-a-novel-based-on-the-life-of-the-infamous-feminist-victoria-woodhull_993/index.html,2026-09-02T16:15:50.001227
1809,The Boys in the Boat: Nine Americans and Their Epic Quest for Gold at the 1936 Berlin Olympics,22.6,In stock,star-rating Four,https://books.toscrape.com/catalogue/the-boys-in-the-boat-nine-americans-and-their-epic-quest-for-gold-at-the-1936-berlin-olympics_992/index.html,2026-09-02T16:15:50.121692
1810,The Black Maria,52.15,In stock,star-rating One,https://books.toscrape.com/catalogue/the-black-maria_991/index.html,2026-09-02T16:15:50.224055
1811,"Starving Hearts (Triangular Trade Trilogy, #1)",13.99,In stock,star-rating Two,https://books.toscrape.com/catalogue/starving-hearts-triangular-trade-trilogy-1_990/index.html,2026-09-02T16:15:50.320017
1812,Shakespeare's Sonnets,20.66,In stock,star-rating Four,https://books.toscrape.com/catalogue/shakespeares-sonnets_989/index.html,2026-09-02T16:15:50.439003
1813,Set Me Free,17.46,In stock,star-rating Five,https://books.toscrape.com/catalogue/set-me-free_988/index.html,2026-09-02T16:15:50.583745
1814,Scott Pilgrim's Precious Little Life (Scott Pilgrim #1),52.29,In stock,star-rating Five,https://books.toscrape.com/catalogue/scott-pilgrims-precious-little-life-scott-pilgrim-1_987/index.html,2026-09-02T16:15:50.718758
1815,Rip it Up and Start Again,35.02,In stock,star-rating Five,https://books.toscrape.com/catalogue/rip-it-up-and-start-again_986/index.html,2026-09-02T16:15:50.798164
1816,"Our Band Could Be Your Life: Scenes from the American Indie Underground, 1981-1991",57.25,In stock,star-rating Three,https://books.toscrape.com/catalogue/our-band-could-be-your-life-scenes-from-the-american-indie-underground-1981-1991_985/index.html,2026-09-02T16:15:50.901964
1817,Olio,23.88,In stock,star-rating One,https://books.toscrape.com/catalogue/olio_984/index.html,2026-09-02T16:15:50.979992
1818,Mesaerion: The Best Science Fiction Stories 1800-1849,37.59,In stock,star-rating One,https://books.toscrape.com/catalogue/mesaerion-the-best-science-fiction-stories-1800-1849_983/index.html,2026-09-02T16:15:51.071813
1819,Libertarianism for Beginners,51.33,In stock,star-rating Two,https://books.toscrape.com/catalogue/libertarianism-for-beginners_982/index.html,2026-09-02T16:15:51.165154
1820,It's Only the Himalayas,45.17,In stock,star-rating Two,https://books.toscrape.com/catalogue/its-only-the-himalayas_981/index.html,2026-09-02T16:15:51.251812
1821,In Her Wake,12.84,In stock,star-rating One,https://books.toscrape.com/catalogue/in-her-wake_980/index.html,2026-09-02T16:15:59.592107
1822,How Music Works,37.32,In stock,star-rating Two,https://books.toscrape.com/catalogue/how-music-works_979/index.html,2026-09-02T16:15:59.721674
1823,"Foolproof Preserving: A Guide to Small Batch Jams, Jellies, Pickles, Condiments, and More: A Foolproof Guide to Making Small Batch Jams, Jellies, Pickles, Condiments, and More",30.52,In stock,star-rating Three,https://books.toscrape.com/catalogue/foolproof-preserving-a-guide-to-small-batch-jams-jellies-pickles-condiments-and-more-a-foolproof-guide-to-making-small-batch-jams-jellies-pickles-condiments-and-more_978/index.html,2026-09-02T16:15:59.879259
1824,Chase Me (Paris Nights #2),25.27,In stock,star-rating Five,https://books.toscrape.com/catalogue/chase-me-paris-nights-2_977/index.html,2026-09-02T16:16:00.058562
1825,Black Dust,34.53,In stock,star-rating Five,https://books.toscrape.com/catalogue/black-dust_976/index.html,2026-09-02T16:16:00.212998
1826,Birdsong: A Story in Pictures,54.64,In stock,star-rating Three,https://books.toscrape.com/catalogue/birdsong-a-story-in-pictures_975/index.html,2026-09-02T16:16:00.316185
1827,America's Cradle of Quarterbacks: Western Pennsylvania's Football Factory from Johnny Unitas to Joe Montana,22.5,In stock,star-rating Three,https://books.toscrape.com/catalogue/americas-cradle-of-quarterbacks-western-pennsylvanias-football-factory-from-johnny-unitas-to-joe-montana_974/index.html,2026-09-02T16:16:00.420556
1828,Aladdin and His Wonderful Lamp,53.13,In stock,star-rating Three,https://books.toscrape.com/catalogue/aladdin-and-his-wonderful-lamp_973/index.html,2026-09-02T16:16:00.563378
1829,Worlds Elsewhere: Journeys Around Shakespeare’s Globe,40.3,In stock,star-rating Five,https://books.toscrape.com/catalogue/worlds-elsewhere-journeys-around-shakespeares-globe_972/index.html,2026-09-02T16:16:00.666898
1830,Wall and Piece,44.18,In stock,star-rating Four,https://books.toscrape.com/catalogue/wall-and-piece_971/index.html,2026-09-02T16:16:00.755078
1831,The Four Agreements: A Practical Guide to Personal Freedom,17.66,In stock,star-rating Five,https://books.toscrape.com/catalogue/the-four-agreements-a-practical-guide-to-personal-freedom_970/index.html,2026-09-02T16:16:00.870752
1832,The Five Love Languages: How to Express Heartfelt Commitment to Your Mate,31.05,In stock,star-rating Three,https://books.toscrape.com/catalogue/the-five-love-languages-how-to-express-heartfelt-commitment-to-your-mate_969/index.html,2026-09-02T16:16:00.971486
1833,The Elephant Tree,23.82,In stock,star-rating Five,https://books.toscrape.com/catalogue/the-elephant-tree_968/index.html,2026-09-02T16:16:01.178397
1834,The Bear and the Piano,36.89,In stock,star-rating One,https://books.toscrape.com/catalogue/the-bear-and-the-piano_967/index.html,2026-09-02T16:16:01.276823
1835,Sophie's World,15.94,In stock,star-rating Five,https://books.toscrape.com/catalogue/sophies-world_966/index.html,2026-09-02T16:16:01.371029
1836,Penny Maybe,33.29,In stock,star-rating Three,https://books.toscrape.com/catalogue/penny-maybe_965/index.html,2026-09-02T16:16:01.455780
1837,Maude (1883-1993):She Grew Up with the country,18.02,In stock,star-rating Two,https://books.toscrape.com/catalogue/maude-1883-1993she-grew-up-with-the-country_964/index.html,2026-09-02T16:16:01.539469
1838,"In a Dark, Dark Wood",19.63,In stock,star-rating One,https://books.toscrape.com/catalogue/in-a-dark-dark-wood_963/index.html,2026-09-02T16:16:01.651584
1839,Behind Closed Doors,52.22,In stock,star-rating Four,https://books.toscrape.com/catalogue/behind-closed-doors_962/index.html,2026-09-02T16:16:01.730644
1840,You can't bury them all: Poems,33.63,In stock,star-rating Two,https://books.toscrape.com/catalogue/you-cant-bury-them-all-poems_961/index.html,2026-09-02T16:16:01.825722
1841,Slow States of Collapse: Poems,57.31,In stock,star-rating Three,https://books.toscrape.com/catalogue/slow-states-of-collapse-poems_960/index.html,2026-09-02T16:16:07.827427
1842,Reasons to Stay Alive,26.41,In stock,star-rating Two,https://books.toscrape.com/catalogue/reasons-to-stay-alive_959/index.html,2026-09-02T16:16:07.900895
1843,Private Paris (Private #10),47.61,In stock,star-rating Five,https://books.toscrape.com/catalogue/private-paris-private-10_958/index.html,2026-09-02T16:16:08.010704
1844,#HigherSelfie: Wake Up Your Life. Free Your Soul. Find Your Tribe.,23.11,In stock,star-rating Five,https://books.toscrape.com/catalogue/higherselfie-wake-up-your-life-free-your-soul-find-your-tribe_957/index.html,2026-09-02T16:16:08.105536
1845,Without Borders (Wanderlove #1),45.07,In stock,star-rating Two,https://books.toscrape.com/catalogue/without-borders-wanderlove-1_956/index.html,2026-09-02T16:16:08.180270
1846,When We Collided,31.77,In stock,star-rating One,https://books.toscrape.com/catalogue/when-we-collided_955/index.html,2026-09-02T16:16:08.257627
1847,"We Love You, Charlie Freeman",50.27,In stock,star-rating Five,https://books.toscrape.com/catalogue/we-love-you-charlie-freeman_954/index.html,2026-09-02T16:16:08.333298
1848,Untitled Collection: Sabbath Poems 2014,14.27,In stock,star-rating Four,https://books.toscrape.com/catalogue/untitled-collection-sabbath-poems-2014_953/index.html,2026-09-02T16:16:08.410932
1849,"Unseen City: The Majesty of Pigeons, the Discreet Charm of Snails & Other Wonders of the Urban Wilderness",44.18,In stock,star-rating Four,https://books.toscrape.com/catalogue/unseen-city-the-majesty-of-pigeons-the-discreet-charm-of-snails-other-wonders-of-the-urban-wilderness_952/index.html,2026-09-02T16:16:08.483033
1850,Unicorn Tracks,18.78,In stock,star-rating Three,https://books.toscrape.com/catalogue/unicorn-tracks_951/index.html,2026-09-02T16:16:08.552048
1851,"Unbound: How Eight Technologies Made Us Human, Transformed Society, and Brought Our World to the Brink",25.52,In stock,star-rating One,https://books.toscrape.com/catalogue/unbound-how-eight-technologies-made-us-human-transformed-society-and-brought-our-world-to-the-brink_950/index.html,2026-09-02T16:16:08.617382
1852,Tsubasa: WoRLD CHRoNiCLE 2 (Tsubasa WoRLD CHRoNiCLE #2),16.28,In stock,star-rating One,https://books.toscrape.com/catalogue/tsubasa-world-chronicle-2-tsubasa-world-chronicle-2_949/index.html,2026-09-02T16:16:08.683824
1853,Throwing Rocks at the Google Bus: How Growth Became the Enemy of Prosperity,31.12,In stock,star-rating Three,https://books.toscrape.com/catalogue/throwing-rocks-at-the-google-bus-how-growth-became-the-enemy-of-prosperity_948/index.html,2026-09-02T16:16:08.761002
1854,This One Summer,19.49,In stock,star-rating Four,https://books.toscrape.com/catalogue/this-one-summer_947/index.html,2026-09-02T16:16:08.878466
1855,Thirst,17.27,In stock,star-rating Five,https://books.toscrape.com/catalogue/thirst_946/index.html,2026-09-02T16:16:08.961276
1856,The Torch Is Passed: A Harding Family Story,19.09,In stock,star-rating One,https://books.toscrape.com/catalogue/the-torch-is-passed-a-harding-family-story_945/index.html,2026-09-02T16:16:09.058617
1857,The Secret of Dreadwillow Carse,56.13,In stock,star-rating One,https://books.toscrape.com/catalogue/the-secret-of-dreadwillow-carse_944/index.html,2026-09-02T16:16:09.160919
1858,"The Pioneer Woman Cooks: Dinnertime: Comfort Classics, Freezer Food, 16-Minute Meals, and Other Delicious Ways to Solve Supper!",56.41,In stock,star-rating One,https://books.toscrape.com/catalogue/the-pioneer-woman-cooks-dinnertime-comfort-classics-freezer-food-16-minute-meals-and-other-delicious-ways-to-solve-supper_943/index.html,2026-09-02T16:16:09.252676
1859,The Past Never Ends,56.5,In stock,star-rating Four,https://books.toscrape.com/catalogue/the-past-never-ends_942/index.html,2026-09-02T16:16:09.328783
1860,The Natural History of Us (The Fine Art of Pretending #2),45.22,In stock,star-rating Three,https://books.toscrape.com/catalogue/the-natural-history-of-us-the-fine-art-of-pretending-2_941/index.html,2026-09-02T16:16:09.399592
1861,The Nameless City (The Nameless City #1),38.16,In stock,star-rating Four,https://books.toscrape.com/catalogue/the-nameless-city-the-nameless-city-1_940/index.html,2026-09-02T16:16:17.125701
1862,The Murder That Never Was (Forensic Instincts #5),54.11,In stock,star-rating Three,https://books.toscrape.com/catalogue/the-murder-that-never-was-forensic-instincts-5_939/index.html,2026-09-02T16:16:17.238756
1863,The Most Perfect Thing: Inside (and Outside) a Bird's Egg,42.96,In stock,star-rating Four,https://books.toscrape.com/catalogue/the-most-perfect-thing-inside-and-outside-a-birds-egg_938/index.html,2026-09-02T16:16:17.348860
1864,"The Mindfulness and Acceptance Workbook for Anxiety: A Guide to Breaking Free from Anxiety, Phobias, and Worry Using Acceptance and Commitment Therapy",23.89,In stock,star-rating Four,https://books.toscrape.com/catalogue/the-mindfulness-and-acceptance-workbook-for-anxiety-a-guide-to-breaking-free-from-anxiety-phobias-and-worry-using-acceptance-and-commitment-therapy_937/index.html,2026-09-02T16:16:17.469779
1865,The Life-Changing Magic of Tidying Up: The Japanese Art of Decluttering and Organizing,16.77,In stock,star-rating Three,https://books.toscrape.com/catalogue/the-life-changing-magic-of-tidying-up-the-japanese-art-of-decluttering-and-organizing_936/index.html,2026-09-02T16:16:17.549292
1866,"The Inefficiency Assassin: Time Management Tactics for Working Smarter, Not Longer",20.59,In stock,star-rating Five,https://books.toscrape.com/catalogue/the-inefficiency-assassin-time-management-tactics-for-working-smarter-not-longer_935/index.html,2026-09-02T16:16:17.628995
1867,The Gutsy Girl: Escapades for Your Life of Epic Adventure,37.13,In stock,star-rating One,https://books.toscrape.com/catalogue/the-gutsy-girl-escapades-for-your-life-of-epic-adventure_934/index.html,2026-09-02T16:16:17.706820
1868,The Electric Pencil: Drawings from Inside State Hospital No. 3,56.06,In stock,star-rating One,https://books.toscrape.com/catalogue/the-electric-pencil-drawings-from-inside-state-hospital-no-3_933/index.html,2026-09-02T16:16:17.822275
1869,The Death of Humanity: and the Case for Life,58.11,In stock,star-rating Four,https://books.toscrape.com/catalogue/the-death-of-humanity-and-the-case-for-life_932/index.html,2026-09-02T16:16:17.909283
1870,"The Bulletproof Diet: Lose up to a Pound a Day, Reclaim Energy and Focus, Upgrade Your Life",49.05,In stock,star-rating Three,https://books.toscrape.com/catalogue/the-bulletproof-diet-lose-up-to-a-pound-a-day-reclaim-energy-and-focus-upgrade-your-life_931/index.html,2026-09-02T16:16:18.003132
1871,The Art Forger,40.76,In stock,star-rating Three,https://books.toscrape.com/catalogue/the-art-forger_930/index.html,2026-09-02T16:16:18.110195
1872,The Age of Genius: The Seventeenth Century and the Birth of the Modern Mind,19.73,In stock,star-rating One,https://books.toscrape.com/catalogue/the-age-of-genius-the-seventeenth-century-and-the-birth-of-the-modern-mind_929/index.html,2026-09-02T16:16:18.213192
1873,The Activist's Tao Te Ching: Ancient Advice for a Modern Revolution,32.24,In stock,star-rating Five,https://books.toscrape.com/catalogue/the-activists-tao-te-ching-ancient-advice-for-a-modern-revolution_928/index.html,2026-09-02T16:16:18.325201
1874,Spark Joy: An Illustrated Master Class on the Art of Organizing and Tidying Up,41.83,In stock,star-rating Four,https://books.toscrape.com/catalogue/spark-joy-an-illustrated-master-class-on-the-art-of-organizing-and-tidying-up_927/index.html,2026-09-02T16:16:18.428263
1875,Soul Reader,39.58,In stock,star-rating Two,https://books.toscrape.com/catalogue/soul-reader_926/index.html,2026-09-02T16:16:18.520777
1876,Security,39.25,In stock,star-rating Two,https://books.toscrape.com/catalogue/security_925/index.html,2026-09-02T16:16:18.588966
1877,"Saga, Volume 6 (Saga (Collected Editions) #6)",25.02,In stock,star-rating Three,https://books.toscrape.com/catalogue/saga-volume-6-saga-collected-editions-6_924/index.html,2026-09-02T16:16:18.704249
1878,"Saga, Volume 5 (Saga (Collected Editions) #5)",51.04,In stock,star-rating Two,https://books.toscrape.com/catalogue/saga-volume-5-saga-collected-editions-5_923/index.html,2026-09-02T16:16:18.790172
1879,Reskilling America: Learning to Labor in the Twenty-First Century,19.83,In stock,star-rating Two,https://books.toscrape.com/catalogue/reskilling-america-learning-to-labor-in-the-twenty-first-century_922/index.html,2026-09-02T16:16:18.896897
1880,"Rat Queens, Vol. 3: Demons (Rat Queens (Collected Editions) #11-15)",50.4,In stock,star-rating Three,https://books.toscrape.com/catalogue/rat-queens-vol-3-demons-rat-queens-collected-editions-11-15_921/index.html,2026-09-02T16:16:19.008151
1881,"Princess Jellyfish 2-in-1 Omnibus, Vol. 01 (Princess Jellyfish 2-in-1 Omnibus #1)",13.61,In stock,star-rating Five,https://books.toscrape.com/catalogue/princess-jellyfish-2-in-1-omnibus-vol-01-princess-jellyfish-2-in-1-omnibus-1_920/index.html,2026-09-02T16:16:35.904175
1882,Princess Between Worlds (Wide-Awake Princess #5),13.34,In stock,star-rating Five,https://books.toscrape.com/catalogue/princess-between-worlds-wide-awake-princess-5_919/index.html,2026-09-02T16:16:35.996313
1883,"Pop Gun War, Volume 1: Gift",18.97,In stock,star-rating One,https://books.toscrape.com/catalogue/pop-gun-war-volume-1-gift_918/index.html,2026-09-02T16:16:36.066214
1884,"Political Suicide: Missteps, Peccadilloes, Bad Calls, Backroom Hijinx, Sordid Pasts, Rotten Breaks, and Just Plain Dumb Mistakes in the Annals of American Politics",36.28,In stock,star-rating Two,https://books.toscrape.com/catalogue/political-suicide-missteps-peccadilloes-bad-calls-backroom-hijinx-sordid-pasts-rotten-breaks-and-just-plain-dumb-mistakes-in-the-annals-of-american-politics_917/index.html,2026-09-02T16:16:36.137672
1885,Patience,10.16,In stock,star-rating Three,https://books.toscrape.com/catalogue/patience_916/index.html,2026-09-02T16:16:36.216488
1886,"Outcast, Vol. 1: A Darkness Surrounds Him (Outcast #1)",15.44,In stock,star-rating Four,https://books.toscrape.com/catalogue/outcast-vol-1-a-darkness-surrounds-him-outcast-1_915/index.html,2026-09-02T16:16:36.280907
1887,orange: The Complete Collection 1 (orange: The Complete Collection #1),48.41,In stock,star-rating One,https://books.toscrape.com/catalogue/orange-the-complete-collection-1-orange-the-complete-collection-1_914/index.html,2026-09-02T16:16:36.382626
1888,Online Marketing for Busy Authors: A Step-By-Step Guide,46.35,In stock,star-rating One,https://books.toscrape.com/catalogue/online-marketing-for-busy-authors-a-step-by-step-guide_913/index.html,2026-09-02T16:16:36.461151
1889,On a Midnight Clear,14.07,In stock,star-rating Three,https://books.toscrape.com/catalogue/on-a-midnight-clear_912/index.html,2026-09-02T16:16:36.537867
1890,Obsidian (Lux #1),14.86,In stock,star-rating Two,https://books.toscrape.com/catalogue/obsidian-lux-1_911/index.html,2026-09-02T16:16:36.644985
1891,My Paris Kitchen: Recipes and Stories,33.37,In stock,star-rating Two,https://books.toscrape.com/catalogue/my-paris-kitchen-recipes-and-stories_910/index.html,2026-09-02T16:16:36.759526
1892,Masks and Shadows,56.4,In stock,star-rating Two,https://books.toscrape.com/catalogue/masks-and-shadows_909/index.html,2026-09-02T16:16:36.862315
1893,"Mama Tried: Traditional Italian Cooking for the Screwed, Crude, Vegan, and Tattooed",14.02,In stock,star-rating Four,https://books.toscrape.com/catalogue/mama-tried-traditional-italian-cooking-for-the-screwed-crude-vegan-and-tattooed_908/index.html,2026-09-02T16:16:36.967369
1894,"Lumberjanes, Vol. 2: Friendship to the Max (Lumberjanes #5-8)",46.91,In stock,star-rating Two,https://books.toscrape.com/catalogue/lumberjanes-vol-2-friendship-to-the-max-lumberjanes-5-8_907/index.html,2026-09-02T16:16:37.035669
1895,"Lumberjanes, Vol. 1: Beware the Kitten Holy (Lumberjanes #1-4)",45.61,In stock,star-rating Three,https://books.toscrape.com/catalogue/lumberjanes-vol-1-beware-the-kitten-holy-lumberjanes-1-4_906/index.html,2026-09-02T16:16:37.143342
1896,Lumberjanes Vol. 3: A Terrible Plan (Lumberjanes #9-12),19.92,In stock,star-rating Two,https://books.toscrape.com/catalogue/lumberjanes-vol-3-a-terrible-plan-lumberjanes-9-12_905/index.html,2026-09-02T16:16:37.283835
1897,"Layered: Baking, Building, and Styling Spectacular Cakes",40.11,In stock,star-rating One,https://books.toscrape.com/catalogue/layered-baking-building-and-styling-spectacular-cakes_904/index.html,2026-09-02T16:16:37.441589
1898,Judo: Seven Steps to Black Belt (an Introductory Guide for Beginners),53.9,In stock,star-rating Two,https://books.toscrape.com/catalogue/judo-seven-steps-to-black-belt-an-introductory-guide-for-beginners_903/index.html,2026-09-02T16:16:37.549754
1899,Join,35.67,In stock,star-rating Five,https://books.toscrape.com/catalogue/join_902/index.html,2026-09-02T16:16:37.618997
1900,In the Country We Love: My Family Divided,22.0,In stock,star-rating Four,https://books.toscrape.com/catalogue/in-the-country-we-love-my-family-divided_901/index.html,2026-09-02T16:16:37.696777
1901,Immunity: How Elie Metchnikoff Changed the Course of Modern Medicine,57.36,In stock,star-rating Five,https://books.toscrape.com/catalogue/immunity-how-elie-metchnikoff-changed-the-course-of-modern-medicine_900/index.html,2026-09-02T16:16:48.488100
1902,"I Hate Fairyland, Vol. 1: Madly Ever After (I Hate Fairyland (Compilations) #1-5)",29.17,In stock,star-rating Two,https://books.toscrape.com/catalogue/i-hate-fairyland-vol-1-madly-ever-after-i-hate-fairyland-compilations-1-5_899/index.html,2026-09-02T16:16:48.578030
1903,I am a Hero Omnibus Volume 1,54.63,In stock,star-rating Three,https://books.toscrape.com/catalogue/i-am-a-hero-omnibus-volume-1_898/index.html,2026-09-02T16:16:48.646413
1904,How to Be Miserable: 40 Strategies You Already Use,46.03,In stock,star-rating One,https://books.toscrape.com/catalogue/how-to-be-miserable-40-strategies-you-already-use_897/index.html,2026-09-02T16:16:48.718204
1905,Her Backup Boyfriend (The Sorensen Family #1),33.97,In stock,star-rating One,https://books.toscrape.com/catalogue/her-backup-boyfriend-the-sorensen-family-1_896/index.html,2026-09-02T16:16:48.786255
1906,"Giant Days, Vol. 2 (Giant Days #5-8)",22.11,In stock,star-rating Two,https://books.toscrape.com/catalogue/giant-days-vol-2-giant-days-5-8_895/index.html,2026-09-02T16:16:48.853319
1907,Forever and Forever: The Courtship of Henry Longfellow and Fanny Appleton,29.69,In stock,star-rating Three,https://books.toscrape.com/catalogue/forever-and-forever-the-courtship-of-henry-longfellow-and-fanny-appleton_894/index.html,2026-09-02T16:16:48.915493
1908,First and First (Five Boroughs #3),15.97,In stock,star-rating Four,https://books.toscrape.com/catalogue/first-and-first-five-boroughs-3_893/index.html,2026-09-02T16:16:48.979434
1909,Fifty Shades Darker (Fifty Shades #2),21.96,In stock,star-rating One,https://books.toscrape.com/catalogue/fifty-shades-darker-fifty-shades-2_892/index.html,2026-09-02T16:16:49.054744
1910,Everydata: The Misinformation Hidden in the Little Data You Consume Every Day,54.35,In stock,star-rating Two,https://books.toscrape.com/catalogue/everydata-the-misinformation-hidden-in-the-little-data-you-consume-every-day_891/index.html,2026-09-02T16:16:49.125552
1911,"Don't Be a Jerk: And Other Practical Advice from Dogen, Japan's Greatest Zen Master",37.97,In stock,star-rating Two,https://books.toscrape.com/catalogue/dont-be-a-jerk-and-other-practical-advice-from-dogen-japans-greatest-zen-master_890/index.html,2026-09-02T16:16:49.196781
1912,Danganronpa Volume 1,51.99,In stock,star-rating Four,https://books.toscrape.com/catalogue/danganronpa-volume-1_889/index.html,2026-09-02T16:16:49.273393
1913,Crown of Midnight (Throne of Glass #2),43.29,In stock,star-rating Three,https://books.toscrape.com/catalogue/crown-of-midnight-throne-of-glass-2_888/index.html,2026-09-02T16:16:49.332196
1914,"Codename Baboushka, Volume 1: The Conclave of Death",36.72,In stock,star-rating Four,https://books.toscrape.com/catalogue/codename-baboushka-volume-1-the-conclave-of-death_887/index.html,2026-09-02T16:16:49.420975
1915,Camp Midnight,17.08,In stock,star-rating Four,https://books.toscrape.com/catalogue/camp-midnight_886/index.html,2026-09-02T16:16:49.484259
1916,Call the Nurse: True Stories of a Country Nurse on a Scottish Isle,29.14,In stock,star-rating Five,https://books.toscrape.com/catalogue/call-the-nurse-true-stories-of-a-country-nurse-on-a-scottish-isle_885/index.html,2026-09-02T16:16:49.580959
1917,Burning,28.81,In stock,star-rating Three,https://books.toscrape.com/catalogue/burning_884/index.html,2026-09-02T16:16:49.654846
1918,Bossypants,49.46,In stock,star-rating Two,https://books.toscrape.com/catalogue/bossypants_883/index.html,2026-09-02T16:16:49.725443
1919,"Bitch Planet, Vol. 1: Extraordinary Machine (Bitch Planet (Collected Editions))",37.92,In stock,star-rating Two,https://books.toscrape.com/catalogue/bitch-planet-vol-1-extraordinary-machine-bitch-planet-collected-editions_882/index.html,2026-09-02T16:16:49.795958
1920,"Avatar: The Last Airbender: Smoke and Shadow, Part 3 (Smoke and Shadow #3)",28.09,In stock,star-rating Two,https://books.toscrape.com/catalogue/avatar-the-last-airbender-smoke-and-shadow-part-3-smoke-and-shadow-3_881/index.html,2026-09-02T16:16:49.862770
1921,Algorithms to Live By: The Computer Science of Human Decisions,30.81,In stock,star-rating One,https://books.toscrape.com/catalogue/algorithms-to-live-by-the-computer-science-of-human-decisions_880/index.html,2026-09-02T16:16:55.842170
1922,A World of Flavor: Your Gluten Free Passport,42.95,In stock,star-rating One,https://books.toscrape.com/catalogue/a-world-of-flavor-your-gluten-free-passport_879/index.html,2026-09-02T16:16:55.936968
1923,"A Piece of Sky, a Grain of Rice: A Memoir in Four Meditations",56.76,In stock,star-rating Five,https://books.toscrape.com/catalogue/a-piece-of-sky-a-grain-of-rice-a-memoir-in-four-meditations_878/index.html,2026-09-02T16:16:56.005852
1924,A Murder in Time,16.64,In stock,star-rating One,https://books.toscrape.com/catalogue/a-murder-in-time_877/index.html,2026-09-02T16:16:56.080658
1925,A Flight of Arrows (The Pathfinders #2),55.53,In stock,star-rating Five,https://books.toscrape.com/catalogue/a-flight-of-arrows-the-pathfinders-2_876/index.html,2026-09-02T16:16:56.148861
1926,A Fierce and Subtle Poison,28.13,In stock,star-rating Four,https://books.toscrape.com/catalogue/a-fierce-and-subtle-poison_875/index.html,2026-09-02T16:16:56.257315
1927,A Court of Thorns and Roses (A Court of Thorns and Roses #1),52.37,In stock,star-rating One,https://books.toscrape.com/catalogue/a-court-of-thorns-and-roses-a-court-of-thorns-and-roses-1_874/index.html,2026-09-02T16:16:56.321793
1928,(Un)Qualified: How God Uses Broken People to Do Big Things,54.0,In stock,star-rating Five,https://books.toscrape.com/catalogue/unqualified-how-god-uses-broken-people-to-do-big-things_873/index.html,2026-09-02T16:16:56.386877
1929,You Are What You Love: The Spiritual Power of Habit,21.87,In stock,star-rating Four,https://books.toscrape.com/catalogue/you-are-what-you-love-the-spiritual-power-of-habit_872/index.html,2026-09-02T16:16:56.461413
1930,"William Shakespeare's Star Wars: Verily, A New Hope (William Shakespeare's Star Wars #4)",43.3,In stock,star-rating Four,https://books.toscrape.com/catalogue/william-shakespeares-star-wars-verily-a-new-hope-william-shakespeares-star-wars-4_871/index.html,2026-09-02T16:16:56.551304
1931,Tuesday Nights in 1980,21.04,In stock,star-rating Two,https://books.toscrape.com/catalogue/tuesday-nights-in-1980_870/index.html,2026-09-02T16:16:56.630435
1932,Tracing Numbers on a Train,41.6,In stock,star-rating Three,https://books.toscrape.com/catalogue/tracing-numbers-on-a-train_869/index.html,2026-09-02T16:16:56.697152
1933,Throne of Glass (Throne of Glass #1),35.07,In stock,star-rating Three,https://books.toscrape.com/catalogue/throne-of-glass-throne-of-glass-1_868/index.html,2026-09-02T16:16:56.767647
1934,Thomas Jefferson and the Tripoli Pirates: The Forgotten War That Changed American History,59.64,In stock,star-rating One,https://books.toscrape.com/catalogue/thomas-jefferson-and-the-tripoli-pirates-the-forgotten-war-that-changed-american-history_867/index.html,2026-09-02T16:16:56.842712
1935,Thirteen Reasons Why,52.72,In stock,star-rating One,https://books.toscrape.com/catalogue/thirteen-reasons-why_866/index.html,2026-09-02T16:16:56.912629
1936,The White Cat and the Monk: A Retelling of the Poem “Pangur Bán”,58.08,In stock,star-rating Four,https://books.toscrape.com/catalogue/the-white-cat-and-the-monk-a-retelling-of-the-poem-pangur-ban_865/index.html,2026-09-02T16:16:56.994249
1937,The Wedding Dress,24.12,In stock,star-rating One,https://books.toscrape.com/catalogue/the-wedding-dress_864/index.html,2026-09-02T16:16:57.101290
1938,The Vacationers,42.15,In stock,star-rating Four,https://books.toscrape.com/catalogue/the-vacationers_863/index.html,2026-09-02T16:16:57.179421
1939,The Third Wave: An Entrepreneur’s Vision of the Future,12.61,In stock,star-rating Five,https://books.toscrape.com/catalogue/the-third-wave-an-entrepreneurs-vision-of-the-future_862/index.html,2026-09-02T16:16:57.263466
1940,The Stranger,17.44,In stock,star-rating Four,https://books.toscrape.com/catalogue/the-stranger_861/index.html,2026-09-02T16:16:57.377893
1941,The Shadow Hero (The Shadow Hero),33.14,In stock,star-rating One,https://books.toscrape.com/catalogue/the-shadow-hero-the-shadow-hero_860/index.html,2026-09-02T16:17:01.951292
1942,The Secret (The Secret #1),27.37,In stock,star-rating Four,https://books.toscrape.com/catalogue/the-secret-the-secret-1_859/index.html,2026-09-02T16:17:02.067628
1943,The Regional Office Is Under Attack!,51.36,In stock,star-rating Five,https://books.toscrape.com/catalogue/the-regional-office-is-under-attack_858/index.html,2026-09-02T16:17:02.171465
1944,The Psychopath Test: A Journey Through the Madness Industry,36.0,In stock,star-rating Two,https://books.toscrape.com/catalogue/the-psychopath-test-a-journey-through-the-madness-industry_857/index.html,2026-09-02T16:17:02.248435
1945,The Project,10.65,In stock,star-rating One,https://books.toscrape.com/catalogue/the-project_856/index.html,2026-09-02T16:17:02.337505
1946,The Power of Now: A Guide to Spiritual Enlightenment,43.54,In stock,star-rating Two,https://books.toscrape.com/catalogue/the-power-of-now-a-guide-to-spiritual-enlightenment_855/index.html,2026-09-02T16:17:02.443431
1947,The Omnivore's Dilemma: A Natural History of Four Meals,38.21,In stock,star-rating Two,https://books.toscrape.com/catalogue/the-omnivores-dilemma-a-natural-history-of-four-meals_854/index.html,2026-09-02T16:17:02.523250
1948,The Nerdy Nummies Cookbook: Sweet Treats for the Geek in All of Us,37.34,In stock,star-rating Five,https://books.toscrape.com/catalogue/the-nerdy-nummies-cookbook-sweet-treats-for-the-geek-in-all-of-us_853/index.html,2026-09-02T16:17:02.594132
1949,The Murder of Roger Ackroyd (Hercule Poirot #4),44.1,In stock,star-rating Four,https://books.toscrape.com/catalogue/the-murder-of-roger-ackroyd-hercule-poirot-4_852/index.html,2026-09-02T16:17:02.655252
1950,The Mistake (Off-Campus #2),43.29,In stock,star-rating Three,https://books.toscrape.com/catalogue/the-mistake-off-campus-2_851/index.html,2026-09-02T16:17:02.717801
1951,The Matchmaker's Playbook (Wingmen Inc. #1),55.85,In stock,star-rating One,https://books.toscrape.com/catalogue/the-matchmakers-playbook-wingmen-inc-1_850/index.html,2026-09-02T16:17:02.794091
1952,The Love and Lemons Cookbook: An Apple-to-Zucchini Celebration of Impromptu Cooking,37.6,In stock,star-rating Two,https://books.toscrape.com/catalogue/the-love-and-lemons-cookbook-an-apple-to-zucchini-celebration-of-impromptu-cooking_849/index.html,2026-09-02T16:17:02.874837
1953,The Long Shadow of Small Ghosts: Murder and Memory in an American City,10.97,In stock,star-rating One,https://books.toscrape.com/catalogue/the-long-shadow-of-small-ghosts-murder-and-memory-in-an-american-city_848/index.html,2026-09-02T16:17:02.955583
1954,The Kite Runner,41.82,In stock,star-rating Four,https://books.toscrape.com/catalogue/the-kite-runner_847/index.html,2026-09-02T16:17:03.024764
1955,The House by the Lake,36.95,In stock,star-rating One,https://books.toscrape.com/catalogue/the-house-by-the-lake_846/index.html,2026-09-02T16:17:03.114089
1956,The Glittering Court (The Glittering Court #1),44.28,In stock,star-rating One,https://books.toscrape.com/catalogue/the-glittering-court-the-glittering-court-1_845/index.html,2026-09-02T16:17:03.242979
1957,The Girl on the Train,55.02,In stock,star-rating Two,https://books.toscrape.com/catalogue/the-girl-on-the-train_844/index.html,2026-09-02T16:17:03.309767
1958,The Genius of Birds,17.24,In stock,star-rating One,https://books.toscrape.com/catalogue/the-genius-of-birds_843/index.html,2026-09-02T16:17:03.373222
1959,The Emerald Mystery,23.15,In stock,star-rating Two,https://books.toscrape.com/catalogue/the-emerald-mystery_842/index.html,2026-09-02T16:17:03.435124
1960,The Cookies & Cups Cookbook: 125+ sweet & savory recipes reminding you to Always Eat Dessert First,41.25,In stock,star-rating One,https://books.toscrape.com/catalogue/the-cookies-cups-cookbook-125-sweet-savory-recipes-reminding-you-to-always-eat-dessert-first_841/index.html,2026-09-02T16:17:03.529679
1961,The Bridge to Consciousness: I'm Writing the Bridge Between Science and Our Old and New Beliefs.,32.0,In stock,star-rating Three,https://books.toscrape.com/catalogue/the-bridge-to-consciousness-im-writing-the-bridge-between-science-and-our-old-and-new-beliefs_840/index.html,2026-09-02T16:17:08.116483
1962,The Artist's Way: A Spiritual Path to Higher Creativity,38.49,In stock,star-rating Five,https://books.toscrape.com/catalogue/the-artists-way-a-spiritual-path-to-higher-creativity_839/index.html,2026-09-02T16:17:08.201821
1963,The Art of War,33.34,In stock,star-rating Five,https://books.toscrape.com/catalogue/the-art-of-war_838/index.html,2026-09-02T16:17:08.264059
1964,The Argonauts,10.93,In stock,star-rating Two,https://books.toscrape.com/catalogue/the-argonauts_837/index.html,2026-09-02T16:17:08.374705
1965,The 10% Entrepreneur: Live Your Startup Dream Without Quitting Your Day Job,27.55,In stock,star-rating Three,https://books.toscrape.com/catalogue/the-10-entrepreneur-live-your-startup-dream-without-quitting-your-day-job_836/index.html,2026-09-02T16:17:08.491570
1966,Suddenly in Love (Lake Haven #1),55.99,In stock,star-rating Two,https://books.toscrape.com/catalogue/suddenly-in-love-lake-haven-1_835/index.html,2026-09-02T16:17:08.626361
1967,Something More Than This,16.24,In stock,star-rating Four,https://books.toscrape.com/catalogue/something-more-than-this_834/index.html,2026-09-02T16:17:08.702237
1968,Soft Apocalypse,26.12,In stock,star-rating Two,https://books.toscrape.com/catalogue/soft-apocalypse_833/index.html,2026-09-02T16:17:08.774147
1969,So You've Been Publicly Shamed,12.23,In stock,star-rating Two,https://books.toscrape.com/catalogue/so-youve-been-publicly-shamed_832/index.html,2026-09-02T16:17:08.844009
1970,Shoe Dog: A Memoir by the Creator of NIKE,23.99,In stock,star-rating Two,https://books.toscrape.com/catalogue/shoe-dog-a-memoir-by-the-creator-of-nike_831/index.html,2026-09-02T16:17:08.911062
1971,"Shobu Samurai, Project Aryoku (#3)",29.06,In stock,star-rating Three,https://books.toscrape.com/catalogue/shobu-samurai-project-aryoku-3_830/index.html,2026-09-02T16:17:08.977286
1972,Secrets and Lace (Fatal Hearts #1),20.27,In stock,star-rating One,https://books.toscrape.com/catalogue/secrets-and-lace-fatal-hearts-1_829/index.html,2026-09-02T16:17:09.043957
1973,Scarlett Epstein Hates It Here,43.55,In stock,star-rating Five,https://books.toscrape.com/catalogue/scarlett-epstein-hates-it-here_828/index.html,2026-09-02T16:17:09.113966
1974,Romero and Juliet: A Tragic Tale of Love and Zombies,36.94,In stock,star-rating One,https://books.toscrape.com/catalogue/romero-and-juliet-a-tragic-tale-of-love-and-zombies_827/index.html,2026-09-02T16:17:09.200824
1975,Redeeming Love,20.47,In stock,star-rating Five,https://books.toscrape.com/catalogue/redeeming-love_826/index.html,2026-09-02T16:17:09.286088
1976,Poses for Artists Volume 1 - Dynamic and Sitting Poses: An Essential Reference for Figure Drawing and the Human Form,41.06,In stock,star-rating One,https://books.toscrape.com/catalogue/poses-for-artists-volume-1-dynamic-and-sitting-poses-an-essential-reference-for-figure-drawing-and-the-human-form_825/index.html,2026-09-02T16:17:09.365534
1977,Poems That Make Grown Women Cry,14.19,In stock,star-rating Four,https://books.toscrape.com/catalogue/poems-that-make-grown-women-cry_824/index.html,2026-09-02T16:17:09.439338
1978,"Nightingale, Sing",38.28,In stock,star-rating One,https://books.toscrape.com/catalogue/nightingale-sing_823/index.html,2026-09-02T16:17:09.498496
1979,Night Sky with Exit Wounds,41.05,In stock,star-rating One,https://books.toscrape.com/catalogue/night-sky-with-exit-wounds_822/index.html,2026-09-02T16:17:09.606167
1980,Mrs. Houdini,30.25,In stock,star-rating Five,https://books.toscrape.com/catalogue/mrs-houdini_821/index.html,2026-09-02T16:17:09.712085
1981,Modern Romance,28.26,In stock,star-rating Five,https://books.toscrape.com/catalogue/modern-romance_820/index.html,2026-09-02T16:17:13.400543
1982,Miss Peregrine’s Home for Peculiar Children (Miss Peregrine’s Peculiar Children #1),10.76,In stock,star-rating One,https://books.toscrape.com/catalogue/miss-peregrines-home-for-peculiar-children-miss-peregrines-peculiar-children-1_819/index.html,2026-09-02T16:17:13.514434
1983,Louisa: The Extraordinary Life of Mrs. Adams,16.85,In stock,star-rating Two,https://books.toscrape.com/catalogue/louisa-the-extraordinary-life-of-mrs-adams_818/index.html,2026-09-02T16:17:13.607979
1984,Little Red,13.47,In stock,star-rating Three,https://books.toscrape.com/catalogue/little-red_817/index.html,2026-09-02T16:17:13.710810
1985,Library of Souls (Miss Peregrine’s Peculiar Children #3),48.56,In stock,star-rating Five,https://books.toscrape.com/catalogue/library-of-souls-miss-peregrines-peculiar-children-3_816/index.html,2026-09-02T16:17:13.861023
1986,Large Print Heart of the Pride,19.15,In stock,star-rating Two,https://books.toscrape.com/catalogue/large-print-heart-of-the-pride_815/index.html,2026-09-02T16:17:13.978988
1987,I Had a Nice Time And Other Lies...: How to find love & sh*t like that,57.36,In stock,star-rating Four,https://books.toscrape.com/catalogue/i-had-a-nice-time-and-other-lies-how-to-find-love-sht-like-that_814/index.html,2026-09-02T16:17:14.047752
1988,Hollow City (Miss Peregrine’s Peculiar Children #2),42.98,In stock,star-rating One,https://books.toscrape.com/catalogue/hollow-city-miss-peregrines-peculiar-children-2_813/index.html,2026-09-02T16:17:14.189768
1989,Grumbles,22.16,In stock,star-rating Two,https://books.toscrape.com/catalogue/grumbles_812/index.html,2026-09-02T16:17:14.274545
1990,Full Moon over Noah’s Ark: An Odyssey to Mount Ararat and Beyond,49.43,In stock,star-rating Four,https://books.toscrape.com/catalogue/full-moon-over-noahs-ark-an-odyssey-to-mount-ararat-and-beyond_811/index.html,2026-09-02T16:17:14.357245
1991,Frostbite (Vampire Academy #2),29.99,In stock,star-rating Five,https://books.toscrape.com/catalogue/frostbite-vampire-academy-2_810/index.html,2026-09-02T16:17:14.425498
1992,Follow You Home,21.36,In stock,star-rating One,https://books.toscrape.com/catalogue/follow-you-home_809/index.html,2026-09-02T16:17:14.519864
1993,First Steps for New Christians (Print Edition),29.0,In stock,star-rating One,https://books.toscrape.com/catalogue/first-steps-for-new-christians-print-edition_808/index.html,2026-09-02T16:17:14.618107
1994,Finders Keepers (Bill Hodges Trilogy #2),53.53,In stock,star-rating Five,https://books.toscrape.com/catalogue/finders-keepers-bill-hodges-trilogy-2_807/index.html,2026-09-02T16:17:14.689300
1995,"Fables, Vol. 1: Legends in Exile (Fables #1)",41.62,In stock,star-rating Four,https://books.toscrape.com/catalogue/fables-vol-1-legends-in-exile-fables-1_806/index.html,2026-09-02T16:17:14.759141
1996,Eureka Trivia 6.0,54.59,In stock,star-rating Four,https://books.toscrape.com/catalogue/eureka-trivia-60_805/index.html,2026-09-02T16:17:14.821103
1997,Drive: The Surprising Truth About What Motivates Us,34.95,In stock,star-rating Four,https://books.toscrape.com/catalogue/drive-the-surprising-truth-about-what-motivates-us_804/index.html,2026-09-02T16:17:14.882453
1998,Done Rubbed Out (Reightman & Bailey #1),37.72,In stock,star-rating Five,https://books.toscrape.com/catalogue/done-rubbed-out-reightman-bailey-1_803/index.html,2026-09-02T16:17:14.947285
1999,Doing It Over (Most Likely To #1),35.61,In stock,star-rating Three,https://books.toscrape.com/catalogue/doing-it-over-most-likely-to-1_802/index.html,2026-09-02T16:17:15.030968
2000,"Deliciously Ella Every Day: Quick and Easy Recipes for Gluten-Free Snacks, Packed Lunches, and Simple Meals",42.16,In stock,star-rating Three,https://books.toscrape.com/catalogue/deliciously-ella-every-day-quick-and-easy-recipes-for-gluten-free-snacks-packed-lunches-and-simple-meals_801/index.html,2026-09-02T16:17:15.095741
2001,Dark Notes,19.19,In stock,star-rating Five,https://books.toscrape.com/catalogue/dark-notes_800/index.html,2026-09-02T16:17:18.897625
2002,"Daring Greatly: How the Courage to Be Vulnerable Transforms the Way We Live, Love, Parent, and Lead",19.43,In stock,star-rating Three,https://books.toscrape.com/catalogue/daring-greatly-how-the-courage-to-be-vulnerable-transforms-the-way-we-live-love-parent-and-lead_799/index.html,2026-09-02T16:17:18.963772
2003,Close to You,49.46,In stock,star-rating Four,https://books.toscrape.com/catalogue/close-to-you_798/index.html,2026-09-02T16:17:19.035325
2004,Chasing Heaven: What Dying Taught Me About Living,37.8,In stock,star-rating Two,https://books.toscrape.com/catalogue/chasing-heaven-what-dying-taught-me-about-living_797/index.html,2026-09-02T16:17:19.109244
2005,Big Magic: Creative Living Beyond Fear,30.8,In stock,star-rating Three,https://books.toscrape.com/catalogue/big-magic-creative-living-beyond-fear_796/index.html,2026-09-02T16:17:19.183027
2006,Becoming Wise: An Inquiry into the Mystery and Art of Living,27.43,In stock,star-rating Two,https://books.toscrape.com/catalogue/becoming-wise-an-inquiry-into-the-mystery-and-art-of-living_795/index.html,2026-09-02T16:17:19.254748
2007,Beauty Restored (Riley Family Legacy Novellas #3),11.11,In stock,star-rating Two,https://books.toscrape.com/catalogue/beauty-restored-riley-family-legacy-novellas-3_794/index.html,2026-09-02T16:17:19.321130
2008,Batman: The Long Halloween (Batman),36.5,In stock,star-rating Two,https://books.toscrape.com/catalogue/batman-the-long-halloween-batman_793/index.html,2026-09-02T16:17:19.393195
2009,Batman: The Dark Knight Returns (Batman),15.38,In stock,star-rating Five,https://books.toscrape.com/catalogue/batman-the-dark-knight-returns-batman_792/index.html,2026-09-02T16:17:19.461852
2010,Ayumi's Violin,15.48,In stock,star-rating Two,https://books.toscrape.com/catalogue/ayumis-violin_791/index.html,2026-09-02T16:17:19.582974
2011,Anonymous,46.82,In stock,star-rating Four,https://books.toscrape.com/catalogue/anonymous_790/index.html,2026-09-02T16:17:19.697704
2012,Amy Meets the Saints and Sages,18.46,In stock,star-rating Three,https://books.toscrape.com/catalogue/amy-meets-the-saints-and-sages_789/index.html,2026-09-02T16:17:19.838479
2013,Amid the Chaos,36.58,In stock,star-rating One,https://books.toscrape.com/catalogue/amid-the-chaos_788/index.html,2026-09-02T16:17:19.909380
2014,Amatus,50.54,In stock,star-rating Five,https://books.toscrape.com/catalogue/amatus_787/index.html,2026-09-02T16:17:19.983466
2015,Agnostic: A Spirited Manifesto,12.51,In stock,star-rating Five,https://books.toscrape.com/catalogue/agnostic-a-spirited-manifesto_786/index.html,2026-09-02T16:17:20.090324
2016,Zealot: The Life and Times of Jesus of Nazareth,24.7,In stock,star-rating Three,https://books.toscrape.com/catalogue/zealot-the-life-and-times-of-jesus-of-nazareth_785/index.html,2026-09-02T16:17:20.166928
2017,You (You #1),43.61,In stock,star-rating Five,https://books.toscrape.com/catalogue/you-you-1_784/index.html,2026-09-02T16:17:20.250061
2018,"Wonder Woman: Earth One, Volume One (Wonder Woman: Earth One #1)",37.34,In stock,star-rating Four,https://books.toscrape.com/catalogue/wonder-woman-earth-one-volume-one-wonder-woman-earth-one-1_783/index.html,2026-09-02T16:17:20.316879
2019,Wild Swans,14.36,In stock,star-rating Two,https://books.toscrape.com/catalogue/wild-swans_782/index.html,2026-09-02T16:17:20.392150
2020,Why the Right Went Wrong: Conservatism--From Goldwater to the Tea Party and Beyond,52.65,In stock,star-rating Four,https://books.toscrape.com/catalogue/why-the-right-went-wrong-conservatism-from-goldwater-to-the-tea-party-and-beyond_781/index.html,2026-09-02T16:17:20.461605
2021,Whole Lotta Creativity Going On: 60 Fun and Unusual Exercises to Awaken and Strengthen Your Creativity,38.2,In stock,star-rating Four,https://books.toscrape.com/catalogue/whole-lotta-creativity-going-on-60-fun-and-unusual-exercises-to-awaken-and-strengthen-your-creativity_780/index.html,2026-09-02T16:17:24.216624
2022,What's It Like in Space?: Stories from Astronauts Who've Been There,19.6,In stock,star-rating Two,https://books.toscrape.com/catalogue/whats-it-like-in-space-stories-from-astronauts-whove-been-there_779/index.html,2026-09-02T16:17:24.342903
2023,"We Are Robin, Vol. 1: The Vigilante Business (We Are Robin #1)",53.9,In stock,star-rating One,https://books.toscrape.com/catalogue/we-are-robin-vol-1-the-vigilante-business-we-are-robin-1_778/index.html,2026-09-02T16:17:24.460212
2024,Walt Disney's Alice in Wonderland,12.96,In stock,star-rating Five,https://books.toscrape.com/catalogue/walt-disneys-alice-in-wonderland_777/index.html,2026-09-02T16:17:24.533396
2025,V for Vendetta (V for Vendetta Complete),37.1,In stock,star-rating Four,https://books.toscrape.com/catalogue/v-for-vendetta-v-for-vendetta-complete_776/index.html,2026-09-02T16:17:24.612403
2026,Until Friday Night (The Field Party #1),46.31,In stock,star-rating Two,https://books.toscrape.com/catalogue/until-friday-night-the-field-party-1_775/index.html,2026-09-02T16:17:24.680323
2027,"Unbroken: A World War II Story of Survival, Resilience, and Redemption",45.95,In stock,star-rating Two,https://books.toscrape.com/catalogue/unbroken-a-world-war-ii-story-of-survival-resilience-and-redemption_774/index.html,2026-09-02T16:17:24.762994
2028,Twenty Yawns,22.08,In stock,star-rating Two,https://books.toscrape.com/catalogue/twenty-yawns_773/index.html,2026-09-02T16:17:24.834822
2029,Through the Woods,25.38,In stock,star-rating Two,https://books.toscrape.com/catalogue/through-the-woods_772/index.html,2026-09-02T16:17:24.951425
2030,This Is Where It Ends,27.12,In stock,star-rating Two,https://books.toscrape.com/catalogue/this-is-where-it-ends_771/index.html,2026-09-02T16:17:25.039165
2031,The Year of Magical Thinking,43.04,In stock,star-rating Two,https://books.toscrape.com/catalogue/the-year-of-magical-thinking_770/index.html,2026-09-02T16:17:25.107757
2032,The Wright Brothers,56.8,In stock,star-rating Four,https://books.toscrape.com/catalogue/the-wright-brothers_769/index.html,2026-09-02T16:17:25.170955
2033,The White Queen (The Cousins' War #1),25.91,In stock,star-rating Five,https://books.toscrape.com/catalogue/the-white-queen-the-cousins-war-1_768/index.html,2026-09-02T16:17:25.243614
2034,The Wedding Pact (The O'Malleys #2),32.61,In stock,star-rating Three,https://books.toscrape.com/catalogue/the-wedding-pact-the-omalleys-2_767/index.html,2026-09-02T16:17:25.318867
2035,The Time Keeper,27.88,In stock,star-rating Five,https://books.toscrape.com/catalogue/the-time-keeper_766/index.html,2026-09-02T16:17:25.393133
2036,The Testament of Mary,52.67,In stock,star-rating Four,https://books.toscrape.com/catalogue/the-testament-of-mary_765/index.html,2026-09-02T16:17:25.504614
2037,The Star-Touched Queen,46.02,In stock,star-rating Five,https://books.toscrape.com/catalogue/the-star-touched-queen_764/index.html,2026-09-02T16:17:25.578630
2038,The Songs of the Gods,44.48,In stock,star-rating Five,https://books.toscrape.com/catalogue/the-songs-of-the-gods_763/index.html,2026-09-02T16:17:25.658293
2039,The Song of Achilles,37.4,In stock,star-rating Five,https://books.toscrape.com/catalogue/the-song-of-achilles_762/index.html,2026-09-02T16:17:25.737112
2040,The Rosie Project (Don Tillman #1),54.04,In stock,star-rating One,https://books.toscrape.com/catalogue/the-rosie-project-don-tillman-1_761/index.html,2026-09-02T16:17:25.839599
2041,The Power of Habit: Why We Do What We Do in Life and Business,16.88,In stock,star-rating Three,https://books.toscrape.com/catalogue/the-power-of-habit-why-we-do-what-we-do-in-life-and-business_760/index.html,2026-09-02T16:17:30.369977
2042,The Marriage of Opposites,28.08,In stock,star-rating Four,https://books.toscrape.com/catalogue/the-marriage-of-opposites_759/index.html,2026-09-02T16:17:30.527431
2043,The Lucifer Effect: Understanding How Good People Turn Evil,10.4,In stock,star-rating One,https://books.toscrape.com/catalogue/the-lucifer-effect-understanding-how-good-people-turn-evil_758/index.html,2026-09-02T16:17:30.626883
2044,The Long Haul (Diary of a Wimpy Kid #9),44.07,In stock,star-rating One,https://books.toscrape.com/catalogue/the-long-haul-diary-of-a-wimpy-kid-9_757/index.html,2026-09-02T16:17:30.701804
2045,The Loney,23.4,In stock,star-rating One,https://books.toscrape.com/catalogue/the-loney_756/index.html,2026-09-02T16:17:30.774773
2046,The Literature Book (Big Ideas Simply Explained),17.43,In stock,star-rating Three,https://books.toscrape.com/catalogue/the-literature-book-big-ideas-simply-explained_755/index.html,2026-09-02T16:17:30.883530
2047,The Last Mile (Amos Decker #2),54.21,In stock,star-rating Two,https://books.toscrape.com/catalogue/the-last-mile-amos-decker-2_754/index.html,2026-09-02T16:17:31.000958
2048,The Immortal Life of Henrietta Lacks,40.67,In stock,star-rating Two,https://books.toscrape.com/catalogue/the-immortal-life-of-henrietta-lacks_753/index.html,2026-09-02T16:17:31.092938
2049,The Hidden Oracle (The Trials of Apollo #1),52.26,In stock,star-rating Two,https://books.toscrape.com/catalogue/the-hidden-oracle-the-trials-of-apollo-1_752/index.html,2026-09-02T16:17:31.226988
2050,The Help Yourself Cookbook for Kids: 60 Easy Plant-Based Recipes Kids Can Make to Stay Healthy and Save the Earth,28.77,In stock,star-rating Three,https://books.toscrape.com/catalogue/the-help-yourself-cookbook-for-kids-60-easy-plant-based-recipes-kids-can-make-to-stay-healthy-and-save-the-earth_751/index.html,2026-09-02T16:17:31.325040
2051,The Guilty (Will Robie #4),13.82,In stock,star-rating Two,https://books.toscrape.com/catalogue/the-guilty-will-robie-4_750/index.html,2026-09-02T16:17:31.403674
2052,The First Hostage (J.B. Collins #2),25.85,In stock,star-rating Three,https://books.toscrape.com/catalogue/the-first-hostage-jb-collins-2_749/index.html,2026-09-02T16:17:31.492478
2053,The Dovekeepers,48.78,In stock,star-rating One,https://books.toscrape.com/catalogue/the-dovekeepers_748/index.html,2026-09-02T16:17:31.561991
2054,The Darkest Lie,35.35,In stock,star-rating Five,https://books.toscrape.com/catalogue/the-darkest-lie_747/index.html,2026-09-02T16:17:31.625121
2055,The Bane Chronicles (The Bane Chronicles #1-11),44.73,In stock,star-rating Four,https://books.toscrape.com/catalogue/the-bane-chronicles-the-bane-chronicles-1-11_746/index.html,2026-09-02T16:17:31.699711
2056,The Bad-Ass Librarians of Timbuktu: And Their Race to Save the World’s Most Precious Manuscripts,15.77,In stock,star-rating One,https://books.toscrape.com/catalogue/the-bad-ass-librarians-of-timbuktu-and-their-race-to-save-the-worlds-most-precious-manuscripts_745/index.html,2026-09-02T16:17:31.827381
2057,The 14th Colony (Cotton Malone #11),39.24,In stock,star-rating One,https://books.toscrape.com/catalogue/the-14th-colony-cotton-malone-11_744/index.html,2026-09-02T16:17:31.930728
2058,That Darkness (Gardiner and Renner #1),13.92,In stock,star-rating One,https://books.toscrape.com/catalogue/that-darkness-gardiner-and-renner-1_743/index.html,2026-09-02T16:17:32.016978
2059,Tastes Like Fear (DI Marnie Rome #3),10.69,In stock,star-rating One,https://books.toscrape.com/catalogue/tastes-like-fear-di-marnie-rome-3_742/index.html,2026-09-02T16:17:32.099611
2060,Take Me with You,45.21,In stock,star-rating Three,https://books.toscrape.com/catalogue/take-me-with-you_741/index.html,2026-09-02T16:17:32.181630
2061,Swell: A Year of Waves,45.58,In stock,star-rating One,https://books.toscrape.com/catalogue/swell-a-year-of-waves_740/index.html,2026-09-02T16:17:35.922753
2062,Superman Vol. 1: Before Truth (Superman by Gene Luen Yang #1),11.89,In stock,star-rating Five,https://books.toscrape.com/catalogue/superman-vol-1-before-truth-superman-by-gene-luen-yang-1_739/index.html,2026-09-02T16:17:36.005722
2063,Still Life with Bread Crumbs,26.41,In stock,star-rating Three,https://books.toscrape.com/catalogue/still-life-with-bread-crumbs_738/index.html,2026-09-02T16:17:36.128043
2064,Steve Jobs,39.5,In stock,star-rating Five,https://books.toscrape.com/catalogue/steve-jobs_737/index.html,2026-09-02T16:17:36.234760
2065,Sorting the Beef from the Bull: The Science of Food Fraud Forensics,44.74,In stock,star-rating Four,https://books.toscrape.com/catalogue/sorting-the-beef-from-the-bull-the-science-of-food-fraud-forensics_736/index.html,2026-09-02T16:17:36.322246
2066,Someone Like You (The Harrisons #2),52.79,In stock,star-rating Five,https://books.toscrape.com/catalogue/someone-like-you-the-harrisons-2_735/index.html,2026-09-02T16:17:36.396522
2067,"So Cute It Hurts!!, Vol. 6 (So Cute It Hurts!! #6)",35.43,In stock,star-rating Four,https://books.toscrape.com/catalogue/so-cute-it-hurts-vol-6-so-cute-it-hurts-6_734/index.html,2026-09-02T16:17:36.466647
2068,Shtum,55.84,In stock,star-rating Four,https://books.toscrape.com/catalogue/shtum_733/index.html,2026-09-02T16:17:36.536288
2069,See America: A Celebration of Our National Parks & Treasured Sites,48.87,In stock,star-rating Three,https://books.toscrape.com/catalogue/see-america-a-celebration-of-our-national-parks-treasured-sites_732/index.html,2026-09-02T16:17:36.636554
2070,salt.,46.78,In stock,star-rating Four,https://books.toscrape.com/catalogue/salt_731/index.html,2026-09-02T16:17:36.705697
2071,Robin War,47.82,In stock,star-rating Three,https://books.toscrape.com/catalogue/robin-war_730/index.html,2026-09-02T16:17:36.775171
2072,"Red Hood/Arsenal, Vol. 1: Open for Business (Red Hood/Arsenal #1)",25.48,In stock,star-rating Two,https://books.toscrape.com/catalogue/red-hoodarsenal-vol-1-open-for-business-red-hoodarsenal-1_729/index.html,2026-09-02T16:17:36.848112
2073,Rain Fish,23.57,In stock,star-rating Three,https://books.toscrape.com/catalogue/rain-fish_728/index.html,2026-09-02T16:17:36.913216
2074,"Quarter Life Poetry: Poems for the Young, Broke and Hangry",50.89,In stock,star-rating Five,https://books.toscrape.com/catalogue/quarter-life-poetry-poems-for-the-young-broke-and-hangry_727/index.html,2026-09-02T16:17:37.008626
2075,Pet Sematary,10.56,In stock,star-rating Three,https://books.toscrape.com/catalogue/pet-sematary_726/index.html,2026-09-02T16:17:37.107751
2076,"Overload: How to Unplug, Unwind, and Unleash Yourself from the Pressure of Stress",52.15,In stock,star-rating Three,https://books.toscrape.com/catalogue/overload-how-to-unplug-unwind-and-unleash-yourself-from-the-pressure-of-stress_725/index.html,2026-09-02T16:17:37.208162
2077,Once Was a Time,18.28,In stock,star-rating Two,https://books.toscrape.com/catalogue/once-was-a-time_724/index.html,2026-09-02T16:17:37.311728
2078,Old School (Diary of a Wimpy Kid #10),11.83,In stock,star-rating Five,https://books.toscrape.com/catalogue/old-school-diary-of-a-wimpy-kid-10_723/index.html,2026-09-02T16:17:37.383244
2079,No Dream Is Too High: Life Lessons From a Man Who Walked on the Moon,21.95,In stock,star-rating Two,https://books.toscrape.com/catalogue/no-dream-is-too-high-life-lessons-from-a-man-who-walked-on-the-moon_722/index.html,2026-09-02T16:17:37.459657
2080,"Naruto (3-in-1 Edition), Vol. 14: Includes Vols. 40, 41 & 42 (Naruto: Omnibus #14)",38.39,In stock,star-rating Two,https://books.toscrape.com/catalogue/naruto-3-in-1-edition-vol-14-includes-vols-40-41-42-naruto-omnibus-14_721/index.html,2026-09-02T16:17:37.587331
2081,My Name Is Lucy Barton,41.56,In stock,star-rating One,https://books.toscrape.com/catalogue/my-name-is-lucy-barton_720/index.html,2026-09-02T16:17:40.935766
2082,My Mrs. Brown,24.48,In stock,star-rating Three,https://books.toscrape.com/catalogue/my-mrs-brown_719/index.html,2026-09-02T16:17:41.006122
2083,My Kind of Crazy,40.36,In stock,star-rating One,https://books.toscrape.com/catalogue/my-kind-of-crazy_718/index.html,2026-09-02T16:17:41.088192
2084,Mr. Mercedes (Bill Hodges Trilogy #1),28.9,In stock,star-rating One,https://books.toscrape.com/catalogue/mr-mercedes-bill-hodges-trilogy-1_717/index.html,2026-09-02T16:17:41.159750
2085,More Than Music (Chasing the Dream #1),37.61,In stock,star-rating Two,https://books.toscrape.com/catalogue/more-than-music-chasing-the-dream-1_716/index.html,2026-09-02T16:17:41.238220
2086,Made to Stick: Why Some Ideas Survive and Others Die,38.85,In stock,star-rating Five,https://books.toscrape.com/catalogue/made-to-stick-why-some-ideas-survive-and-others-die_715/index.html,2026-09-02T16:17:41.309666
2087,Luis Paints the World,53.95,In stock,star-rating Three,https://books.toscrape.com/catalogue/luis-paints-the-world_714/index.html,2026-09-02T16:17:41.454982
2088,Luckiest Girl Alive,49.83,In stock,star-rating Three,https://books.toscrape.com/catalogue/luckiest-girl-alive_713/index.html,2026-09-02T16:17:41.559238
2089,Lowriders to the Center of the Earth (Lowriders in Space #2),51.51,In stock,star-rating Two,https://books.toscrape.com/catalogue/lowriders-to-the-center-of-the-earth-lowriders-in-space-2_712/index.html,2026-09-02T16:17:41.686180
2090,Love Is a Mix Tape (Music #1),18.03,In stock,star-rating One,https://books.toscrape.com/catalogue/love-is-a-mix-tape-music-1_711/index.html,2026-09-02T16:17:41.795205
2091,Looking for Lovely: Collecting the Moments that Matter,29.14,In stock,star-rating Five,https://books.toscrape.com/catalogue/looking-for-lovely-collecting-the-moments-that-matter_710/index.html,2026-09-02T16:17:41.882724
2092,"Living Leadership by Insight: A Good Leader Achieves, a Great Leader Builds Monuments",46.91,In stock,star-rating Four,https://books.toscrape.com/catalogue/living-leadership-by-insight-a-good-leader-achieves-a-great-leader-builds-monuments_709/index.html,2026-09-02T16:17:41.962760
2093,Let It Out: A Journey Through Journaling,26.79,In stock,star-rating Five,https://books.toscrape.com/catalogue/let-it-out-a-journey-through-journaling_708/index.html,2026-09-02T16:17:42.035587
2094,Lady Midnight (The Dark Artifices #1),16.28,In stock,star-rating Five,https://books.toscrape.com/catalogue/lady-midnight-the-dark-artifices-1_707/index.html,2026-09-02T16:17:42.113538
2095,"It's All Easy: Healthy, Delicious Weeknight Meals in under 30 Minutes",19.55,In stock,star-rating One,https://books.toscrape.com/catalogue/its-all-easy-healthy-delicious-weeknight-meals-in-under-30-minutes_706/index.html,2026-09-02T16:17:42.181667
2096,Island of Dragons (Unwanteds #7),29.65,In stock,star-rating One,https://books.toscrape.com/catalogue/island-of-dragons-unwanteds-7_705/index.html,2026-09-02T16:17:42.250019
2097,I Know What I'm Doing -- and Other Lies I Tell Myself: Dispatches from a Life Under Construction,25.98,In stock,star-rating Four,https://books.toscrape.com/catalogue/i-know-what-im-doing-and-other-lies-i-tell-myself-dispatches-from-a-life-under-construction_704/index.html,2026-09-02T16:17:42.317932
2098,I Am Pilgrim (Pilgrim #1),10.6,In stock,star-rating Four,https://books.toscrape.com/catalogue/i-am-pilgrim-pilgrim-1_703/index.html,2026-09-02T16:17:42.385485
2099,"Hyperbole and a Half: Unfortunate Situations, Flawed Coping Mechanisms, Mayhem, and Other Things That Happened",14.75,In stock,star-rating Five,https://books.toscrape.com/catalogue/hyperbole-and-a-half-unfortunate-situations-flawed-coping-mechanisms-mayhem-and-other-things-that-happened_702/index.html,2026-09-02T16:17:42.453209
2100,"Hush, Hush (Hush, Hush #1)",47.02,In stock,star-rating Three,https://books.toscrape.com/catalogue/hush-hush-hush-hush-1_701/index.html,2026-09-02T16:17:42.525676
2101,Hold Your Breath (Search and Rescue #1),28.82,In stock,star-rating One,https://books.toscrape.com/catalogue/hold-your-breath-search-and-rescue-1_700/index.html,2026-09-02T16:17:46.916723
2102,Hamilton: The Revolution,58.79,In stock,star-rating Three,https://books.toscrape.com/catalogue/hamilton-the-revolution_699/index.html,2026-09-02T16:17:47.011358
2103,Greek Mythic History,10.23,In stock,star-rating Five,https://books.toscrape.com/catalogue/greek-mythic-history_698/index.html,2026-09-02T16:17:47.083720
2104,God: The Most Unpleasant Character in All Fiction,30.03,In stock,star-rating Five,https://books.toscrape.com/catalogue/god-the-most-unpleasant-character-in-all-fiction_697/index.html,2026-09-02T16:17:47.156730
2105,Glory over Everything: Beyond The Kitchen House,45.84,In stock,star-rating Three,https://books.toscrape.com/catalogue/glory-over-everything-beyond-the-kitchen-house_696/index.html,2026-09-02T16:17:47.244531
2106,Feathers: Displays of Brilliant Plumage,49.05,In stock,star-rating Three,https://books.toscrape.com/catalogue/feathers-displays-of-brilliant-plumage_695/index.html,2026-09-02T16:17:47.328669
2107,"Far & Away: Places on the Brink of Change: Seven Continents, Twenty-Five Years",15.06,In stock,star-rating Four,https://books.toscrape.com/catalogue/far-away-places-on-the-brink-of-change-seven-continents-twenty-five-years_694/index.html,2026-09-02T16:17:47.415693
2108,Every Last Word,46.47,In stock,star-rating Three,https://books.toscrape.com/catalogue/every-last-word_693/index.html,2026-09-02T16:17:47.520682
2109,Eligible (The Austen Project #4),27.09,In stock,star-rating Three,https://books.toscrape.com/catalogue/eligible-the-austen-project-4_692/index.html,2026-09-02T16:17:47.624271
2110,El Deafo,57.62,In stock,star-rating Five,https://books.toscrape.com/catalogue/el-deafo_691/index.html,2026-09-02T16:17:47.710153
2111,Eight Hundred Grapes,14.39,In stock,star-rating Four,https://books.toscrape.com/catalogue/eight-hundred-grapes_690/index.html,2026-09-02T16:17:47.779446
2112,"Eaternity: More than 150 Deliciously Easy Vegan Recipes for a Long, Healthy, Satisfied, Joyful Life",51.75,In stock,star-rating Five,https://books.toscrape.com/catalogue/eaternity-more-than-150-deliciously-easy-vegan-recipes-for-a-long-healthy-satisfied-joyful-life_689/index.html,2026-09-02T16:17:47.843481
2113,"Eat Fat, Get Thin",54.07,In stock,star-rating Two,https://books.toscrape.com/catalogue/eat-fat-get-thin_688/index.html,2026-09-02T16:17:47.912118
2114,Don't Get Caught,55.35,In stock,star-rating One,https://books.toscrape.com/catalogue/dont-get-caught_687/index.html,2026-09-02T16:17:47.984118
2115,Doctor Sleep (The Shining #2),40.12,In stock,star-rating Two,https://books.toscrape.com/catalogue/doctor-sleep-the-shining-2_686/index.html,2026-09-02T16:17:48.128699
2116,Demigods & Magicians: Percy and Annabeth Meet the Kanes (Percy Jackson & Kane Chronicles Crossover #1-3),37.51,In stock,star-rating Five,https://books.toscrape.com/catalogue/demigods-magicians-percy-and-annabeth-meet-the-kanes-percy-jackson-kane-chronicles-crossover-1-3_685/index.html,2026-09-02T16:17:48.206673
2117,Dear Mr. Knightley,11.21,In stock,star-rating Five,https://books.toscrape.com/catalogue/dear-mr-knightley_684/index.html,2026-09-02T16:17:48.330820
2118,Daily Fantasy Sports,36.58,In stock,star-rating One,https://books.toscrape.com/catalogue/daily-fantasy-sports_683/index.html,2026-09-02T16:17:48.416540
2119,Crazy Love: Overwhelmed by a Relentless God,47.72,In stock,star-rating Two,https://books.toscrape.com/catalogue/crazy-love-overwhelmed-by-a-relentless-god_682/index.html,2026-09-02T16:17:48.491354
2120,Cometh the Hour (The Clifton Chronicles #6),25.01,In stock,star-rating Three,https://books.toscrape.com/catalogue/cometh-the-hour-the-clifton-chronicles-6_681/index.html,2026-09-02T16:17:48.568569
2121,Code Name Verity (Code Name Verity #1),22.13,In stock,star-rating Four,https://books.toscrape.com/catalogue/code-name-verity-code-name-verity-1_680/index.html,2026-09-02T16:17:54.650470
2122,Clockwork Angel (The Infernal Devices #1),44.14,In stock,star-rating One,https://books.toscrape.com/catalogue/clockwork-angel-the-infernal-devices-1_679/index.html,2026-09-02T16:17:54.732360
2123,City of Glass (The Mortal Instruments #3),56.02,In stock,star-rating Four,https://books.toscrape.com/catalogue/city-of-glass-the-mortal-instruments-3_678/index.html,2026-09-02T16:17:54.801263
2124,City of Fallen Angels (The Mortal Instruments #4),11.23,In stock,star-rating Four,https://books.toscrape.com/catalogue/city-of-fallen-angels-the-mortal-instruments-4_677/index.html,2026-09-02T16:17:54.847115
2125,City of Bones (The Mortal Instruments #1),43.28,In stock,star-rating One,https://books.toscrape.com/catalogue/city-of-bones-the-mortal-instruments-1_676/index.html,2026-09-02T16:17:54.944827
2126,City of Ashes (The Mortal Instruments #2),47.27,In stock,star-rating One,https://books.toscrape.com/catalogue/city-of-ashes-the-mortal-instruments-2_675/index.html,2026-09-02T16:17:55.022633
2127,Cell,20.29,In stock,star-rating Four,https://books.toscrape.com/catalogue/cell_674/index.html,2026-09-02T16:17:55.088736
2128,Catching Jordan (Hundred Oaks),50.83,In stock,star-rating Three,https://books.toscrape.com/catalogue/catching-jordan-hundred-oaks_673/index.html,2026-09-02T16:17:55.154111
2129,"Carry On, Warrior: Thoughts on Life Unarmed",31.85,In stock,star-rating Three,https://books.toscrape.com/catalogue/carry-on-warrior-thoughts-on-life-unarmed_672/index.html,2026-09-02T16:17:55.223706
2130,Carrie,46.23,In stock,star-rating Two,https://books.toscrape.com/catalogue/carrie_671/index.html,2026-09-02T16:17:55.322627
2131,Buying In: The Secret Dialogue Between What We Buy and Who We Are,37.8,In stock,star-rating Four,https://books.toscrape.com/catalogue/buying-in-the-secret-dialogue-between-what-we-buy-and-who-we-are_670/index.html,2026-09-02T16:17:55.421069
2132,Brain on Fire: My Month of Madness,49.32,In stock,star-rating Five,https://books.toscrape.com/catalogue/brain-on-fire-my-month-of-madness_669/index.html,2026-09-02T16:17:55.498918
2133,Batman: Europa,32.01,In stock,star-rating Two,https://books.toscrape.com/catalogue/batman-europa_668/index.html,2026-09-02T16:17:55.573909
2134,Barefoot Contessa Back to Basics,28.01,In stock,star-rating One,https://books.toscrape.com/catalogue/barefoot-contessa-back-to-basics_667/index.html,2026-09-02T16:17:55.664137
2135,Barefoot Contessa at Home: Everyday Recipes You'll Make Over and Over Again,50.62,In stock,star-rating Five,https://books.toscrape.com/catalogue/barefoot-contessa-at-home-everyday-recipes-youll-make-over-and-over-again_666/index.html,2026-09-02T16:17:55.762883
2136,Balloon Animals,17.03,In stock,star-rating Three,https://books.toscrape.com/catalogue/balloon-animals_665/index.html,2026-09-02T16:17:55.859354
2137,Art Ops Vol. 1,48.8,In stock,star-rating Three,https://books.toscrape.com/catalogue/art-ops-vol-1_664/index.html,2026-09-02T16:17:55.929385
2138,Aristotle and Dante Discover the Secrets of the Universe (Aristotle and Dante Discover the Secrets of the Universe #1),58.14,In stock,star-rating Four,https://books.toscrape.com/catalogue/aristotle-and-dante-discover-the-secrets-of-the-universe-aristotle-and-dante-discover-the-secrets-of-the-universe-1_663/index.html,2026-09-02T16:17:55.994174
2139,Angels Walking (Angels Walking #1),34.2,In stock,star-rating Two,https://books.toscrape.com/catalogue/angels-walking-angels-walking-1_662/index.html,2026-09-02T16:17:56.038944
2140,Angels & Demons (Robert Langdon #1),51.48,In stock,star-rating Three,https://books.toscrape.com/catalogue/angels-demons-robert-langdon-1_661/index.html,2026-09-02T16:17:56.111708
2141,All the Light We Cannot See,29.87,In stock,star-rating Five,https://books.toscrape.com/catalogue/all-the-light-we-cannot-see_660/index.html,2026-09-02T16:18:00.835069
2142,"Adulthood Is a Myth: A ""Sarah's Scribbles"" Collection",10.9,In stock,star-rating Two,https://books.toscrape.com/catalogue/adulthood-is-a-myth-a-sarahs-scribbles-collection_659/index.html,2026-09-02T16:18:00.904487
2143,Abstract City,56.37,In stock,star-rating Five,https://books.toscrape.com/catalogue/abstract-city_658/index.html,2026-09-02T16:18:00.970358
2144,A Time of Torment (Charlie Parker #14),48.35,In stock,star-rating Five,https://books.toscrape.com/catalogue/a-time-of-torment-charlie-parker-14_657/index.html,2026-09-02T16:18:01.058551
2145,A Study in Scarlet (Sherlock Holmes #1),16.73,In stock,star-rating Two,https://books.toscrape.com/catalogue/a-study-in-scarlet-sherlock-holmes-1_656/index.html,2026-09-02T16:18:01.120933
2146,"A Series of Catastrophes and Miracles: A True Story of Love, Science, and Cancer",56.48,In stock,star-rating Two,https://books.toscrape.com/catalogue/a-series-of-catastrophes-and-miracles-a-true-story-of-love-science-and-cancer_655/index.html,2026-09-02T16:18:01.176465
2147,A People's History of the United States,40.79,In stock,star-rating Two,https://books.toscrape.com/catalogue/a-peoples-history-of-the-united-states_654/index.html,2026-09-02T16:18:01.247011
2148,A Man Called Ove,39.72,In stock,star-rating One,https://books.toscrape.com/catalogue/a-man-called-ove_653/index.html,2026-09-02T16:18:01.354084
2149,A Distant Mirror: The Calamitous 14th Century,14.58,In stock,star-rating Three,https://books.toscrape.com/catalogue/a-distant-mirror-the-calamitous-14th-century_652/index.html,2026-09-02T16:18:01.435754
2150,A Brush of Wings (Angels Walking #3),55.51,In stock,star-rating One,https://books.toscrape.com/catalogue/a-brush-of-wings-angels-walking-3_651/index.html,2026-09-02T16:18:01.508273
2151,1491: New Revelations of the Americas Before Columbus,21.8,In stock,star-rating Three,https://books.toscrape.com/catalogue/1491-new-revelations-of-the-americas-before-columbus_650/index.html,2026-09-02T16:18:01.553427
2152,"The Three Searches, Meaning, and the Story",13.33,In stock,star-rating Three,https://books.toscrape.com/catalogue/the-three-searches-meaning-and-the-story_649/index.html,2026-09-02T16:18:01.650697
2153,Searching for Meaning in Gailana,38.73,In stock,star-rating One,https://books.toscrape.com/catalogue/searching-for-meaning-in-gailana_648/index.html,2026-09-02T16:18:01.716814
2154,Rook,37.86,In stock,star-rating Four,https://books.toscrape.com/catalogue/rook_647/index.html,2026-09-02T16:18:01.816977
2155,My Kitchen Year: 136 Recipes That Saved My Life,11.53,In stock,star-rating Two,https://books.toscrape.com/catalogue/my-kitchen-year-136-recipes-that-saved-my-life_646/index.html,2026-09-02T16:18:01.911451
2156,13 Hours: The Inside Account of What Really Happened In Benghazi,27.06,In stock,star-rating One,https://books.toscrape.com/catalogue/13-hours-the-inside-account-of-what-really-happened-in-benghazi_645/index.html,2026-09-02T16:18:02.015886
2157,Will You Won't You Want Me?,13.86,In stock,star-rating Three,https://books.toscrape.com/catalogue/will-you-wont-you-want-me_644/index.html,2026-09-02T16:18:02.091852
2158,Tipping Point for Planet Earth: How Close Are We to the Edge?,37.55,In stock,star-rating One,https://books.toscrape.com/catalogue/tipping-point-for-planet-earth-how-close-are-we-to-the-edge_643/index.html,2026-09-02T16:18:02.170310
2159,The Star-Touched Queen,32.3,In stock,star-rating Five,https://books.toscrape.com/catalogue/the-star-touched-queen_642/index.html,2026-09-02T16:18:02.262582
2160,The Silent Sister (Riley MacPherson #1),46.29,In stock,star-rating Five,https://books.toscrape.com/catalogue/the-silent-sister-riley-macpherson-1_641/index.html,2026-09-02T16:18:02.330296
2161,The Midnight Watch: A Novel of the Titanic and the Californian,26.2,In stock,star-rating One,https://books.toscrape.com/catalogue/the-midnight-watch-a-novel-of-the-titanic-and-the-californian_640/index.html,2026-09-02T16:18:06.403314
2162,The Lonely City: Adventures in the Art of Being Alone,33.26,In stock,star-rating Two,https://books.toscrape.com/catalogue/the-lonely-city-adventures-in-the-art-of-being-alone_639/index.html,2026-09-02T16:18:06.519162
2163,The Gray Rhino: How to Recognize and Act on the Obvious Dangers We Ignore,59.15,In stock,star-rating Four,https://books.toscrape.com/catalogue/the-gray-rhino-how-to-recognize-and-act-on-the-obvious-dangers-we-ignore_638/index.html,2026-09-02T16:18:06.627796
2164,The Golden Condom: And Other Essays on Love Lost and Found,39.43,In stock,star-rating One,https://books.toscrape.com/catalogue/the-golden-condom-and-other-essays-on-love-lost-and-found_637/index.html,2026-09-02T16:18:06.774423
2165,The Epidemic (The Program 0.6),14.44,In stock,star-rating Five,https://books.toscrape.com/catalogue/the-epidemic-the-program-06_636/index.html,2026-09-02T16:18:06.928586
2166,The Dinner Party,56.54,In stock,star-rating Two,https://books.toscrape.com/catalogue/the-dinner-party_635/index.html,2026-09-02T16:18:07.083455
2167,The Diary of a Young Girl,59.9,In stock,star-rating Three,https://books.toscrape.com/catalogue/the-diary-of-a-young-girl_634/index.html,2026-09-02T16:18:07.204844
2168,The Children,11.88,In stock,star-rating Three,https://books.toscrape.com/catalogue/the-children_633/index.html,2026-09-02T16:18:07.282072
2169,Stars Above (The Lunar Chronicles #4.5),48.05,In stock,star-rating Two,https://books.toscrape.com/catalogue/stars-above-the-lunar-chronicles-45_632/index.html,2026-09-02T16:18:07.354349
2170,Snatched: How A Drug Queen Went Undercover for the DEA and Was Kidnapped By Colombian Guerillas,21.21,In stock,star-rating Three,https://books.toscrape.com/catalogue/snatched-how-a-drug-queen-went-undercover-for-the-dea-and-was-kidnapped-by-colombian-guerillas_631/index.html,2026-09-02T16:18:07.419539
2171,Raspberry Pi Electronics Projects for the Evil Genius,49.67,In stock,star-rating Four,https://books.toscrape.com/catalogue/raspberry-pi-electronics-projects-for-the-evil-genius_630/index.html,2026-09-02T16:18:07.486603
2172,Quench Your Own Thirst: Business Lessons Learned Over a Beer or Two,43.14,In stock,star-rating One,https://books.toscrape.com/catalogue/quench-your-own-thirst-business-lessons-learned-over-a-beer-or-two_629/index.html,2026-09-02T16:18:07.563118
2173,Psycho: Sanitarium (Psycho #1.5),36.97,In stock,star-rating Five,https://books.toscrape.com/catalogue/psycho-sanitarium-psycho-15_628/index.html,2026-09-02T16:18:07.649281
2174,Poisonous (Max Revere Novels #3),26.8,In stock,star-rating Three,https://books.toscrape.com/catalogue/poisonous-max-revere-novels-3_627/index.html,2026-09-02T16:18:07.720516
2175,One with You (Crossfire #5),15.71,In stock,star-rating Four,https://books.toscrape.com/catalogue/one-with-you-crossfire-5_626/index.html,2026-09-02T16:18:07.829972
2176,No Love Allowed (Dodge Cove #1),54.65,In stock,star-rating Four,https://books.toscrape.com/catalogue/no-love-allowed-dodge-cove-1_625/index.html,2026-09-02T16:18:07.925804
2177,Murder at the 42nd Street Library (Raymond Ambler #1),54.36,In stock,star-rating Four,https://books.toscrape.com/catalogue/murder-at-the-42nd-street-library-raymond-ambler-1_624/index.html,2026-09-02T16:18:08.014679
2178,Most Wanted,35.28,In stock,star-rating Three,https://books.toscrape.com/catalogue/most-wanted_623/index.html,2026-09-02T16:18:08.110879
2179,"Love, Lies and Spies",20.55,In stock,star-rating Two,https://books.toscrape.com/catalogue/love-lies-and-spies_622/index.html,2026-09-02T16:18:08.189706
2180,How to Speak Golf: An Illustrated Guide to Links Lingo,58.32,In stock,star-rating Five,https://books.toscrape.com/catalogue/how-to-speak-golf-an-illustrated-guide-to-links-lingo_621/index.html,2026-09-02T16:18:08.265259
2181,Hide Away (Eve Duncan #20),11.84,In stock,star-rating One,https://books.toscrape.com/catalogue/hide-away-eve-duncan-20_620/index.html,2026-09-02T16:18:11.953477
2182,Furiously Happy: A Funny Book About Horrible Things,41.46,In stock,star-rating Four,https://books.toscrape.com/catalogue/furiously-happy-a-funny-book-about-horrible-things_619/index.html,2026-09-02T16:18:12.029297
2183,Everyday Italian: 125 Simple and Delicious Recipes,20.1,In stock,star-rating Five,https://books.toscrape.com/catalogue/everyday-italian-125-simple-and-delicious-recipes_618/index.html,2026-09-02T16:18:12.094231
2184,Equal Is Unfair: America's Misguided Fight Against Income Inequality,56.86,In stock,star-rating One,https://books.toscrape.com/catalogue/equal-is-unfair-americas-misguided-fight-against-income-inequality_617/index.html,2026-09-02T16:18:12.167267
2185,Eleanor & Park,56.51,In stock,star-rating Five,https://books.toscrape.com/catalogue/eleanor-park_616/index.html,2026-09-02T16:18:12.226599
2186,Dirty (Dive Bar #1),40.83,In stock,star-rating Four,https://books.toscrape.com/catalogue/dirty-dive-bar-1_615/index.html,2026-09-02T16:18:12.309331
2187,Can You Keep a Secret? (Fear Street Relaunch #4),48.64,In stock,star-rating One,https://books.toscrape.com/catalogue/can-you-keep-a-secret-fear-street-relaunch-4_614/index.html,2026-09-02T16:18:12.376455
2188,Boar Island (Anna Pigeon #19),59.48,In stock,star-rating Three,https://books.toscrape.com/catalogue/boar-island-anna-pigeon-19_613/index.html,2026-09-02T16:18:12.439395
2189,A Paris Apartment,39.01,In stock,star-rating Four,https://books.toscrape.com/catalogue/a-paris-apartment_612/index.html,2026-09-02T16:18:12.518664
2190,"A la Mode: 120 Recipes in 60 Pairings: Pies, Tarts, Cakes, Crisps, and More Topped with Ice Cream, Gelato, Frozen Custard, and More",38.77,In stock,star-rating One,https://books.toscrape.com/catalogue/a-la-mode-120-recipes-in-60-pairings-pies-tarts-cakes-crisps-and-more-topped-with-ice-cream-gelato-frozen-custard-and-more_611/index.html,2026-09-02T16:18:12.591150
2191,Troublemaker: Surviving Hollywood and Scientology,48.39,In stock,star-rating Two,https://books.toscrape.com/catalogue/troublemaker-surviving-hollywood-and-scientology_610/index.html,2026-09-02T16:18:12.649391
2192,The Widow,27.26,In stock,star-rating Two,https://books.toscrape.com/catalogue/the-widow_609/index.html,2026-09-02T16:18:12.721688
2193,"The Sleep Revolution: Transforming Your Life, One Night at a Time",11.68,In stock,star-rating Four,https://books.toscrape.com/catalogue/the-sleep-revolution-transforming-your-life-one-night-at-a-time_608/index.html,2026-09-02T16:18:12.811530
2194,The Improbability of Love,59.45,In stock,star-rating One,https://books.toscrape.com/catalogue/the-improbability-of-love_607/index.html,2026-09-02T16:18:12.874091
2195,The Art of Startup Fundraising,21.0,In stock,star-rating Three,https://books.toscrape.com/catalogue/the-art-of-startup-fundraising_606/index.html,2026-09-02T16:18:12.934448
2196,Take Me Home Tonight (Rock Star Romance #3),53.98,In stock,star-rating Three,https://books.toscrape.com/catalogue/take-me-home-tonight-rock-star-romance-3_605/index.html,2026-09-02T16:18:13.011913
2197,Sleeping Giants (Themis Files #1),48.74,In stock,star-rating One,https://books.toscrape.com/catalogue/sleeping-giants-themis-files-1_604/index.html,2026-09-02T16:18:13.072411
2198,"Setting the World on Fire: The Brief, Astonishing Life of St. Catherine of Siena",21.15,In stock,star-rating Two,https://books.toscrape.com/catalogue/setting-the-world-on-fire-the-brief-astonishing-life-of-st-catherine-of-siena_603/index.html,2026-09-02T16:18:13.133685
2199,Playing with Fire,13.71,In stock,star-rating Three,https://books.toscrape.com/catalogue/playing-with-fire_602/index.html,2026-09-02T16:18:13.223972
2200,Off the Hook (Fishing for Trouble #1),47.67,In stock,star-rating Three,https://books.toscrape.com/catalogue/off-the-hook-fishing-for-trouble-1_601/index.html,2026-09-02T16:18:13.324677
2201,Mothering Sunday,13.34,In stock,star-rating Two,https://books.toscrape.com/catalogue/mothering-sunday_600/index.html,2026-09-02T16:18:16.370259
2202,"Mother, Can You Not?",16.89,In stock,star-rating Five,https://books.toscrape.com/catalogue/mother-can-you-not_599/index.html,2026-09-02T16:18:16.459537
2203,M Train,27.18,In stock,star-rating One,https://books.toscrape.com/catalogue/m-train_598/index.html,2026-09-02T16:18:16.533779
2204,Lilac Girls,17.28,In stock,star-rating Two,https://books.toscrape.com/catalogue/lilac-girls_597/index.html,2026-09-02T16:18:16.645078
2205,Lies and Other Acts of Love,45.14,In stock,star-rating One,https://books.toscrape.com/catalogue/lies-and-other-acts-of-love_596/index.html,2026-09-02T16:18:16.712150
2206,Lab Girl,40.85,In stock,star-rating One,https://books.toscrape.com/catalogue/lab-girl_595/index.html,2026-09-02T16:18:16.780937
2207,Keep Me Posted,20.46,In stock,star-rating Four,https://books.toscrape.com/catalogue/keep-me-posted_594/index.html,2026-09-02T16:18:16.863227
2208,It Didn't Start with You: How Inherited Family Trauma Shapes Who We Are and How to End the Cycle,56.27,In stock,star-rating Three,https://books.toscrape.com/catalogue/it-didnt-start-with-you-how-inherited-family-trauma-shapes-who-we-are-and-how-to-end-the-cycle_593/index.html,2026-09-02T16:18:16.926815
2209,Grey (Fifty Shades #4),48.49,In stock,star-rating Four,https://books.toscrape.com/catalogue/grey-fifty-shades-4_592/index.html,2026-09-02T16:18:16.975522
2210,"Exit, Pursued by a Bear",51.34,In stock,star-rating Four,https://books.toscrape.com/catalogue/exit-pursued-by-a-bear_591/index.html,2026-09-02T16:18:17.044732
2211,Daredevils,16.34,In stock,star-rating Three,https://books.toscrape.com/catalogue/daredevils_590/index.html,2026-09-02T16:18:17.113910
2212,Cravings: Recipes for What You Want to Eat,20.5,In stock,star-rating Three,https://books.toscrape.com/catalogue/cravings-recipes-for-what-you-want-to-eat_589/index.html,2026-09-02T16:18:17.182775
2213,Born for This: How to Find the Work You Were Meant to Do,21.59,In stock,star-rating Five,https://books.toscrape.com/catalogue/born-for-this-how-to-find-the-work-you-were-meant-to-do_588/index.html,2026-09-02T16:18:17.250303
2214,Arena,21.36,In stock,star-rating Four,https://books.toscrape.com/catalogue/arena_587/index.html,2026-09-02T16:18:17.314309
2215,Adultery,20.88,In stock,star-rating Five,https://books.toscrape.com/catalogue/adultery_586/index.html,2026-09-02T16:18:17.381493
2216,A Mother's Reckoning: Living in the Aftermath of Tragedy,19.53,In stock,star-rating Three,https://books.toscrape.com/catalogue/a-mothers-reckoning-living-in-the-aftermath-of-tragedy_585/index.html,2026-09-02T16:18:17.451615
2217,A Gentleman's Position (Society of Gentlemen #3),14.75,In stock,star-rating Five,https://books.toscrape.com/catalogue/a-gentlemans-position-society-of-gentlemen-3_584/index.html,2026-09-02T16:18:17.527733
2218,11/22/63,48.48,In stock,star-rating Three,https://books.toscrape.com/catalogue/112263_583/index.html,2026-09-02T16:18:17.596157
2219,"10% Happier: How I Tamed the Voice in My Head, Reduced Stress Without Losing My Edge, and Found Self-Help That Actually Works",24.57,In stock,star-rating Two,https://books.toscrape.com/catalogue/10-happier-how-i-tamed-the-voice-in-my-head-reduced-stress-without-losing-my-edge-and-found-self-help-that-actually-works_582/index.html,2026-09-02T16:18:17.695996
2220,10-Day Green Smoothie Cleanse: Lose Up to 15 Pounds in 10 Days!,49.71,In stock,star-rating Five,https://books.toscrape.com/catalogue/10-day-green-smoothie-cleanse-lose-up-to-15-pounds-in-10-days_581/index.html,2026-09-02T16:18:17.764831
2221,Without Shame,48.27,In stock,star-rating Five,https://books.toscrape.com/catalogue/without-shame_580/index.html,2026-09-02T16:18:21.115326
2222,Watchmen,58.05,In stock,star-rating Four,https://books.toscrape.com/catalogue/watchmen_579/index.html,2026-09-02T16:18:21.213743
2223,Unlimited Intuition Now,58.87,In stock,star-rating Four,https://books.toscrape.com/catalogue/unlimited-intuition-now_578/index.html,2026-09-02T16:18:21.288386
2224,Underlying Notes,11.82,In stock,star-rating Two,https://books.toscrape.com/catalogue/underlying-notes_577/index.html,2026-09-02T16:18:21.361536
2225,The Shack,28.03,In stock,star-rating One,https://books.toscrape.com/catalogue/the-shack_576/index.html,2026-09-02T16:18:21.426126
2226,The New Brand You: Your New Image Makes the Sale for You,44.05,In stock,star-rating Five,https://books.toscrape.com/catalogue/the-new-brand-you-your-new-image-makes-the-sale-for-you_575/index.html,2026-09-02T16:18:21.466851
2227,"The Moosewood Cookbook: Recipes from Moosewood Restaurant, Ithaca, New York",12.34,In stock,star-rating Four,https://books.toscrape.com/catalogue/the-moosewood-cookbook-recipes-from-moosewood-restaurant-ithaca-new-york_574/index.html,2026-09-02T16:18:21.560704
2228,The Flowers Lied,16.68,In stock,star-rating Two,https://books.toscrape.com/catalogue/the-flowers-lied_573/index.html,2026-09-02T16:18:21.630457
2229,"The Fabric of the Cosmos: Space, Time, and the Texture of Reality",55.91,In stock,star-rating One,https://books.toscrape.com/catalogue/the-fabric-of-the-cosmos-space-time-and-the-texture-of-reality_572/index.html,2026-09-02T16:18:21.697671
2230,The Book of Mormon,24.57,In stock,star-rating Three,https://books.toscrape.com/catalogue/the-book-of-mormon_571/index.html,2026-09-02T16:18:21.767920
2231,The Art and Science of Low Carbohydrate Living,52.98,In stock,star-rating Five,https://books.toscrape.com/catalogue/the-art-and-science-of-low-carbohydrate-living_570/index.html,2026-09-02T16:18:21.859238
2232,The Alien Club,54.4,In stock,star-rating One,https://books.toscrape.com/catalogue/the-alien-club_569/index.html,2026-09-02T16:18:21.953122
2233,Suzie Snowflake: One beautiful flake (a self-esteem story),54.81,In stock,star-rating Five,https://books.toscrape.com/catalogue/suzie-snowflake-one-beautiful-flake-a-self-esteem-story_568/index.html,2026-09-02T16:18:22.028947
2234,Nap-a-Roo,25.08,In stock,star-rating One,https://books.toscrape.com/catalogue/nap-a-roo_567/index.html,2026-09-02T16:18:22.092855
2235,"NaNo What Now? Finding your editing process, revising your NaNoWriMo book and building a writing career through publishing and beyond",10.41,In stock,star-rating Four,https://books.toscrape.com/catalogue/nano-what-now-finding-your-editing-process-revising-your-nanowrimo-book-and-building-a-writing-career-through-publishing-and-beyond_566/index.html,2026-09-02T16:18:22.156587
2236,Modern Day Fables,47.44,In stock,star-rating Two,https://books.toscrape.com/catalogue/modern-day-fables_565/index.html,2026-09-02T16:18:22.225810
2237,If I Gave You God's Phone Number....: Searching for Spirituality in America,20.91,In stock,star-rating One,https://books.toscrape.com/catalogue/if-i-gave-you-gods-phone-number-searching-for-spirituality-in-america_564/index.html,2026-09-02T16:18:22.297855
2238,"Fruits Basket, Vol. 9 (Fruits Basket #9)",33.95,In stock,star-rating Four,https://books.toscrape.com/catalogue/fruits-basket-vol-9-fruits-basket-9_563/index.html,2026-09-02T16:18:22.365250
2239,Dress Your Family in Corduroy and Denim,43.68,In stock,star-rating Three,https://books.toscrape.com/catalogue/dress-your-family-in-corduroy-and-denim_562/index.html,2026-09-02T16:18:22.427456
2240,Don't Forget Steven,33.23,In stock,star-rating One,https://books.toscrape.com/catalogue/dont-forget-steven_561/index.html,2026-09-02T16:18:22.492369
2241,Chernobyl 01:23:40: The Incredible True Story of the World's Worst Nuclear Disaster,35.92,In stock,star-rating Two,https://books.toscrape.com/catalogue/chernobyl-012340-the-incredible-true-story-of-the-worlds-worst-nuclear-disaster_560/index.html,2026-09-02T16:18:25.869774
2242,Art and Fear: Observations on the Perils (and Rewards) of Artmaking,48.63,In stock,star-rating Four,https://books.toscrape.com/catalogue/art-and-fear-observations-on-the-perils-and-rewards-of-artmaking_559/index.html,2026-09-02T16:18:25.950437
2243,A Shard of Ice (The Black Symphony Saga #1),56.63,In stock,star-rating Three,https://books.toscrape.com/catalogue/a-shard-of-ice-the-black-symphony-saga-1_558/index.html,2026-09-02T16:18:26.107613
2244,A Hero's Curse (The Unseen Chronicles #1),50.49,In stock,star-rating Three,https://books.toscrape.com/catalogue/a-heros-curse-the-unseen-chronicles-1_557/index.html,2026-09-02T16:18:26.184136
2245,23 Degrees South: A Tropical Tale of Changing Whether...,35.79,In stock,star-rating Two,https://books.toscrape.com/catalogue/23-degrees-south-a-tropical-tale-of-changing-whether_556/index.html,2026-09-02T16:18:26.284773
2246,"Zero to One: Notes on Startups, or How to Build the Future",34.06,In stock,star-rating Three,https://books.toscrape.com/catalogue/zero-to-one-notes-on-startups-or-how-to-build-the-future_555/index.html,2026-09-02T16:18:26.353553
2247,Why Not Me?,17.76,In stock,star-rating One,https://books.toscrape.com/catalogue/why-not-me_554/index.html,2026-09-02T16:18:26.413219
2248,When Breath Becomes Air,39.36,In stock,star-rating Two,https://books.toscrape.com/catalogue/when-breath-becomes-air_553/index.html,2026-09-02T16:18:26.489200
2249,Vagabonding: An Uncommon Guide to the Art of Long-Term World Travel,36.94,In stock,star-rating Two,https://books.toscrape.com/catalogue/vagabonding-an-uncommon-guide-to-the-art-of-long-term-world-travel_552/index.html,2026-09-02T16:18:26.563445
2250,The Unlikely Pilgrimage of Harold Fry (Harold Fry #1),43.62,In stock,star-rating Five,https://books.toscrape.com/catalogue/the-unlikely-pilgrimage-of-harold-fry-harold-fry-1_551/index.html,2026-09-02T16:18:26.626747
2251,The New Drawing on the Right Side of the Brain,43.02,In stock,star-rating Three,https://books.toscrape.com/catalogue/the-new-drawing-on-the-right-side-of-the-brain_550/index.html,2026-09-02T16:18:26.708038
2252,"The Midnight Assassin: Panic, Scandal, and the Hunt for America's First Serial Killer",28.45,In stock,star-rating Four,https://books.toscrape.com/catalogue/the-midnight-assassin-panic-scandal-and-the-hunt-for-americas-first-serial-killer_549/index.html,2026-09-02T16:18:26.792599
2253,The Martian (The Martian #1),41.39,In stock,star-rating Two,https://books.toscrape.com/catalogue/the-martian-the-martian-1_548/index.html,2026-09-02T16:18:26.898623
2254,The High Mountains of Portugal,51.15,In stock,star-rating One,https://books.toscrape.com/catalogue/the-high-mountains-of-portugal_547/index.html,2026-09-02T16:18:26.982790
2255,The Grownup,35.88,In stock,star-rating One,https://books.toscrape.com/catalogue/the-grownup_546/index.html,2026-09-02T16:18:27.058689
2256,The E-Myth Revisited: Why Most Small Businesses Don't Work and What to Do About It,36.91,In stock,star-rating One,https://books.toscrape.com/catalogue/the-e-myth-revisited-why-most-small-businesses-dont-work-and-what-to-do-about-it_545/index.html,2026-09-02T16:18:27.132388
2257,South of Sunshine,28.93,In stock,star-rating One,https://books.toscrape.com/catalogue/south-of-sunshine_544/index.html,2026-09-02T16:18:27.223706
2258,Smarter Faster Better: The Secrets of Being Productive in Life and Business,38.89,In stock,star-rating Five,https://books.toscrape.com/catalogue/smarter-faster-better-the-secrets-of-being-productive-in-life-and-business_543/index.html,2026-09-02T16:18:27.312510
2259,Silence in the Dark (Logan Point #4),58.33,In stock,star-rating Three,https://books.toscrape.com/catalogue/silence-in-the-dark-logan-point-4_542/index.html,2026-09-02T16:18:27.381649
2260,Shadows of the Past (Logan Point #1),39.67,In stock,star-rating Five,https://books.toscrape.com/catalogue/shadows-of-the-past-logan-point-1_541/index.html,2026-09-02T16:18:27.468443
2261,Roller Girl,14.1,In stock,star-rating Five,https://books.toscrape.com/catalogue/roller-girl_540/index.html,2026-09-02T16:18:39.999337
2262,Rising Strong,21.82,In stock,star-rating Three,https://books.toscrape.com/catalogue/rising-strong_539/index.html,2026-09-02T16:18:40.095969
2263,Proofs of God: Classical Arguments from Tertullian to Barth,54.21,In stock,star-rating One,https://books.toscrape.com/catalogue/proofs-of-god-classical-arguments-from-tertullian-to-barth_538/index.html,2026-09-02T16:18:40.179598
2264,Please Kill Me: The Uncensored Oral History of Punk,31.19,In stock,star-rating Four,https://books.toscrape.com/catalogue/please-kill-me-the-uncensored-oral-history-of-punk_537/index.html,2026-09-02T16:18:40.285074
2265,Out of Print: City Lights Spotlight No. 14,53.64,In stock,star-rating Five,https://books.toscrape.com/catalogue/out-of-print-city-lights-spotlight-no-14_536/index.html,2026-09-02T16:18:40.423912
2266,My Life Next Door (My Life Next Door ),36.39,In stock,star-rating Five,https://books.toscrape.com/catalogue/my-life-next-door-my-life-next-door_535/index.html,2026-09-02T16:18:40.528496
2267,Miller's Valley,58.54,In stock,star-rating Two,https://books.toscrape.com/catalogue/millers-valley_534/index.html,2026-09-02T16:18:40.607575
2268,Man's Search for Meaning,29.48,In stock,star-rating Three,https://books.toscrape.com/catalogue/mans-search-for-meaning_533/index.html,2026-09-02T16:18:40.687619
2269,"Love That Boy: What Two Presidents, Eight Road Trips, and My Son Taught Me About a Parent's Expectations",25.06,In stock,star-rating Two,https://books.toscrape.com/catalogue/love-that-boy-what-two-presidents-eight-road-trips-and-my-son-taught-me-about-a-parents-expectations_532/index.html,2026-09-02T16:18:40.772743
2270,Living Forward: A Proven Plan to Stop Drifting and Get the Life You Want,12.55,In stock,star-rating Three,https://books.toscrape.com/catalogue/living-forward-a-proven-plan-to-stop-drifting-and-get-the-life-you-want_531/index.html,2026-09-02T16:18:40.875024
2271,Les Fleurs du Mal,29.04,In stock,star-rating Five,https://books.toscrape.com/catalogue/les-fleurs-du-mal_530/index.html,2026-09-02T16:18:41.030111
2272,Left Behind (Left Behind #1),40.72,In stock,star-rating Two,https://books.toscrape.com/catalogue/left-behind-left-behind-1_529/index.html,2026-09-02T16:18:41.115016
2273,Kill 'Em and Leave: Searching for James Brown and the American Soul,45.05,In stock,star-rating Five,https://books.toscrape.com/catalogue/kill-em-and-leave-searching-for-james-brown-and-the-american-soul_528/index.html,2026-09-02T16:18:41.186489
2274,Kierkegaard: A Christian Missionary to Christians,47.13,In stock,star-rating One,https://books.toscrape.com/catalogue/kierkegaard-a-christian-missionary-to-christians_527/index.html,2026-09-02T16:18:41.260463
2275,John Vassos: Industrial Design for Modern Life,20.22,In stock,star-rating Four,https://books.toscrape.com/catalogue/john-vassos-industrial-design-for-modern-life_526/index.html,2026-09-02T16:18:41.329825
2276,I'll Give You the Sun,56.48,In stock,star-rating One,https://books.toscrape.com/catalogue/ill-give-you-the-sun_525/index.html,2026-09-02T16:18:41.414279
2277,I Will Find You,44.21,In stock,star-rating One,https://books.toscrape.com/catalogue/i-will-find-you_524/index.html,2026-09-02T16:18:41.475370
2278,Hystopia: A Novel,21.96,In stock,star-rating Four,https://books.toscrape.com/catalogue/hystopia-a-novel_523/index.html,2026-09-02T16:18:41.539735
2279,Howl and Other Poems,40.45,In stock,star-rating Two,https://books.toscrape.com/catalogue/howl-and-other-poems_522/index.html,2026-09-02T16:18:41.600349
2280,History of Beauty,10.29,In stock,star-rating Four,https://books.toscrape.com/catalogue/history-of-beauty_521/index.html,2026-09-02T16:18:41.662735
2281,Heaven is for Real: A Little Boy's Astounding Story of His Trip to Heaven and Back,52.86,In stock,star-rating Two,https://books.toscrape.com/catalogue/heaven-is-for-real-a-little-boys-astounding-story-of-his-trip-to-heaven-and-back_520/index.html,2026-09-02T16:19:02.397285
2282,Future Shock (Future Shock #1),55.65,In stock,star-rating Five,https://books.toscrape.com/catalogue/future-shock-future-shock-1_519/index.html,2026-09-02T16:19:02.478918
2283,Ender's Game (The Ender Quintet #1),43.64,In stock,star-rating One,https://books.toscrape.com/catalogue/enders-game-the-ender-quintet-1_518/index.html,2026-09-02T16:19:02.593453
2284,Diary of a Citizen Scientist: Chasing Tiger Beetles and Other New Ways of Engaging the World,28.41,In stock,star-rating One,https://books.toscrape.com/catalogue/diary-of-a-citizen-scientist-chasing-tiger-beetles-and-other-new-ways-of-engaging-the-world_517/index.html,2026-09-02T16:19:02.703093
2285,Death by Leisure: A Cautionary Tale,37.51,In stock,star-rating Four,https://books.toscrape.com/catalogue/death-by-leisure-a-cautionary-tale_516/index.html,2026-09-02T16:19:02.805181
2286,Brilliant Beacons: A History of the American Lighthouse,11.45,In stock,star-rating Three,https://books.toscrape.com/catalogue/brilliant-beacons-a-history-of-the-american-lighthouse_515/index.html,2026-09-02T16:19:02.883514
2287,Brazen: The Courage to Find the You That's Been Hiding,19.22,In stock,star-rating Two,https://books.toscrape.com/catalogue/brazen-the-courage-to-find-the-you-thats-been-hiding_514/index.html,2026-09-02T16:19:02.960888
2288,Between the World and Me,56.91,In stock,star-rating Four,https://books.toscrape.com/catalogue/between-the-world-and-me_513/index.html,2026-09-02T16:19:03.032834
2289,Being Mortal: Medicine and What Matters in the End,55.06,In stock,star-rating Four,https://books.toscrape.com/catalogue/being-mortal-medicine-and-what-matters-in-the-end_512/index.html,2026-09-02T16:19:03.107844
2290,"A Murder Over a Girl: Justice, Gender, Junior High",13.2,In stock,star-rating Three,https://books.toscrape.com/catalogue/a-murder-over-a-girl-justice-gender-junior-high_511/index.html,2026-09-02T16:19:03.176287
2291,32 Yolks,53.63,In stock,star-rating Two,https://books.toscrape.com/catalogue/32-yolks_510/index.html,2026-09-02T16:19:03.244118
2292,"""Most Blessed of the Patriarchs"": Thomas Jefferson and the Empire of the Imagination",44.48,In stock,star-rating Five,https://books.toscrape.com/catalogue/most-blessed-of-the-patriarchs-thomas-jefferson-and-the-empire-of-the-imagination_509/index.html,2026-09-02T16:19:03.325424
2293,You Are a Badass: How to Stop Doubting Your Greatness and Start Living an Awesome Life,12.08,In stock,star-rating Three,https://books.toscrape.com/catalogue/you-are-a-badass-how-to-stop-doubting-your-greatness-and-start-living-an-awesome-life_508/index.html,2026-09-02T16:19:03.414383
2294,Wildlife of New York: A Five-Borough Coloring Book,22.14,In stock,star-rating Two,https://books.toscrape.com/catalogue/wildlife-of-new-york-a-five-borough-coloring-book_507/index.html,2026-09-02T16:19:03.483501
2295,What Happened on Beale Street (Secrets of the South Mysteries #2),25.37,In stock,star-rating Five,https://books.toscrape.com/catalogue/what-happened-on-beale-street-secrets-of-the-south-mysteries-2_506/index.html,2026-09-02T16:19:03.556680
2296,Unreasonable Hope: Finding Faith in the God Who Brings Purpose to Your Pain,46.33,In stock,star-rating Two,https://books.toscrape.com/catalogue/unreasonable-hope-finding-faith-in-the-god-who-brings-purpose-to-your-pain_505/index.html,2026-09-02T16:19:03.641447
2297,Under the Tuscan Sun,37.33,In stock,star-rating Three,https://books.toscrape.com/catalogue/under-the-tuscan-sun_504/index.html,2026-09-02T16:19:03.720109
2298,Toddlers Are A**holes: It's Not Your Fault,25.55,In stock,star-rating One,https://books.toscrape.com/catalogue/toddlers-are-aholes-its-not-your-fault_503/index.html,2026-09-02T16:19:03.801678
2299,The Year of Living Biblically: One Man's Humble Quest to Follow the Bible as Literally as Possible,34.72,In stock,star-rating One,https://books.toscrape.com/catalogue/the-year-of-living-biblically-one-mans-humble-quest-to-follow-the-bible-as-literally-as-possible_502/index.html,2026-09-02T16:19:03.872333
2300,The Whale,35.96,In stock,star-rating Four,https://books.toscrape.com/catalogue/the-whale_501/index.html,2026-09-02T16:19:03.946831
2301,The Story of Art,41.14,In stock,star-rating Four,https://books.toscrape.com/catalogue/the-story-of-art_500/index.html,2026-09-02T16:19:10.371128
2302,The Origin of Species,10.01,In stock,star-rating Four,https://books.toscrape.com/catalogue/the-origin-of-species_499/index.html,2026-09-02T16:19:10.457280
2303,The Great Gatsby,36.05,In stock,star-rating Four,https://books.toscrape.com/catalogue/the-great-gatsby_498/index.html,2026-09-02T16:19:10.523996
2304,The Good Girl,49.03,In stock,star-rating Three,https://books.toscrape.com/catalogue/the-good-girl_497/index.html,2026-09-02T16:19:10.590309
2305,The Glass Castle,16.24,In stock,star-rating One,https://books.toscrape.com/catalogue/the-glass-castle_496/index.html,2026-09-02T16:19:10.692276
2306,The Faith of Christopher Hitchens: The Restless Soul of the World's Most Notorious Atheist,39.55,In stock,star-rating One,https://books.toscrape.com/catalogue/the-faith-of-christopher-hitchens-the-restless-soul-of-the-worlds-most-notorious-atheist_495/index.html,2026-09-02T16:19:10.780759
2307,The Drowning Girls,35.67,In stock,star-rating Three,https://books.toscrape.com/catalogue/the-drowning-girls_494/index.html,2026-09-02T16:19:10.855619
2308,The Constant Princess (The Tudor Court #1),16.62,In stock,star-rating Three,https://books.toscrape.com/catalogue/the-constant-princess-the-tudor-court-1_493/index.html,2026-09-02T16:19:10.922933
2309,The Bourne Identity (Jason Bourne #1),42.78,In stock,star-rating Four,https://books.toscrape.com/catalogue/the-bourne-identity-jason-bourne-1_492/index.html,2026-09-02T16:19:10.991381
2310,The Bachelor Girl's Guide to Murder (Herringford and Watts Mysteries #1),52.3,In stock,star-rating Five,https://books.toscrape.com/catalogue/the-bachelor-girls-guide-to-murder-herringford-and-watts-mysteries-1_491/index.html,2026-09-02T16:19:11.087282
2311,The Art Book,32.34,In stock,star-rating Two,https://books.toscrape.com/catalogue/the-art-book_490/index.html,2026-09-02T16:19:11.177794
2312,The 7 Habits of Highly Effective People: Powerful Lessons in Personal Change,33.17,In stock,star-rating Four,https://books.toscrape.com/catalogue/the-7-habits-of-highly-effective-people-powerful-lessons-in-personal-change_489/index.html,2026-09-02T16:19:11.248493
2313,Team of Rivals: The Political Genius of Abraham Lincoln,20.12,In stock,star-rating Five,https://books.toscrape.com/catalogue/team-of-rivals-the-political-genius-of-abraham-lincoln_488/index.html,2026-09-02T16:19:11.321402
2314,Steal Like an Artist: 10 Things Nobody Told You About Being Creative,20.9,In stock,star-rating Two,https://books.toscrape.com/catalogue/steal-like-an-artist-10-things-nobody-told-you-about-being-creative_487/index.html,2026-09-02T16:19:11.393848
2315,"Sit, Stay, Love",20.9,In stock,star-rating Three,https://books.toscrape.com/catalogue/sit-stay-love_486/index.html,2026-09-02T16:19:11.500842
2316,Sister Dear,40.2,In stock,star-rating Four,https://books.toscrape.com/catalogue/sister-dear_485/index.html,2026-09-02T16:19:11.567747
2317,"Shrunken Treasures: Literary Classics, Short, Sweet, and Silly",52.87,In stock,star-rating Three,https://books.toscrape.com/catalogue/shrunken-treasures-literary-classics-short-sweet-and-silly_484/index.html,2026-09-02T16:19:11.656960
2318,"Rich Dad, Poor Dad",51.74,In stock,star-rating One,https://books.toscrape.com/catalogue/rich-dad-poor-dad_483/index.html,2026-09-02T16:19:11.701348
2319,Raymie Nightingale,34.41,In stock,star-rating Two,https://books.toscrape.com/catalogue/raymie-nightingale_482/index.html,2026-09-02T16:19:11.748682
2320,Playing from the Heart,32.38,In stock,star-rating One,https://books.toscrape.com/catalogue/playing-from-the-heart_481/index.html,2026-09-02T16:19:11.839328
2321,Nightstruck: A Novel,50.35,In stock,star-rating Four,https://books.toscrape.com/catalogue/nightstruck-a-novel_480/index.html,2026-09-02T16:19:15.127842
2322,"Naturally Lean: 125 Nourishing Gluten-Free, Plant-Based Recipes--All Under 300 Calories",11.38,In stock,star-rating Five,https://books.toscrape.com/catalogue/naturally-lean-125-nourishing-gluten-free-plant-based-recipes-all-under-300-calories_479/index.html,2026-09-02T16:19:15.203796
2323,Meternity,43.58,In stock,star-rating Three,https://books.toscrape.com/catalogue/meternity_478/index.html,2026-09-02T16:19:15.278407
2324,Memoirs of a Geisha,49.67,In stock,star-rating Three,https://books.toscrape.com/catalogue/memoirs-of-a-geisha_477/index.html,2026-09-02T16:19:15.364957
2325,Like Never Before (Walker Family #2),28.77,In stock,star-rating Two,https://books.toscrape.com/catalogue/like-never-before-walker-family-2_476/index.html,2026-09-02T16:19:15.471205
2326,Life of Pi,13.22,In stock,star-rating Four,https://books.toscrape.com/catalogue/life-of-pi_475/index.html,2026-09-02T16:19:15.515506
2327,Leave This Song Behind: Teen Poetry at Its Best,51.17,In stock,star-rating Five,https://books.toscrape.com/catalogue/leave-this-song-behind-teen-poetry-at-its-best_474/index.html,2026-09-02T16:19:15.600674
2328,King's Folly (The Kinsman Chronicles #1),39.61,In stock,star-rating Five,https://books.toscrape.com/catalogue/kings-folly-the-kinsman-chronicles-1_473/index.html,2026-09-02T16:19:15.692222
2329,John Adams,57.43,In stock,star-rating Four,https://books.toscrape.com/catalogue/john-adams_472/index.html,2026-09-02T16:19:15.793281
2330,How to Cook Everything Vegetarian: Simple Meatless Recipes for Great Food (How to Cook Everything),46.01,In stock,star-rating Four,https://books.toscrape.com/catalogue/how-to-cook-everything-vegetarian-simple-meatless-recipes-for-great-food-how-to-cook-everything_471/index.html,2026-09-02T16:19:15.891550
2331,How to Be a Domestic Goddess: Baking and the Art of Comfort Cooking,28.25,In stock,star-rating Two,https://books.toscrape.com/catalogue/how-to-be-a-domestic-goddess-baking-and-the-art-of-comfort-cooking_470/index.html,2026-09-02T16:19:15.977377
2332,Good in Bed (Cannie Shapiro #1),37.05,In stock,star-rating Five,https://books.toscrape.com/catalogue/good-in-bed-cannie-shapiro-1_469/index.html,2026-09-02T16:19:16.039868
2333,"Fruits Basket, Vol. 7 (Fruits Basket #7)",19.57,In stock,star-rating One,https://books.toscrape.com/catalogue/fruits-basket-vol-7-fruits-basket-7_468/index.html,2026-09-02T16:19:16.101255
2334,For the Love: Fighting for Grace in a World of Impossible Standards,45.13,In stock,star-rating Three,https://books.toscrape.com/catalogue/for-the-love-fighting-for-grace-in-a-world-of-impossible-standards_467/index.html,2026-09-02T16:19:16.190608
2335,Finding God in the Ruins: How God Redeems Pain,46.64,In stock,star-rating Two,https://books.toscrape.com/catalogue/finding-god-in-the-ruins-how-god-redeems-pain_466/index.html,2026-09-02T16:19:16.258204
2336,Every Heart a Doorway (Every Heart A Doorway #1),12.16,In stock,star-rating Five,https://books.toscrape.com/catalogue/every-heart-a-doorway-every-heart-a-doorway-1_465/index.html,2026-09-02T16:19:16.333022
2337,Delivering the Truth (Quaker Midwife Mystery #1),20.89,In stock,star-rating Four,https://books.toscrape.com/catalogue/delivering-the-truth-quaker-midwife-mystery-1_464/index.html,2026-09-02T16:19:16.397963
2338,Counted With the Stars (Out from Egypt #1),17.97,In stock,star-rating Five,https://books.toscrape.com/catalogue/counted-with-the-stars-out-from-egypt-1_463/index.html,2026-09-02T16:19:16.465779
2339,"Chronicles, Vol. 1",52.6,In stock,star-rating Two,https://books.toscrape.com/catalogue/chronicles-vol-1_462/index.html,2026-09-02T16:19:16.531701
2340,Blue Like Jazz: Nonreligious Thoughts on Christian Spirituality,25.77,In stock,star-rating One,https://books.toscrape.com/catalogue/blue-like-jazz-nonreligious-thoughts-on-christian-spirituality_461/index.html,2026-09-02T16:19:16.631315
2341,Benjamin Franklin: An American Life,48.19,In stock,star-rating Three,https://books.toscrape.com/catalogue/benjamin-franklin-an-american-life_460/index.html,2026-09-02T16:19:19.854038
2342,"At The Existentialist Café: Freedom, Being, and apricot cocktails with: Jean-Paul Sartre, Simone de Beauvoir, Albert Camus, Martin Heidegger, Edmund Husserl, Karl Jaspers, Maurice Merleau-Ponty and others",29.93,In stock,star-rating Five,https://books.toscrape.com/catalogue/at-the-existentialist-cafe-freedom-being-and-apricot-cocktails-with-jean-paul-sartre-simone-de-beauvoir-albert-camus-martin-heidegger-edmund-husserl-karl-jaspers-maurice-merleau-ponty-and-others_459/index.html,2026-09-02T16:19:19.949931
2343,A Summer In Europe,44.34,In stock,star-rating Two,https://books.toscrape.com/catalogue/a-summer-in-europe_458/index.html,2026-09-02T16:19:20.023189
2344,A Short History of Nearly Everything,52.4,In stock,star-rating Five,https://books.toscrape.com/catalogue/a-short-history-of-nearly-everything_457/index.html,2026-09-02T16:19:20.096894
2345,A Gathering of Shadows (Shades of Magic #2),44.81,In stock,star-rating Four,https://books.toscrape.com/catalogue/a-gathering-of-shadows-shades-of-magic-2_456/index.html,2026-09-02T16:19:20.175123
2346,The Sound Of Love,57.84,In stock,star-rating Five,https://books.toscrape.com/catalogue/the-sound-of-love_455/index.html,2026-09-02T16:19:20.246408
2347,The Rise and Fall of the Third Reich: A History of Nazi Germany,39.67,In stock,star-rating Two,https://books.toscrape.com/catalogue/the-rise-and-fall-of-the-third-reich-a-history-of-nazi-germany_454/index.html,2026-09-02T16:19:20.318820
2348,The Perks of Being a Wallflower,55.02,In stock,star-rating Three,https://books.toscrape.com/catalogue/the-perks-of-being-a-wallflower_453/index.html,2026-09-02T16:19:20.407068
2349,The Mysterious Affair at Styles (Hercule Poirot #1),24.8,In stock,star-rating Four,https://books.toscrape.com/catalogue/the-mysterious-affair-at-styles-hercule-poirot-1_452/index.html,2026-09-02T16:19:20.482014
2350,The Man Who Mistook His Wife for a Hat and Other Clinical Tales,59.45,In stock,star-rating Four,https://books.toscrape.com/catalogue/the-man-who-mistook-his-wife-for-a-hat-and-other-clinical-tales_451/index.html,2026-09-02T16:19:20.547391
2351,The Makings of a Fatherless Child,31.58,In stock,star-rating Two,https://books.toscrape.com/catalogue/the-makings-of-a-fatherless-child_450/index.html,2026-09-02T16:19:20.666334
2352,The Joy of Cooking,43.27,In stock,star-rating Four,https://books.toscrape.com/catalogue/the-joy-of-cooking_449/index.html,2026-09-02T16:19:20.758698
2353,The Invention of Wings,37.34,In stock,star-rating One,https://books.toscrape.com/catalogue/the-invention-of-wings_448/index.html,2026-09-02T16:19:20.861324
2354,The Hobbit (Middle-Earth Universe),17.8,In stock,star-rating Five,https://books.toscrape.com/catalogue/the-hobbit-middle-earth-universe_447/index.html,2026-09-02T16:19:20.955395
2355,The Great Railway Bazaar,30.54,In stock,star-rating One,https://books.toscrape.com/catalogue/the-great-railway-bazaar_446/index.html,2026-09-02T16:19:21.044423
2356,The Golden Compass (His Dark Materials #1),18.77,In stock,star-rating One,https://books.toscrape.com/catalogue/the-golden-compass-his-dark-materials-1_445/index.html,2026-09-02T16:19:21.119681
2357,The God Delusion,46.85,In stock,star-rating Three,https://books.toscrape.com/catalogue/the-god-delusion_444/index.html,2026-09-02T16:19:21.230397
2358,The Girl You Left Behind (The Girl You Left Behind #1),15.79,In stock,star-rating One,https://books.toscrape.com/catalogue/the-girl-you-left-behind-the-girl-you-left-behind-1_443/index.html,2026-09-02T16:19:21.305421
2359,The Fellowship of the Ring (The Lord of the Rings #1),10.27,In stock,star-rating Two,https://books.toscrape.com/catalogue/the-fellowship-of-the-ring-the-lord-of-the-rings-1_442/index.html,2026-09-02T16:19:21.395513
2360,The Collected Poems of W.B. Yeats (The Collected Works of W.B. Yeats #1),15.42,In stock,star-rating Five,https://books.toscrape.com/catalogue/the-collected-poems-of-wb-yeats-the-collected-works-of-wb-yeats-1_441/index.html,2026-09-02T16:19:21.464950
2361,The Barefoot Contessa Cookbook,59.92,In stock,star-rating Five,https://books.toscrape.com/catalogue/the-barefoot-contessa-cookbook_440/index.html,2026-09-02T16:19:27.020464
2362,Tell the Wolves I'm Home,50.96,In stock,star-rating Two,https://books.toscrape.com/catalogue/tell-the-wolves-im-home_439/index.html,2026-09-02T16:19:27.123828
2363,Ship Leaves Harbor: Essays on Travel by a Recovering Journeyman,30.6,In stock,star-rating Three,https://books.toscrape.com/catalogue/ship-leaves-harbor-essays-on-travel-by-a-recovering-journeyman_438/index.html,2026-09-02T16:19:27.208397
2364,Pride and Prejudice,19.27,In stock,star-rating Four,https://books.toscrape.com/catalogue/pride-and-prejudice_437/index.html,2026-09-02T16:19:27.275757
2365,Musicophilia: Tales of Music and the Brain,46.58,In stock,star-rating One,https://books.toscrape.com/catalogue/musicophilia-tales-of-music-and-the-brain_436/index.html,2026-09-02T16:19:27.350385
2366,Mere Christianity,48.51,In stock,star-rating Three,https://books.toscrape.com/catalogue/mere-christianity_435/index.html,2026-09-02T16:19:27.418970
2367,Me Before You (Me Before You #1),19.02,In stock,star-rating One,https://books.toscrape.com/catalogue/me-before-you-me-before-you-1_434/index.html,2026-09-02T16:19:27.490364
2368,In the Woods (Dublin Murder Squad #1),38.38,In stock,star-rating Two,https://books.toscrape.com/catalogue/in-the-woods-dublin-murder-squad-1_433/index.html,2026-09-02T16:19:27.560001
2369,In Cold Blood,49.98,In stock,star-rating Four,https://books.toscrape.com/catalogue/in-cold-blood_432/index.html,2026-09-02T16:19:27.630756
2370,How to Stop Worrying and Start Living,46.49,In stock,star-rating Five,https://books.toscrape.com/catalogue/how-to-stop-worrying-and-start-living_431/index.html,2026-09-02T16:19:27.694584
2371,Give It Back,18.32,In stock,star-rating Two,https://books.toscrape.com/catalogue/give-it-back_430/index.html,2026-09-02T16:19:27.756190
2372,"Girl, Interrupted",42.14,In stock,star-rating Three,https://books.toscrape.com/catalogue/girl-interrupted_429/index.html,2026-09-02T16:19:27.819486
2373,Fun Home: A Family Tragicomic,56.59,In stock,star-rating Four,https://books.toscrape.com/catalogue/fun-home-a-family-tragicomic_428/index.html,2026-09-02T16:19:27.891256
2374,"Fruits Basket, Vol. 6 (Fruits Basket #6)",20.96,In stock,star-rating Four,https://books.toscrape.com/catalogue/fruits-basket-vol-6-fruits-basket-6_427/index.html,2026-09-02T16:19:27.982874
2375,Deception Point,40.32,In stock,star-rating Four,https://books.toscrape.com/catalogue/deception-point_426/index.html,2026-09-02T16:19:28.086719
2376,"Death Note, Vol. 6: Give-and-Take (Death Note #6)",36.39,In stock,star-rating Three,https://books.toscrape.com/catalogue/death-note-vol-6-give-and-take-death-note-6_425/index.html,2026-09-02T16:19:28.168357
2377,Catherine the Great: Portrait of a Woman,58.55,In stock,star-rating Four,https://books.toscrape.com/catalogue/catherine-the-great-portrait-of-a-woman_424/index.html,2026-09-02T16:19:28.315267
2378,Better Homes and Gardens New Cook Book,39.61,In stock,star-rating Three,https://books.toscrape.com/catalogue/better-homes-and-gardens-new-cook-book_423/index.html,2026-09-02T16:19:28.414137
2379,An Unquiet Mind: A Memoir of Moods and Madness,21.3,In stock,star-rating Three,https://books.toscrape.com/catalogue/an-unquiet-mind-a-memoir-of-moods-and-madness_422/index.html,2026-09-02T16:19:28.496960
2380,A Year in Provence (Provence #1),56.88,In stock,star-rating Four,https://books.toscrape.com/catalogue/a-year-in-provence-provence-1_421/index.html,2026-09-02T16:19:28.568202
2381,World Without End (The Pillars of the Earth #2),32.97,In stock,star-rating Four,https://books.toscrape.com/catalogue/world-without-end-the-pillars-of-the-earth-2_420/index.html,2026-09-02T16:19:31.375146
2382,"Will Grayson, Will Grayson (Will Grayson, Will Grayson)",47.31,In stock,star-rating Four,https://books.toscrape.com/catalogue/will-grayson-will-grayson-will-grayson-will-grayson_419/index.html,2026-09-02T16:19:31.463798
2383,Why Save the Bankers?: And Other Essays on Our Economic and Political Crisis,48.67,In stock,star-rating Two,https://books.toscrape.com/catalogue/why-save-the-bankers-and-other-essays-on-our-economic-and-political-crisis_418/index.html,2026-09-02T16:19:31.546877
2384,Where She Went (If I Stay #2),41.73,In stock,star-rating Four,https://books.toscrape.com/catalogue/where-she-went-if-i-stay-2_417/index.html,2026-09-02T16:19:31.658132
2385,What If?: Serious Scientific Answers to Absurd Hypothetical Questions,53.68,In stock,star-rating Four,https://books.toscrape.com/catalogue/what-if-serious-scientific-answers-to-absurd-hypothetical-questions_416/index.html,2026-09-02T16:19:31.770076
2386,Two Summers,14.64,In stock,star-rating One,https://books.toscrape.com/catalogue/two-summers_415/index.html,2026-09-02T16:19:31.857244
2387,This Is Your Brain on Music: The Science of a Human Obsession,38.4,In stock,star-rating One,https://books.toscrape.com/catalogue/this-is-your-brain-on-music-the-science-of-a-human-obsession_414/index.html,2026-09-02T16:19:31.929098
2388,The Secret Garden,15.08,In stock,star-rating Four,https://books.toscrape.com/catalogue/the-secret-garden_413/index.html,2026-09-02T16:19:32.019028
2389,The Raven King (The Raven Cycle #4),30.57,In stock,star-rating Two,https://books.toscrape.com/catalogue/the-raven-king-the-raven-cycle-4_412/index.html,2026-09-02T16:19:32.112809
2390,The Raven Boys (The Raven Cycle #1),57.74,In stock,star-rating Four,https://books.toscrape.com/catalogue/the-raven-boys-the-raven-cycle-1_411/index.html,2026-09-02T16:19:32.211794
2391,The Power Greens Cookbook: 140 Delicious Superfood Recipes,11.05,In stock,star-rating Five,https://books.toscrape.com/catalogue/the-power-greens-cookbook-140-delicious-superfood-recipes_410/index.html,2026-09-02T16:19:32.297997
2392,The Metamorphosis,28.58,In stock,star-rating One,https://books.toscrape.com/catalogue/the-metamorphosis_409/index.html,2026-09-02T16:19:32.365055
2393,The Mathews Men: Seven Brothers and the War Against Hitler's U-boats,42.91,In stock,star-rating Five,https://books.toscrape.com/catalogue/the-mathews-men-seven-brothers-and-the-war-against-hitlers-u-boats_408/index.html,2026-09-02T16:19:32.429776
2394,The Little Paris Bookshop,24.73,In stock,star-rating Three,https://books.toscrape.com/catalogue/the-little-paris-bookshop_407/index.html,2026-09-02T16:19:32.537318
2395,The Hiding Place,55.91,In stock,star-rating Four,https://books.toscrape.com/catalogue/the-hiding-place_406/index.html,2026-09-02T16:19:32.623270
2396,The Grand Design,13.76,In stock,star-rating Three,https://books.toscrape.com/catalogue/the-grand-design_405/index.html,2026-09-02T16:19:32.719955
2397,The Firm,45.56,In stock,star-rating Three,https://books.toscrape.com/catalogue/the-firm_404/index.html,2026-09-02T16:19:32.796264
2398,The Fault in Our Stars,47.22,In stock,star-rating One,https://books.toscrape.com/catalogue/the-fault-in-our-stars_403/index.html,2026-09-02T16:19:32.872462
2399,The False Prince (The Ascendance Trilogy #1),56.0,In stock,star-rating Five,https://books.toscrape.com/catalogue/the-false-prince-the-ascendance-trilogy-1_402/index.html,2026-09-02T16:19:32.938009
2400,The Expatriates,44.58,In stock,star-rating Two,https://books.toscrape.com/catalogue/the-expatriates_401/index.html,2026-09-02T16:19:33.001814
2401,The Dream Thieves (The Raven Cycle #2),34.5,In stock,star-rating One,https://books.toscrape.com/catalogue/the-dream-thieves-the-raven-cycle-2_400/index.html,2026-09-02T16:19:36.080901
2402,The Darkest Corners,11.33,In stock,star-rating Five,https://books.toscrape.com/catalogue/the-darkest-corners_399/index.html,2026-09-02T16:19:36.177117
2403,The Crossover,38.77,In stock,star-rating Four,https://books.toscrape.com/catalogue/the-crossover_398/index.html,2026-09-02T16:19:36.251788
2404,The 5th Wave (The 5th Wave #1),11.83,In stock,star-rating Two,https://books.toscrape.com/catalogue/the-5th-wave-the-5th-wave-1_397/index.html,2026-09-02T16:19:36.315363
2405,Tell the Wind and Fire,45.51,In stock,star-rating Three,https://books.toscrape.com/catalogue/tell-the-wind-and-fire_396/index.html,2026-09-02T16:19:36.386386
2406,Tell Me Three Things,41.81,In stock,star-rating One,https://books.toscrape.com/catalogue/tell-me-three-things_395/index.html,2026-09-02T16:19:36.449437
2407,Talking to Girls About Duran Duran: One Young Man's Quest for True Love and a Cooler Haircut,25.15,In stock,star-rating Four,https://books.toscrape.com/catalogue/talking-to-girls-about-duran-duran-one-young-mans-quest-for-true-love-and-a-cooler-haircut_394/index.html,2026-09-02T16:19:36.565818
2408,Siddhartha,34.22,In stock,star-rating Five,https://books.toscrape.com/catalogue/siddhartha_393/index.html,2026-09-02T16:19:36.667053
2409,Shiver (The Wolves of Mercy Falls #1),16.23,In stock,star-rating Five,https://books.toscrape.com/catalogue/shiver-the-wolves-of-mercy-falls-1_392/index.html,2026-09-02T16:19:36.736844
2410,Remember Me?,11.48,In stock,star-rating Three,https://books.toscrape.com/catalogue/remember-me_391/index.html,2026-09-02T16:19:36.833758
2411,Red Dragon (Hannibal Lecter #1),23.37,In stock,star-rating Three,https://books.toscrape.com/catalogue/red-dragon-hannibal-lecter-1_390/index.html,2026-09-02T16:19:36.913491
2412,Peak: Secrets from the New Science of Expertise,16.28,In stock,star-rating Two,https://books.toscrape.com/catalogue/peak-secrets-from-the-new-science-of-expertise_389/index.html,2026-09-02T16:19:36.981744
2413,My Mother Was Nuts,31.63,In stock,star-rating Four,https://books.toscrape.com/catalogue/my-mother-was-nuts_388/index.html,2026-09-02T16:19:37.102995
2414,Mexican Today: New and Rediscovered Recipes for Contemporary Kitchens,24.91,In stock,star-rating Five,https://books.toscrape.com/catalogue/mexican-today-new-and-rediscovered-recipes-for-contemporary-kitchens_387/index.html,2026-09-02T16:19:37.172141
2415,Maybe Something Beautiful: How Art Transformed a Neighborhood,22.54,In stock,star-rating One,https://books.toscrape.com/catalogue/maybe-something-beautiful-how-art-transformed-a-neighborhood_386/index.html,2026-09-02T16:19:37.244065
2416,Lola and the Boy Next Door (Anna and the French Kiss #2),23.63,In stock,star-rating Four,https://books.toscrape.com/catalogue/lola-and-the-boy-next-door-anna-and-the-french-kiss-2_385/index.html,2026-09-02T16:19:37.351330
2417,Logan Kade (Fallen Crest High #5.5),13.12,In stock,star-rating Two,https://books.toscrape.com/catalogue/logan-kade-fallen-crest-high-55_384/index.html,2026-09-02T16:19:37.479542
2418,Last One Home (New Beginnings #1),59.98,In stock,star-rating Three,https://books.toscrape.com/catalogue/last-one-home-new-beginnings-1_383/index.html,2026-09-02T16:19:37.560604
2419,Killing Floor (Jack Reacher #1),31.49,In stock,star-rating Four,https://books.toscrape.com/catalogue/killing-floor-jack-reacher-1_382/index.html,2026-09-02T16:19:37.633163
2420,Kill the Boy Band,15.52,In stock,star-rating Five,https://books.toscrape.com/catalogue/kill-the-boy-band_381/index.html,2026-09-02T16:19:37.720572
2421,Isla and the Happily Ever After (Anna and the French Kiss #3),48.13,In stock,star-rating Five,https://books.toscrape.com/catalogue/isla-and-the-happily-ever-after-anna-and-the-french-kiss-3_380/index.html,2026-09-02T16:19:43.010503
2422,If I Stay (If I Stay #1),38.13,In stock,star-rating Five,https://books.toscrape.com/catalogue/if-i-stay-if-i-stay-1_379/index.html,2026-09-02T16:19:43.084636
2423,I Know Why the Caged Bird Sings (Maya Angelou's Autobiography #1),36.55,In stock,star-rating Two,https://books.toscrape.com/catalogue/i-know-why-the-caged-bird-sings-maya-angelous-autobiography-1_378/index.html,2026-09-02T16:19:43.164670
2424,Harry Potter and the Deathly Hallows (Harry Potter #7),23.32,In stock,star-rating One,https://books.toscrape.com/catalogue/harry-potter-and-the-deathly-hallows-harry-potter-7_377/index.html,2026-09-02T16:19:43.240822
2425,"Fruits Basket, Vol. 5 (Fruits Basket #5)",16.33,In stock,star-rating One,https://books.toscrape.com/catalogue/fruits-basket-vol-5-fruits-basket-5_376/index.html,2026-09-02T16:19:43.308546
2426,Foundation (Foundation (Publication Order) #1),32.42,In stock,star-rating One,https://books.toscrape.com/catalogue/foundation-foundation-publication-order-1_375/index.html,2026-09-02T16:19:43.374086
2427,Fool Me Once,16.96,In stock,star-rating One,https://books.toscrape.com/catalogue/fool-me-once_374/index.html,2026-09-02T16:19:43.442410
2428,Find Her (Detective D.D. Warren #8),22.37,In stock,star-rating One,https://books.toscrape.com/catalogue/find-her-detective-dd-warren-8_373/index.html,2026-09-02T16:19:43.529971
2429,Evicted: Poverty and Profit in the American City,42.27,In stock,star-rating One,https://books.toscrape.com/catalogue/evicted-poverty-and-profit-in-the-american-city_372/index.html,2026-09-02T16:19:43.610923
2430,Drama,38.7,In stock,star-rating Two,https://books.toscrape.com/catalogue/drama_371/index.html,2026-09-02T16:19:43.653782
2431,Dracula the Un-Dead,35.63,In stock,star-rating Five,https://books.toscrape.com/catalogue/dracula-the-un-dead_370/index.html,2026-09-02T16:19:43.733421
2432,Digital Fortress,58.0,In stock,star-rating Five,https://books.toscrape.com/catalogue/digital-fortress_369/index.html,2026-09-02T16:19:43.778134
2433,"Death Note, Vol. 5: Whiteout (Death Note #5)",52.41,In stock,star-rating One,https://books.toscrape.com/catalogue/death-note-vol-5-whiteout-death-note-5_368/index.html,2026-09-02T16:19:43.831951
2434,"Data, A Love Story: How I Gamed Online Dating to Meet My Match",32.35,In stock,star-rating Three,https://books.toscrape.com/catalogue/data-a-love-story-how-i-gamed-online-dating-to-meet-my-match_367/index.html,2026-09-02T16:19:43.878773
2435,Critique of Pure Reason,20.75,In stock,star-rating One,https://books.toscrape.com/catalogue/critique-of-pure-reason_366/index.html,2026-09-02T16:19:43.947000
2436,Booked,17.49,In stock,star-rating Five,https://books.toscrape.com/catalogue/booked_365/index.html,2026-09-02T16:19:43.990407
2437,"Blue Lily, Lily Blue (The Raven Cycle #3)",34.13,In stock,star-rating Five,https://books.toscrape.com/catalogue/blue-lily-lily-blue-the-raven-cycle-3_364/index.html,2026-09-02T16:19:44.063404
2438,Approval Junkie: Adventures in Caring Too Much,58.81,In stock,star-rating Five,https://books.toscrape.com/catalogue/approval-junkie-adventures-in-caring-too-much_363/index.html,2026-09-02T16:19:44.173308
2439,An Abundance of Katherines,10.0,In stock,star-rating Five,https://books.toscrape.com/catalogue/an-abundance-of-katherines_362/index.html,2026-09-02T16:19:44.291482
2440,America's War for the Greater Middle East: A Military History,51.22,In stock,star-rating Two,https://books.toscrape.com/catalogue/americas-war-for-the-greater-middle-east-a-military-history_361/index.html,2026-09-02T16:19:44.375823
2441,Alight (The Generations Trilogy #2),58.59,In stock,star-rating Four,https://books.toscrape.com/catalogue/alight-the-generations-trilogy-2_360/index.html,2026-09-02T16:19:59.921573
2442,A Girl's Guide to Moving On (New Beginnings #2),31.3,In stock,star-rating One,https://books.toscrape.com/catalogue/a-girls-guide-to-moving-on-new-beginnings-2_359/index.html,2026-09-02T16:20:00.063591
2443,A Game of Thrones (A Song of Ice and Fire #1),46.42,In stock,star-rating Two,https://books.toscrape.com/catalogue/a-game-of-thrones-a-song-of-ice-and-fire-1_358/index.html,2026-09-02T16:20:00.225436
2444,A Feast for Crows (A Song of Ice and Fire #4),17.21,In stock,star-rating Four,https://books.toscrape.com/catalogue/a-feast-for-crows-a-song-of-ice-and-fire-4_357/index.html,2026-09-02T16:20:00.355340
2445,A Clash of Kings (A Song of Ice and Fire #2),10.79,In stock,star-rating Three,https://books.toscrape.com/catalogue/a-clash-of-kings-a-song-of-ice-and-fire-2_356/index.html,2026-09-02T16:20:00.443816
2446,Vogue Colors A to Z: A Fashion Coloring Book,52.35,In stock,star-rating Four,https://books.toscrape.com/catalogue/vogue-colors-a-to-z-a-fashion-coloring-book_355/index.html,2026-09-02T16:20:00.511304
2447,The Shining (The Shining #1),27.88,In stock,star-rating Three,https://books.toscrape.com/catalogue/the-shining-the-shining-1_354/index.html,2026-09-02T16:20:00.598821
2448,The Pilgrim's Progress,50.26,In stock,star-rating Two,https://books.toscrape.com/catalogue/the-pilgrims-progress_353/index.html,2026-09-02T16:20:00.700557
2449,The Perfect Play (Play by Play #1),59.99,In stock,star-rating Three,https://books.toscrape.com/catalogue/the-perfect-play-play-by-play-1_352/index.html,2026-09-02T16:20:00.794077
2450,The Passion of Dolssa,28.32,In stock,star-rating Five,https://books.toscrape.com/catalogue/the-passion-of-dolssa_351/index.html,2026-09-02T16:20:00.917032
2451,The Jazz of Physics: The Secret Link Between Music and the Structure of the Universe,38.71,In stock,star-rating Three,https://books.toscrape.com/catalogue/the-jazz-of-physics-the-secret-link-between-music-and-the-structure-of-the-universe_350/index.html,2026-09-02T16:20:01.000473
2452,The Hunger Games (The Hunger Games #1),29.85,In stock,star-rating Five,https://books.toscrape.com/catalogue/the-hunger-games-the-hunger-games-1_349/index.html,2026-09-02T16:20:01.083304
2453,The Hound of the Baskervilles (Sherlock Holmes #5),14.82,In stock,star-rating Two,https://books.toscrape.com/catalogue/the-hound-of-the-baskervilles-sherlock-holmes-5_348/index.html,2026-09-02T16:20:01.181568
2454,The Gunning of America: Business and the Making of American Gun Culture,16.81,In stock,star-rating Four,https://books.toscrape.com/catalogue/the-gunning-of-america-business-and-the-making-of-american-gun-culture_347/index.html,2026-09-02T16:20:01.267829
2455,The Geography of Bliss: One Grump's Search for the Happiest Places in the World,28.23,In stock,star-rating Two,https://books.toscrape.com/catalogue/the-geography-of-bliss-one-grumps-search-for-the-happiest-places-in-the-world_346/index.html,2026-09-02T16:20:01.363960
2456,The Demonists (Demonist #1),52.11,In stock,star-rating Two,https://books.toscrape.com/catalogue/the-demonists-demonist-1_345/index.html,2026-09-02T16:20:01.453354
2457,"The Demon Prince of Momochi House, Vol. 4 (The Demon Prince of Momochi House #4)",27.88,In stock,star-rating Two,https://books.toscrape.com/catalogue/the-demon-prince-of-momochi-house-vol-4-the-demon-prince-of-momochi-house-4_344/index.html,2026-09-02T16:20:01.551053
2458,The Bone Hunters (Lexy Vaughan & Steven Macaulay #2),59.71,In stock,star-rating Three,https://books.toscrape.com/catalogue/the-bone-hunters-lexy-vaughan-steven-macaulay-2_343/index.html,2026-09-02T16:20:01.646246
2459,The Beast (Black Dagger Brotherhood #14),46.08,In stock,star-rating Five,https://books.toscrape.com/catalogue/the-beast-black-dagger-brotherhood-14_342/index.html,2026-09-02T16:20:01.763731
2460,Some Women,13.73,In stock,star-rating Five,https://books.toscrape.com/catalogue/some-women_341/index.html,2026-09-02T16:20:01.878459
2461,Shopaholic Ties the Knot (Shopaholic #3),48.39,In stock,star-rating Five,https://books.toscrape.com/catalogue/shopaholic-ties-the-knot-shopaholic-3_340/index.html,2026-09-02T16:20:07.177979
2462,Paper and Fire (The Great Library #2),49.45,In stock,star-rating Five,https://books.toscrape.com/catalogue/paper-and-fire-the-great-library-2_339/index.html,2026-09-02T16:20:07.244145
2463,Outlander (Outlander #1),19.67,In stock,star-rating Five,https://books.toscrape.com/catalogue/outlander-outlander-1_338/index.html,2026-09-02T16:20:07.310113
2464,"Orchestra of Exiles: The Story of Bronislaw Huberman, the Israel Philharmonic, and the One Thousand Jews He Saved from Nazi Horrors",12.36,In stock,star-rating Three,https://books.toscrape.com/catalogue/orchestra-of-exiles-the-story-of-bronislaw-huberman-the-israel-philharmonic-and-the-one-thousand-jews-he-saved-from-nazi-horrors_337/index.html,2026-09-02T16:20:07.378232
2465,No One Here Gets Out Alive,20.02,In stock,star-rating Five,https://books.toscrape.com/catalogue/no-one-here-gets-out-alive_336/index.html,2026-09-02T16:20:07.443453
2466,Night Shift (Night Shift #1-20),12.75,In stock,star-rating Four,https://books.toscrape.com/catalogue/night-shift-night-shift-1-20_335/index.html,2026-09-02T16:20:07.558426
2467,Needful Things,47.51,In stock,star-rating Four,https://books.toscrape.com/catalogue/needful-things_334/index.html,2026-09-02T16:20:07.640750
2468,Mockingjay (The Hunger Games #3),20.44,In stock,star-rating Four,https://books.toscrape.com/catalogue/mockingjay-the-hunger-games-3_333/index.html,2026-09-02T16:20:07.751449
2469,Misery,34.79,In stock,star-rating Two,https://books.toscrape.com/catalogue/misery_332/index.html,2026-09-02T16:20:07.821808
2470,Little Women (Little Women #1),28.07,In stock,star-rating Four,https://books.toscrape.com/catalogue/little-women-little-women-1_331/index.html,2026-09-02T16:20:07.905537
2471,It,25.01,In stock,star-rating Three,https://books.toscrape.com/catalogue/it_330/index.html,2026-09-02T16:20:08.008198
2472,Harry Potter and the Sorcerer's Stone (Harry Potter #1),13.9,In stock,star-rating Three,https://books.toscrape.com/catalogue/harry-potter-and-the-sorcerers-stone-harry-potter-1_329/index.html,2026-09-02T16:20:08.143638
2473,Harry Potter and the Prisoner of Azkaban (Harry Potter #3),24.17,In stock,star-rating Four,https://books.toscrape.com/catalogue/harry-potter-and-the-prisoner-of-azkaban-harry-potter-3_328/index.html,2026-09-02T16:20:08.237720
2474,Harry Potter and the Order of the Phoenix (Harry Potter #5),31.63,In stock,star-rating Four,https://books.toscrape.com/catalogue/harry-potter-and-the-order-of-the-phoenix-harry-potter-5_327/index.html,2026-09-02T16:20:08.329159
2475,Harry Potter and the Half-Blood Prince (Harry Potter #6),48.75,In stock,star-rating Five,https://books.toscrape.com/catalogue/harry-potter-and-the-half-blood-prince-harry-potter-6_326/index.html,2026-09-02T16:20:08.414757
2476,Harry Potter and the Chamber of Secrets (Harry Potter #2),14.74,In stock,star-rating One,https://books.toscrape.com/catalogue/harry-potter-and-the-chamber-of-secrets-harry-potter-2_325/index.html,2026-09-02T16:20:08.484730
2477,Gone with the Wind,32.49,In stock,star-rating Three,https://books.toscrape.com/catalogue/gone-with-the-wind_324/index.html,2026-09-02T16:20:08.593732
2478,God Is Not Great: How Religion Poisons Everything,27.8,In stock,star-rating One,https://books.toscrape.com/catalogue/god-is-not-great-how-religion-poisons-everything_323/index.html,2026-09-02T16:20:08.716756
2479,Girl With a Pearl Earring,26.77,In stock,star-rating One,https://books.toscrape.com/catalogue/girl-with-a-pearl-earring_322/index.html,2026-09-02T16:20:08.807054
2480,"Fruits Basket, Vol. 4 (Fruits Basket #4)",50.44,In stock,star-rating Four,https://books.toscrape.com/catalogue/fruits-basket-vol-4-fruits-basket-4_321/index.html,2026-09-02T16:20:08.884108
2481,Far From True (Promise Falls Trilogy #2),34.93,In stock,star-rating Two,https://books.toscrape.com/catalogue/far-from-true-promise-falls-trilogy-2_320/index.html,2026-09-02T16:20:18.054531
2482,Dark Lover (Black Dagger Brotherhood #1),12.87,In stock,star-rating One,https://books.toscrape.com/catalogue/dark-lover-black-dagger-brotherhood-1_319/index.html,2026-09-02T16:20:18.144442
2483,Confessions of a Shopaholic (Shopaholic #1),48.94,In stock,star-rating Two,https://books.toscrape.com/catalogue/confessions-of-a-shopaholic-shopaholic-1_318/index.html,2026-09-02T16:20:18.224147
2484,Changing the Game (Play by Play #2),13.38,In stock,star-rating Three,https://books.toscrape.com/catalogue/changing-the-game-play-by-play-2_317/index.html,2026-09-02T16:20:18.290473
2485,Candide,58.63,In stock,star-rating Three,https://books.toscrape.com/catalogue/candide_316/index.html,2026-09-02T16:20:18.335810
2486,Can You Keep a Secret?,21.94,In stock,star-rating One,https://books.toscrape.com/catalogue/can-you-keep-a-secret_315/index.html,2026-09-02T16:20:18.421731
2487,Atlas Shrugged,26.58,In stock,star-rating Five,https://books.toscrape.com/catalogue/atlas-shrugged_314/index.html,2026-09-02T16:20:18.491007
2488,Animal Farm,57.22,In stock,star-rating Three,https://books.toscrape.com/catalogue/animal-farm_313/index.html,2026-09-02T16:20:18.556472
2489,A Walk to Remember,56.43,In stock,star-rating One,https://books.toscrape.com/catalogue/a-walk-to-remember_312/index.html,2026-09-02T16:20:18.642829
2490,A New Earth: Awakening to Your Life's Purpose,55.65,In stock,star-rating Five,https://books.toscrape.com/catalogue/a-new-earth-awakening-to-your-lifes-purpose_311/index.html,2026-09-02T16:20:18.721051
2491,"A History of God: The 4,000-Year Quest of Judaism, Christianity, and Islam",27.62,In stock,star-rating One,https://books.toscrape.com/catalogue/a-history-of-god-the-4000-year-quest-of-judaism-christianity-and-islam_310/index.html,2026-09-02T16:20:18.809359
2492,'Salem's Lot,49.56,In stock,star-rating Four,https://books.toscrape.com/catalogue/salems-lot_309/index.html,2026-09-02T16:20:18.894112
2493,Zero History (Blue Ant #3),34.77,In stock,star-rating One,https://books.toscrape.com/catalogue/zero-history-blue-ant-3_308/index.html,2026-09-02T16:20:18.986065
2494,Wuthering Heights,17.73,In stock,star-rating Three,https://books.toscrape.com/catalogue/wuthering-heights_307/index.html,2026-09-02T16:20:19.055580
2495,World War Z: An Oral History of the Zombie War,21.8,In stock,star-rating One,https://books.toscrape.com/catalogue/world-war-z-an-oral-history-of-the-zombie-war_306/index.html,2026-09-02T16:20:19.131238
2496,Wild: From Lost to Found on the Pacific Crest Trail,46.02,In stock,star-rating Three,https://books.toscrape.com/catalogue/wild-from-lost-to-found-on-the-pacific-crest-trail_305/index.html,2026-09-02T16:20:19.210546
2497,"Where'd You Go, Bernadette",18.13,In stock,star-rating One,https://books.toscrape.com/catalogue/whered-you-go-bernadette_304/index.html,2026-09-02T16:20:19.284187
2498,When You Are Engulfed in Flames,30.89,In stock,star-rating Five,https://books.toscrape.com/catalogue/when-you-are-engulfed-in-flames_303/index.html,2026-09-02T16:20:19.379089
2499,We the People: The Modern-Day Figures Who Have Reshaped and Affirmed the Founding Fathers' Vision of America,31.95,In stock,star-rating Three,https://books.toscrape.com/catalogue/we-the-people-the-modern-day-figures-who-have-reshaped-and-affirmed-the-founding-fathers-vision-of-america_302/index.html,2026-09-02T16:20:19.488916
2500,We Are All Completely Beside Ourselves,24.04,In stock,star-rating One,https://books.toscrape.com/catalogue/we-are-all-completely-beside-ourselves_301/index.html,2026-09-02T16:20:19.568931
2501,Walk the Edge (Thunder Road #2),32.36,In stock,star-rating Three,https://books.toscrape.com/catalogue/walk-the-edge-thunder-road-2_300/index.html,2026-09-02T16:20:23.342498
2502,Voyager (Outlander #3),21.07,In stock,star-rating Five,https://books.toscrape.com/catalogue/voyager-outlander-3_299/index.html,2026-09-02T16:20:23.524917
2503,Very Good Lives: The Fringe Benefits of Failure and the Importance of Imagination,50.66,In stock,star-rating Three,https://books.toscrape.com/catalogue/very-good-lives-the-fringe-benefits-of-failure-and-the-importance-of-imagination_298/index.html,2026-09-02T16:20:23.610445
2504,Vegan Vegetarian Omnivore: Dinner for Everyone at the Table,13.66,In stock,star-rating Two,https://books.toscrape.com/catalogue/vegan-vegetarian-omnivore-dinner-for-everyone-at-the-table_297/index.html,2026-09-02T16:20:23.683542
2505,"Unstuffed: Decluttering Your Home, Mind, and Soul",58.09,In stock,star-rating One,https://books.toscrape.com/catalogue/unstuffed-decluttering-your-home-mind-and-soul_296/index.html,2026-09-02T16:20:23.790171
2506,Under the Banner of Heaven: A Story of Violent Faith,30.0,In stock,star-rating One,https://books.toscrape.com/catalogue/under-the-banner-of-heaven-a-story-of-violent-faith_295/index.html,2026-09-02T16:20:23.864885
2507,Two Boys Kissing,32.74,In stock,star-rating Two,https://books.toscrape.com/catalogue/two-boys-kissing_294/index.html,2026-09-02T16:20:23.934650
2508,Twilight (Twilight #1),41.93,In stock,star-rating Two,https://books.toscrape.com/catalogue/twilight-twilight-1_293/index.html,2026-09-02T16:20:24.012664
2509,Twenties Girl,42.8,In stock,star-rating Two,https://books.toscrape.com/catalogue/twenties-girl_292/index.html,2026-09-02T16:20:24.058089
2510,"Trespassing Across America: One Man's Epic, Never-Done-Before (and Sort of Illegal) Hike Across the Heartland",53.51,In stock,star-rating One,https://books.toscrape.com/catalogue/trespassing-across-america-one-mans-epic-never-done-before-and-sort-of-illegal-hike-across-the-heartland_291/index.html,2026-09-02T16:20:24.153050
2511,Three-Martini Lunch,23.21,In stock,star-rating Three,https://books.toscrape.com/catalogue/three-martini-lunch_290/index.html,2026-09-02T16:20:24.225861
2512,"Thinking, Fast and Slow",21.14,In stock,star-rating One,https://books.toscrape.com/catalogue/thinking-fast-and-slow_289/index.html,2026-09-02T16:20:24.298184
2513,The Wild Robot,56.07,In stock,star-rating Three,https://books.toscrape.com/catalogue/the-wild-robot_288/index.html,2026-09-02T16:20:24.369560
2514,"The Wicked + The Divine, Vol. 3: Commercial Suicide (The Wicked + The Divine)",14.41,In stock,star-rating Three,https://books.toscrape.com/catalogue/the-wicked-the-divine-vol-3-commercial-suicide-the-wicked-the-divine_287/index.html,2026-09-02T16:20:24.436514
2515,The Undomestic Goddess,45.75,In stock,star-rating Four,https://books.toscrape.com/catalogue/the-undomestic-goddess_286/index.html,2026-09-02T16:20:24.512466
2516,The Travelers,15.77,In stock,star-rating One,https://books.toscrape.com/catalogue/the-travelers_285/index.html,2026-09-02T16:20:24.579118
2517,The Tipping Point: How Little Things Can Make a Big Difference,10.02,In stock,star-rating Two,https://books.toscrape.com/catalogue/the-tipping-point-how-little-things-can-make-a-big-difference_284/index.html,2026-09-02T16:20:24.644532
2518,The Thing About Jellyfish,48.77,In stock,star-rating One,https://books.toscrape.com/catalogue/the-thing-about-jellyfish_283/index.html,2026-09-02T16:20:24.713679
2519,The Stand,57.86,In stock,star-rating Two,https://books.toscrape.com/catalogue/the-stand_282/index.html,2026-09-02T16:20:24.782320
2520,The Smitten Kitchen Cookbook,23.59,In stock,star-rating One,https://books.toscrape.com/catalogue/the-smitten-kitchen-cookbook_281/index.html,2026-09-02T16:20:24.857677
2521,The Silkworm (Cormoran Strike #2),23.05,In stock,star-rating Five,https://books.toscrape.com/catalogue/the-silkworm-cormoran-strike-2_280/index.html,2026-09-02T16:20:29.358698
2522,"The Sandman, Vol. 3: Dream Country (The Sandman (volumes) #3)",55.55,In stock,star-rating Five,https://books.toscrape.com/catalogue/the-sandman-vol-3-dream-country-the-sandman-volumes-3_279/index.html,2026-09-02T16:20:29.436843
2523,The Rose & the Dagger (The Wrath and the Dawn #2),58.64,In stock,star-rating Four,https://books.toscrape.com/catalogue/the-rose-the-dagger-the-wrath-and-the-dawn-2_278/index.html,2026-09-02T16:20:29.502814
2524,The Road to Little Dribbling: Adventures of an American in Britain (Notes From a Small Island #2),23.21,In stock,star-rating One,https://books.toscrape.com/catalogue/the-road-to-little-dribbling-adventures-of-an-american-in-britain-notes-from-a-small-island-2_277/index.html,2026-09-02T16:20:29.564930
2525,The Rise of Theodore Roosevelt (Theodore Roosevelt #1),42.57,In stock,star-rating Three,https://books.toscrape.com/catalogue/the-rise-of-theodore-roosevelt-theodore-roosevelt-1_276/index.html,2026-09-02T16:20:29.629357
2526,The Restaurant at the End of the Universe (Hitchhiker's Guide to the Galaxy #2),10.92,In stock,star-rating One,https://books.toscrape.com/catalogue/the-restaurant-at-the-end-of-the-universe-hitchhikers-guide-to-the-galaxy-2_275/index.html,2026-09-02T16:20:29.694631
2527,The Rest Is Noise: Listening to the Twentieth Century,34.77,In stock,star-rating One,https://books.toscrape.com/catalogue/the-rest-is-noise-listening-to-the-twentieth-century_274/index.html,2026-09-02T16:20:29.770036
2528,The Red Tent,35.66,In stock,star-rating Five,https://books.toscrape.com/catalogue/the-red-tent_273/index.html,2026-09-02T16:20:29.864413
2529,The Purpose Driven Life: What on Earth Am I Here for?,37.19,In stock,star-rating Three,https://books.toscrape.com/catalogue/the-purpose-driven-life-what-on-earth-am-i-here-for_272/index.html,2026-09-02T16:20:29.939218
2530,The Purest Hook (Second Circle Tattoos #3),12.25,In stock,star-rating One,https://books.toscrape.com/catalogue/the-purest-hook-second-circle-tattoos-3_271/index.html,2026-09-02T16:20:30.004028
2531,The Picture of Dorian Gray,29.7,In stock,star-rating Two,https://books.toscrape.com/catalogue/the-picture-of-dorian-gray_270/index.html,2026-09-02T16:20:30.074100
2532,The Paris Wife,36.8,In stock,star-rating Three,https://books.toscrape.com/catalogue/the-paris-wife_269/index.html,2026-09-02T16:20:30.143735
2533,The Obsession,45.43,In stock,star-rating One,https://books.toscrape.com/catalogue/the-obsession_268/index.html,2026-09-02T16:20:30.214869
2534,The Nightingale,26.26,In stock,star-rating Four,https://books.toscrape.com/catalogue/the-nightingale_267/index.html,2026-09-02T16:20:30.279117
2535,The New Guy (and Other Senior Year Distractions),44.92,In stock,star-rating Three,https://books.toscrape.com/catalogue/the-new-guy-and-other-senior-year-distractions_266/index.html,2026-09-02T16:20:30.374977
2536,The Nanny Diaries (Nanny #1),52.53,In stock,star-rating Five,https://books.toscrape.com/catalogue/the-nanny-diaries-nanny-1_265/index.html,2026-09-02T16:20:30.446559
2537,The Name of God is Mercy,37.25,In stock,star-rating Two,https://books.toscrape.com/catalogue/the-name-of-god-is-mercy_264/index.html,2026-09-02T16:20:30.524705
2538,The Maze Runner (The Maze Runner #1),20.93,In stock,star-rating One,https://books.toscrape.com/catalogue/the-maze-runner-the-maze-runner-1_263/index.html,2026-09-02T16:20:30.594005
2539,The Lover's Dictionary,58.09,In stock,star-rating Two,https://books.toscrape.com/catalogue/the-lovers-dictionary_262/index.html,2026-09-02T16:20:30.692998
2540,The Lonely Ones,43.59,In stock,star-rating Five,https://books.toscrape.com/catalogue/the-lonely-ones_261/index.html,2026-09-02T16:20:30.767271
2541,The Lean Startup: How Today's Entrepreneurs Use Continuous Innovation to Create Radically Successful Businesses,33.92,In stock,star-rating Three,https://books.toscrape.com/catalogue/the-lean-startup-how-todays-entrepreneurs-use-continuous-innovation-to-create-radically-successful-businesses_260/index.html,2026-09-02T16:20:34.317427
2542,The Last Painting of Sara de Vos,55.55,In stock,star-rating Two,https://books.toscrape.com/catalogue/the-last-painting-of-sara-de-vos_259/index.html,2026-09-02T16:20:34.406399
2543,"The Land of 10,000 Madonnas",29.64,In stock,star-rating Four,https://books.toscrape.com/catalogue/the-land-of-10000-madonnas_258/index.html,2026-09-02T16:20:34.484928
2544,The Infinities,27.41,In stock,star-rating One,https://books.toscrape.com/catalogue/the-infinities_257/index.html,2026-09-02T16:20:34.556867
2545,The Husband's Secret,52.51,In stock,star-rating Five,https://books.toscrape.com/catalogue/the-husbands-secret_256/index.html,2026-09-02T16:20:34.621274
2546,The Hitchhiker's Guide to the Galaxy (Hitchhiker's Guide to the Galaxy #1),47.8,In stock,star-rating Three,https://books.toscrape.com/catalogue/the-hitchhikers-guide-to-the-galaxy-hitchhikers-guide-to-the-galaxy-1_255/index.html,2026-09-02T16:20:34.689054
2547,The Guns of August,14.54,In stock,star-rating Two,https://books.toscrape.com/catalogue/the-guns-of-august_254/index.html,2026-09-02T16:20:34.757276
2548,The Guernsey Literary and Potato Peel Pie Society,49.53,In stock,star-rating One,https://books.toscrape.com/catalogue/the-guernsey-literary-and-potato-peel-pie-society_253/index.html,2026-09-02T16:20:34.823657
2549,The Goldfinch,43.58,In stock,star-rating Three,https://books.toscrape.com/catalogue/the-goldfinch_252/index.html,2026-09-02T16:20:34.888961
2550,The Giver (The Giver Quartet #1),12.3,In stock,star-rating One,https://books.toscrape.com/catalogue/the-giver-the-giver-quartet-1_251/index.html,2026-09-02T16:20:34.971795
2551,The Girl with All the Gifts,49.47,In stock,star-rating Three,https://books.toscrape.com/catalogue/the-girl-with-all-the-gifts_250/index.html,2026-09-02T16:20:35.037956
2552,The Girl Who Played with Fire (Millennium Trilogy #2),22.14,In stock,star-rating Two,https://books.toscrape.com/catalogue/the-girl-who-played-with-fire-millennium-trilogy-2_249/index.html,2026-09-02T16:20:35.082041
2553,The Girl Who Kicked the Hornet's Nest (Millennium Trilogy #3),57.48,In stock,star-rating One,https://books.toscrape.com/catalogue/the-girl-who-kicked-the-hornets-nest-millennium-trilogy-3_248/index.html,2026-09-02T16:20:35.127930
2554,The Exiled,43.45,In stock,star-rating Three,https://books.toscrape.com/catalogue/the-exiled_247/index.html,2026-09-02T16:20:35.214168
2555,"The End of Faith: Religion, Terror, and the Future of Reason",22.13,In stock,star-rating Four,https://books.toscrape.com/catalogue/the-end-of-faith-religion-terror-and-the-future-of-reason_246/index.html,2026-09-02T16:20:35.280095
2556,"The Elegant Universe: Superstrings, Hidden Dimensions, and the Quest for the Ultimate Theory",13.03,In stock,star-rating Four,https://books.toscrape.com/catalogue/the-elegant-universe-superstrings-hidden-dimensions-and-the-quest-for-the-ultimate-theory_245/index.html,2026-09-02T16:20:35.355250
2557,"The Disappearing Spoon: And Other True Tales of Madness, Love, and the History of the World from the Periodic Table of the Elements",57.35,In stock,star-rating Five,https://books.toscrape.com/catalogue/the-disappearing-spoon-and-other-true-tales-of-madness-love-and-the-history-of-the-world-from-the-periodic-table-of-the-elements_244/index.html,2026-09-02T16:20:35.434842
2558,The Devil Wears Prada (The Devil Wears Prada #1),44.29,In stock,star-rating One,https://books.toscrape.com/catalogue/the-devil-wears-prada-the-devil-wears-prada-1_243/index.html,2026-09-02T16:20:35.517942
2559,The Demon-Haunted World: Science as a Candle in the Dark,52.25,In stock,star-rating Four,https://books.toscrape.com/catalogue/the-demon-haunted-world-science-as-a-candle-in-the-dark_242/index.html,2026-09-02T16:20:35.597698
2560,The Day the Crayons Came Home (Crayons),26.33,In stock,star-rating Five,https://books.toscrape.com/catalogue/the-day-the-crayons-came-home-crayons_241/index.html,2026-09-02T16:20:35.670640
2561,The Da Vinci Code (Robert Langdon #2),22.96,In stock,star-rating Two,https://books.toscrape.com/catalogue/the-da-vinci-code-robert-langdon-2_240/index.html,2026-09-02T16:20:41.185049
2562,The Cuckoo's Calling (Cormoran Strike #1),19.21,In stock,star-rating One,https://books.toscrape.com/catalogue/the-cuckoos-calling-cormoran-strike-1_239/index.html,2026-09-02T16:20:41.252828
2563,The Complete Stories and Poems (The Works of Edgar Allan Poe [Cameo Edition]),26.78,In stock,star-rating Four,https://books.toscrape.com/catalogue/the-complete-stories-and-poems-the-works-of-edgar-allan-poe-cameo-edition_238/index.html,2026-09-02T16:20:41.317006
2564,The Complete Poems,41.32,In stock,star-rating Five,https://books.toscrape.com/catalogue/the-complete-poems_237/index.html,2026-09-02T16:20:41.436183
2565,The Catcher in the Rye,24.55,In stock,star-rating One,https://books.toscrape.com/catalogue/the-catcher-in-the-rye_236/index.html,2026-09-02T16:20:41.504974
2566,The Cat in the Hat (Beginner Books B-1),16.26,In stock,star-rating Two,https://books.toscrape.com/catalogue/the-cat-in-the-hat-beginner-books-b-1_235/index.html,2026-09-02T16:20:41.595583
2567,The Case for Christ (Cases for Christianity),47.84,In stock,star-rating One,https://books.toscrape.com/catalogue/the-case-for-christ-cases-for-christianity_234/index.html,2026-09-02T16:20:41.684464
2568,The Book Thief,53.49,In stock,star-rating Two,https://books.toscrape.com/catalogue/the-book-thief_233/index.html,2026-09-02T16:20:41.785340
2569,The Book of Basketball: The NBA According to The Sports Guy,44.84,In stock,star-rating Five,https://books.toscrape.com/catalogue/the-book-of-basketball-the-nba-according-to-the-sports-guy_232/index.html,2026-09-02T16:20:41.860654
2570,The Blind Side: Evolution of a Game,53.71,In stock,star-rating Five,https://books.toscrape.com/catalogue/the-blind-side-evolution-of-a-game_231/index.html,2026-09-02T16:20:41.940824
2571,The Autobiography of Malcolm X,23.43,In stock,star-rating Two,https://books.toscrape.com/catalogue/the-autobiography-of-malcolm-x_230/index.html,2026-09-02T16:20:42.016040
2572,"The Art of Simple Food: Notes, Lessons, and Recipes from a Delicious Revolution",34.32,In stock,star-rating Three,https://books.toscrape.com/catalogue/the-art-of-simple-food-notes-lessons-and-recipes-from-a-delicious-revolution_229/index.html,2026-09-02T16:20:42.114423
2573,The Art of Fielding,22.1,In stock,star-rating One,https://books.toscrape.com/catalogue/the-art-of-fielding_228/index.html,2026-09-02T16:20:42.211377
2574,"Surely You're Joking, Mr. Feynman!: Adventures of a Curious Character",25.83,In stock,star-rating Two,https://books.toscrape.com/catalogue/surely-youre-joking-mr-feynman-adventures-of-a-curious-character_227/index.html,2026-09-02T16:20:42.290226
2575,Stiff: The Curious Lives of Human Cadavers,36.74,In stock,star-rating Three,https://books.toscrape.com/catalogue/stiff-the-curious-lives-of-human-cadavers_226/index.html,2026-09-02T16:20:42.372287
2576,Spilled Milk: Based on a True Story,49.51,In stock,star-rating One,https://books.toscrape.com/catalogue/spilled-milk-based-on-a-true-story_225/index.html,2026-09-02T16:20:42.465726
2577,Something Borrowed (Darcy & Rachel #1),48.96,In stock,star-rating Five,https://books.toscrape.com/catalogue/something-borrowed-darcy-rachel-1_224/index.html,2026-09-02T16:20:42.545047
2578,Something Blue (Darcy & Rachel #2),54.62,In stock,star-rating One,https://books.toscrape.com/catalogue/something-blue-darcy-rachel-2_223/index.html,2026-09-02T16:20:42.621967
2579,Soldier (Talon #3),24.72,In stock,star-rating Two,https://books.toscrape.com/catalogue/soldier-talon-3_222/index.html,2026-09-02T16:20:42.697306
2580,Shopaholic & Baby (Shopaholic #5),46.45,In stock,star-rating Two,https://books.toscrape.com/catalogue/shopaholic-baby-shopaholic-5_221/index.html,2026-09-02T16:20:42.765188
2581,Seven Days in the Art World,52.33,In stock,star-rating Two,https://books.toscrape.com/catalogue/seven-days-in-the-art-world_220/index.html,2026-09-02T16:20:48.276493
2582,Seven Brief Lessons on Physics,30.6,In stock,star-rating Four,https://books.toscrape.com/catalogue/seven-brief-lessons-on-physics_219/index.html,2026-09-02T16:20:48.375193
2583,Scarlet (The Lunar Chronicles #2),14.57,In stock,star-rating Four,https://books.toscrape.com/catalogue/scarlet-the-lunar-chronicles-2_218/index.html,2026-09-02T16:20:48.446346
2584,Sarah's Key,46.29,In stock,star-rating One,https://books.toscrape.com/catalogue/sarahs-key_217/index.html,2026-09-02T16:20:48.542277
2585,"Saga, Volume 3 (Saga (Collected Editions) #3)",21.57,In stock,star-rating Five,https://books.toscrape.com/catalogue/saga-volume-3-saga-collected-editions-3_216/index.html,2026-09-02T16:20:48.614942
2586,Running with Scissors,12.91,In stock,star-rating Four,https://books.toscrape.com/catalogue/running-with-scissors_215/index.html,2026-09-02T16:20:48.717218
2587,Rogue Lawyer (Rogue Lawyer #1),50.11,In stock,star-rating Three,https://books.toscrape.com/catalogue/rogue-lawyer-rogue-lawyer-1_214/index.html,2026-09-02T16:20:48.848768
2588,"Rise of the Rocket Girls: The Women Who Propelled Us, from Missiles to the Moon to Mars",41.67,In stock,star-rating Four,https://books.toscrape.com/catalogue/rise-of-the-rocket-girls-the-women-who-propelled-us-from-missiles-to-the-moon-to-mars_213/index.html,2026-09-02T16:20:48.949812
2589,Rework,44.88,In stock,star-rating Two,https://books.toscrape.com/catalogue/rework_212/index.html,2026-09-02T16:20:49.043451
2590,Reservations for Two,11.1,In stock,star-rating Three,https://books.toscrape.com/catalogue/reservations-for-two_211/index.html,2026-09-02T16:20:49.136182
2591,Red: The True Story of Red Riding Hood,28.54,In stock,star-rating Three,https://books.toscrape.com/catalogue/red-the-true-story-of-red-riding-hood_210/index.html,2026-09-02T16:20:49.205226
2592,Ready Player One,19.07,In stock,star-rating Four,https://books.toscrape.com/catalogue/ready-player-one_209/index.html,2026-09-02T16:20:49.270477
2593,Quiet: The Power of Introverts in a World That Can't Stop Talking,43.55,In stock,star-rating One,https://books.toscrape.com/catalogue/quiet-the-power-of-introverts-in-a-world-that-cant-stop-talking_208/index.html,2026-09-02T16:20:49.358336
2594,Prodigy: The Graphic Novel (Legend: The Graphic Novel #2),43.63,In stock,star-rating Three,https://books.toscrape.com/catalogue/prodigy-the-graphic-novel-legend-the-graphic-novel-2_207/index.html,2026-09-02T16:20:49.482924
2595,Persepolis: The Story of a Childhood (Persepolis #1-2),39.13,In stock,star-rating One,https://books.toscrape.com/catalogue/persepolis-the-story-of-a-childhood-persepolis-1-2_206/index.html,2026-09-02T16:20:49.576144
2596,Packing for Mars: The Curious Science of Life in the Void,56.68,In stock,star-rating Two,https://books.toscrape.com/catalogue/packing-for-mars-the-curious-science-of-life-in-the-void_205/index.html,2026-09-02T16:20:49.648768
2597,Outliers: The Story of Success,14.16,In stock,star-rating One,https://books.toscrape.com/catalogue/outliers-the-story-of-success_204/index.html,2026-09-02T16:20:49.733246
2598,Original Fake,31.45,In stock,star-rating Three,https://books.toscrape.com/catalogue/original-fake_203/index.html,2026-09-02T16:20:49.782913
2599,Orange Is the New Black,24.61,In stock,star-rating Two,https://books.toscrape.com/catalogue/orange-is-the-new-black_202/index.html,2026-09-02T16:20:49.864510
2600,One for the Money (Stephanie Plum #1),32.87,In stock,star-rating Two,https://books.toscrape.com/catalogue/one-for-the-money-stephanie-plum-1_201/index.html,2026-09-02T16:20:49.938489
2601,Notes from a Small Island (Notes From a Small Island #1),40.17,In stock,star-rating One,https://books.toscrape.com/catalogue/notes-from-a-small-island-notes-from-a-small-island-1_200/index.html,2026-09-02T16:20:55.576190
2602,Night (The Night Trilogy #1),13.51,In stock,star-rating One,https://books.toscrape.com/catalogue/night-the-night-trilogy-1_199/index.html,2026-09-02T16:20:55.648989
2603,Neither Here nor There: Travels in Europe,38.95,In stock,star-rating Three,https://books.toscrape.com/catalogue/neither-here-nor-there-travels-in-europe_198/index.html,2026-09-02T16:20:55.723746
2604,Naked,31.69,In stock,star-rating Three,https://books.toscrape.com/catalogue/naked_197/index.html,2026-09-02T16:20:55.808443
2605,Morning Star (Red Rising #3),29.4,In stock,star-rating One,https://books.toscrape.com/catalogue/morning-star-red-rising-3_196/index.html,2026-09-02T16:20:55.872968
2606,"Miracles from Heaven: A Little Girl, Her Journey to Heaven, and Her Amazing Story of Healing",57.83,In stock,star-rating One,https://books.toscrape.com/catalogue/miracles-from-heaven-a-little-girl-her-journey-to-heaven-and-her-amazing-story-of-healing_195/index.html,2026-09-02T16:20:55.939365
2607,Midnight Riot (Peter Grant/ Rivers of London - books #1),55.46,In stock,star-rating Two,https://books.toscrape.com/catalogue/midnight-riot-peter-grant-rivers-of-london-books-1_194/index.html,2026-09-02T16:20:56.009260
2608,Me Talk Pretty One Day,57.6,In stock,star-rating Two,https://books.toscrape.com/catalogue/me-talk-pretty-one-day_193/index.html,2026-09-02T16:20:56.082042
2609,Manuscript Found in Accra,34.98,In stock,star-rating Two,https://books.toscrape.com/catalogue/manuscript-found-in-accra_192/index.html,2026-09-02T16:20:56.223194
2610,Lust & Wonder,11.87,In stock,star-rating Two,https://books.toscrape.com/catalogue/lust-wonder_191/index.html,2026-09-02T16:20:56.339038
2611,Lila (Gilead #3),12.47,In stock,star-rating Three,https://books.toscrape.com/catalogue/lila-gilead-3_190/index.html,2026-09-02T16:20:56.445875
2612,"Life, the Universe and Everything (Hitchhiker's Guide to the Galaxy #3)",33.26,In stock,star-rating Two,https://books.toscrape.com/catalogue/life-the-universe-and-everything-hitchhikers-guide-to-the-galaxy-3_189/index.html,2026-09-02T16:20:56.521029
2613,Life Without a Recipe,59.04,In stock,star-rating Five,https://books.toscrape.com/catalogue/life-without-a-recipe_188/index.html,2026-09-02T16:20:56.631420
2614,Life After Life,26.13,In stock,star-rating Two,https://books.toscrape.com/catalogue/life-after-life_187/index.html,2026-09-02T16:20:56.700608
2615,Letter to a Christian Nation,22.2,In stock,star-rating One,https://books.toscrape.com/catalogue/letter-to-a-christian-nation_186/index.html,2026-09-02T16:20:56.767599
2616,Let's Pretend This Never Happened: A Mostly True Memoir,45.11,In stock,star-rating One,https://books.toscrape.com/catalogue/lets-pretend-this-never-happened-a-mostly-true-memoir_185/index.html,2026-09-02T16:20:56.834103
2617,Legend (Legend #1),43.69,In stock,star-rating Four,https://books.toscrape.com/catalogue/legend-legend-1_184/index.html,2026-09-02T16:20:56.941535
2618,"Lean In: Women, Work, and the Will to Lead",25.02,In stock,star-rating One,https://books.toscrape.com/catalogue/lean-in-women-work-and-the-will-to-lead_183/index.html,2026-09-02T16:20:57.019817
2619,"Lamb: The Gospel According to Biff, Christ's Childhood Pal",55.5,In stock,star-rating Five,https://books.toscrape.com/catalogue/lamb-the-gospel-according-to-biff-christs-childhood-pal_182/index.html,2026-09-02T16:20:57.079716
2620,Lady Renegades (Rebel Belle #3),53.04,In stock,star-rating Five,https://books.toscrape.com/catalogue/lady-renegades-rebel-belle-3_181/index.html,2026-09-02T16:20:57.146504
2621,Jurassic Park (Jurassic Park #1),44.97,In stock,star-rating One,https://books.toscrape.com/catalogue/jurassic-park-jurassic-park-1_180/index.html,2026-09-02T16:21:05.057666
2622,It's Never Too Late to Begin Again: Discovering Creativity and Meaning at Midlife and Beyond,42.38,In stock,star-rating One,https://books.toscrape.com/catalogue/its-never-too-late-to-begin-again-discovering-creativity-and-meaning-at-midlife-and-beyond_179/index.html,2026-09-02T16:21:05.181235
2623,Is Everyone Hanging Out Without Me? (And Other Concerns),20.11,In stock,star-rating Three,https://books.toscrape.com/catalogue/is-everyone-hanging-out-without-me-and-other-concerns_178/index.html,2026-09-02T16:21:05.268426
2624,Into the Wild,56.7,In stock,star-rating Five,https://books.toscrape.com/catalogue/into-the-wild_177/index.html,2026-09-02T16:21:05.386705
2625,Inferno (Robert Langdon #4),41.0,In stock,star-rating Five,https://books.toscrape.com/catalogue/inferno-robert-langdon-4_176/index.html,2026-09-02T16:21:05.498240
2626,"In the Garden of Beasts: Love, Terror, and an American Family in Hitler's Berlin",28.85,In stock,star-rating Three,https://books.toscrape.com/catalogue/in-the-garden-of-beasts-love-terror-and-an-american-family-in-hitlers-berlin_175/index.html,2026-09-02T16:21:05.599615
2627,If I Run (If I Run #1),49.97,In stock,star-rating Four,https://books.toscrape.com/catalogue/if-i-run-if-i-run-1_174/index.html,2026-09-02T16:21:05.794817
2628,I've Got Your Number,19.69,In stock,star-rating One,https://books.toscrape.com/catalogue/ive-got-your-number_173/index.html,2026-09-02T16:21:05.920163
2629,I Am Malala: The Girl Who Stood Up for Education and Was Shot by the Taliban,28.88,In stock,star-rating Two,https://books.toscrape.com/catalogue/i-am-malala-the-girl-who-stood-up-for-education-and-was-shot-by-the-taliban_172/index.html,2026-09-02T16:21:06.004176
2630,Hungry Girl Clean & Hungry: Easy All-Natural Recipes for Healthy Eating in the Real World,33.14,In stock,star-rating Three,https://books.toscrape.com/catalogue/hungry-girl-clean-hungry-easy-all-natural-recipes-for-healthy-eating-in-the-real-world_171/index.html,2026-09-02T16:21:06.118288
2631,"House of Lost Worlds: Dinosaurs, Dynasties, and the Story of Life on Earth",43.7,In stock,star-rating Two,https://books.toscrape.com/catalogue/house-of-lost-worlds-dinosaurs-dynasties-and-the-story-of-life-on-earth_170/index.html,2026-09-02T16:21:06.195730
2632,House of Leaves,54.89,In stock,star-rating One,https://books.toscrape.com/catalogue/house-of-leaves_169/index.html,2026-09-02T16:21:06.295989
2633,Horrible Bear!,37.52,In stock,star-rating Two,https://books.toscrape.com/catalogue/horrible-bear_168/index.html,2026-09-02T16:21:06.412352
2634,Holidays on Ice,51.07,In stock,star-rating Two,https://books.toscrape.com/catalogue/holidays-on-ice_167/index.html,2026-09-02T16:21:06.526734
2635,Heir to the Sky,44.07,In stock,star-rating Four,https://books.toscrape.com/catalogue/heir-to-the-sky_166/index.html,2026-09-02T16:21:06.632440
2636,Green Eggs and Ham (Beginner Books B-16),10.79,In stock,star-rating Four,https://books.toscrape.com/catalogue/green-eggs-and-ham-beginner-books-b-16_165/index.html,2026-09-02T16:21:06.784685
2637,"Grayson, Vol 3: Nemesis (Grayson #3)",42.72,In stock,star-rating One,https://books.toscrape.com/catalogue/grayson-vol-3-nemesis-grayson-3_164/index.html,2026-09-02T16:21:06.914892
2638,Gratitude,26.66,In stock,star-rating Five,https://books.toscrape.com/catalogue/gratitude_163/index.html,2026-09-02T16:21:07.050558
2639,Gone Girl,37.6,In stock,star-rating Five,https://books.toscrape.com/catalogue/gone-girl_162/index.html,2026-09-02T16:21:07.134961
2640,Golden (Heart of Dread #3),42.21,In stock,star-rating Four,https://books.toscrape.com/catalogue/golden-heart-of-dread-3_161/index.html,2026-09-02T16:21:07.211495
2641,Girl in the Blue Coat,46.83,In stock,star-rating Two,https://books.toscrape.com/catalogue/girl-in-the-blue-coat_160/index.html,2026-09-02T16:21:17.566033
2642,"Fruits Basket, Vol. 3 (Fruits Basket #3)",45.17,In stock,star-rating Two,https://books.toscrape.com/catalogue/fruits-basket-vol-3-fruits-basket-3_159/index.html,2026-09-02T16:21:17.726184
2643,"Friday Night Lights: A Town, a Team, and a Dream",51.22,In stock,star-rating Three,https://books.toscrape.com/catalogue/friday-night-lights-a-town-a-team-and-a-dream_158/index.html,2026-09-02T16:21:17.857859
2644,Fire Bound (Sea Haven/Sisters of the Heart #5),21.28,In stock,star-rating Four,https://books.toscrape.com/catalogue/fire-bound-sea-havensisters-of-the-heart-5_157/index.html,2026-09-02T16:21:17.964153
2645,Fifty Shades Freed (Fifty Shades #3),15.36,In stock,star-rating Five,https://books.toscrape.com/catalogue/fifty-shades-freed-fifty-shades-3_156/index.html,2026-09-02T16:21:18.144219
2646,Fellside,38.62,In stock,star-rating One,https://books.toscrape.com/catalogue/fellside_155/index.html,2026-09-02T16:21:18.303427
2647,Extreme Prey (Lucas Davenport #26),25.4,In stock,star-rating Three,https://books.toscrape.com/catalogue/extreme-prey-lucas-davenport-26_154/index.html,2026-09-02T16:21:18.497902
2648,Eragon (The Inheritance Cycle #1),43.87,In stock,star-rating Three,https://books.toscrape.com/catalogue/eragon-the-inheritance-cycle-1_153/index.html,2026-09-02T16:21:18.608285
2649,Eclipse (Twilight #3),18.74,In stock,star-rating One,https://books.toscrape.com/catalogue/eclipse-twilight-3_152/index.html,2026-09-02T16:21:18.712527
2650,Dune (Dune #1),54.86,In stock,star-rating One,https://books.toscrape.com/catalogue/dune-dune-1_151/index.html,2026-09-02T16:21:18.832406
2651,Dracula,52.62,In stock,star-rating Three,https://books.toscrape.com/catalogue/dracula_150/index.html,2026-09-02T16:21:18.979871
2652,Do Androids Dream of Electric Sheep? (Blade Runner #1),51.48,In stock,star-rating One,https://books.toscrape.com/catalogue/do-androids-dream-of-electric-sheep-blade-runner-1_149/index.html,2026-09-02T16:21:19.111636
2653,Disrupted: My Misadventure in the Start-Up Bubble,15.28,In stock,star-rating Five,https://books.toscrape.com/catalogue/disrupted-my-misadventure-in-the-start-up-bubble_148/index.html,2026-09-02T16:21:19.213556
2654,Dead Wake: The Last Crossing of the Lusitania,39.24,In stock,star-rating Five,https://books.toscrape.com/catalogue/dead-wake-the-last-crossing-of-the-lusitania_147/index.html,2026-09-02T16:21:19.342821
2655,"David and Goliath: Underdogs, Misfits, and the Art of Battling Giants",17.81,In stock,star-rating One,https://books.toscrape.com/catalogue/david-and-goliath-underdogs-misfits-and-the-art-of-battling-giants_146/index.html,2026-09-02T16:21:19.463606
2656,Darkfever (Fever #1),56.02,In stock,star-rating One,https://books.toscrape.com/catalogue/darkfever-fever-1_145/index.html,2026-09-02T16:21:19.543596
2657,Dark Places,23.9,In stock,star-rating Five,https://books.toscrape.com/catalogue/dark-places_144/index.html,2026-09-02T16:21:19.669188
2658,Crazy Rich Asians (Crazy Rich Asians #1),49.13,In stock,star-rating Five,https://books.toscrape.com/catalogue/crazy-rich-asians-crazy-rich-asians-1_143/index.html,2026-09-02T16:21:19.771656
2659,Counting Thyme,10.62,In stock,star-rating One,https://books.toscrape.com/catalogue/counting-thyme_142/index.html,2026-09-02T16:21:19.852027
2660,Cosmos,36.17,In stock,star-rating Two,https://books.toscrape.com/catalogue/cosmos_141/index.html,2026-09-02T16:21:19.924977
2661,Civilization and Its Discontents,59.95,In stock,star-rating Two,https://books.toscrape.com/catalogue/civilization-and-its-discontents_140/index.html,2026-09-02T16:21:25.712024
2662,Cinder (The Lunar Chronicles #1),26.09,In stock,star-rating One,https://books.toscrape.com/catalogue/cinder-the-lunar-chronicles-1_139/index.html,2026-09-02T16:21:25.794804
2663,Catastrophic Happiness: Finding Joy in Childhood's Messy Years,37.35,In stock,star-rating Two,https://books.toscrape.com/catalogue/catastrophic-happiness-finding-joy-in-childhoods-messy-years_138/index.html,2026-09-02T16:21:25.903333
2664,Career of Evil (Cormoran Strike #3),24.72,In stock,star-rating Two,https://books.toscrape.com/catalogue/career-of-evil-cormoran-strike-3_137/index.html,2026-09-02T16:21:26.046877
2665,Breaking Dawn (Twilight #4),35.28,In stock,star-rating Five,https://books.toscrape.com/catalogue/breaking-dawn-twilight-4_136/index.html,2026-09-02T16:21:26.131034
2666,Brave Enough,51.32,In stock,star-rating Five,https://books.toscrape.com/catalogue/brave-enough_135/index.html,2026-09-02T16:21:26.212989
2667,Boy Meets Boy,21.12,In stock,star-rating Three,https://books.toscrape.com/catalogue/boy-meets-boy_134/index.html,2026-09-02T16:21:26.308376
2668,"Born to Run: A Hidden Tribe, Superathletes, and the Greatest Race the World Has Never Seen",27.35,In stock,star-rating Two,https://books.toscrape.com/catalogue/born-to-run-a-hidden-tribe-superathletes-and-the-greatest-race-the-world-has-never-seen_133/index.html,2026-09-02T16:21:26.395011
2669,Blink: The Power of Thinking Without Thinking,21.74,In stock,star-rating Five,https://books.toscrape.com/catalogue/blink-the-power-of-thinking-without-thinking_132/index.html,2026-09-02T16:21:26.508514
2670,Black Flags: The Rise of ISIS,40.87,In stock,star-rating One,https://books.toscrape.com/catalogue/black-flags-the-rise-of-isis_131/index.html,2026-09-02T16:21:26.664375
2671,"Black Butler, Vol. 1 (Black Butler #1)",49.31,In stock,star-rating One,https://books.toscrape.com/catalogue/black-butler-vol-1-black-butler-1_130/index.html,2026-09-02T16:21:26.810369
2672,Big Little Lies,22.11,In stock,star-rating One,https://books.toscrape.com/catalogue/big-little-lies_129/index.html,2026-09-02T16:21:26.963162
2673,Between Shades of Gray,20.79,In stock,star-rating Five,https://books.toscrape.com/catalogue/between-shades-of-gray_128/index.html,2026-09-02T16:21:27.069889
2674,Best of My Love (Fool's Gold #20),27.41,In stock,star-rating Two,https://books.toscrape.com/catalogue/best-of-my-love-fools-gold-20_127/index.html,2026-09-02T16:21:27.229912
2675,Beowulf,38.35,In stock,star-rating Two,https://books.toscrape.com/catalogue/beowulf_126/index.html,2026-09-02T16:21:27.388066
2676,Beautiful Creatures (Caster Chronicles #1),21.55,In stock,star-rating Five,https://books.toscrape.com/catalogue/beautiful-creatures-caster-chronicles-1_125/index.html,2026-09-02T16:21:27.613734
2677,Awkward,38.02,In stock,star-rating Two,https://books.toscrape.com/catalogue/awkward_124/index.html,2026-09-02T16:21:27.728758
2678,Ash,22.06,In stock,star-rating Four,https://books.toscrape.com/catalogue/ash_123/index.html,2026-09-02T16:21:27.807500
2679,Are We There Yet?,10.66,In stock,star-rating Three,https://books.toscrape.com/catalogue/are-we-there-yet_122/index.html,2026-09-02T16:21:27.907093
2680,Are We Smart Enough to Know How Smart Animals Are?,56.58,In stock,star-rating One,https://books.toscrape.com/catalogue/are-we-smart-enough-to-know-how-smart-animals-are_121/index.html,2026-09-02T16:21:28.045580
2681,Annie on My Mind,36.83,In stock,star-rating Five,https://books.toscrape.com/catalogue/annie-on-my-mind_120/index.html,2026-09-02T16:21:34.456834
2682,And Then There Were None,35.01,In stock,star-rating Two,https://books.toscrape.com/catalogue/and-then-there-were-none_119/index.html,2026-09-02T16:21:34.567774
2683,A Walk in the Woods: Rediscovering America on the Appalachian Trail,30.48,In stock,star-rating Four,https://books.toscrape.com/catalogue/a-walk-in-the-woods-rediscovering-america-on-the-appalachian-trail_118/index.html,2026-09-02T16:21:34.703585
2684,A Visit from the Goon Squad,14.08,In stock,star-rating Five,https://books.toscrape.com/catalogue/a-visit-from-the-goon-squad_117/index.html,2026-09-02T16:21:34.808845
2685,A Storm of Swords (A Song of Ice and Fire #3),31.22,In stock,star-rating Two,https://books.toscrape.com/catalogue/a-storm-of-swords-a-song-of-ice-and-fire-3_116/index.html,2026-09-02T16:21:34.898950
2686,A Heartbreaking Work of Staggering Genius,54.29,In stock,star-rating Five,https://books.toscrape.com/catalogue/a-heartbreaking-work-of-staggering-genius_115/index.html,2026-09-02T16:21:34.984197
2687,8 Keys to Mental Health Through Exercise,31.04,In stock,star-rating One,https://books.toscrape.com/catalogue/8-keys-to-mental-health-through-exercise_114/index.html,2026-09-02T16:21:35.085186
2688,#GIRLBOSS,50.96,In stock,star-rating One,https://books.toscrape.com/catalogue/girlboss_113/index.html,2026-09-02T16:21:35.166743
2689,"The Suffragettes (Little Black Classics, #96)",11.89,In stock,star-rating Two,https://books.toscrape.com/catalogue/the-suffragettes-little-black-classics-96_112/index.html,2026-09-02T16:21:35.283486
2690,The Sense of an Ending,31.38,In stock,star-rating Three,https://books.toscrape.com/catalogue/the-sense-of-an-ending_111/index.html,2026-09-02T16:21:35.384967
2691,"The Sandman, Vol. 2: The Doll's House (The Sandman (volumes) #2)",54.81,In stock,star-rating One,https://books.toscrape.com/catalogue/the-sandman-vol-2-the-dolls-house-the-sandman-volumes-2_110/index.html,2026-09-02T16:21:35.534933
2692,The Course of Love,16.78,In stock,star-rating Three,https://books.toscrape.com/catalogue/the-course-of-love_109/index.html,2026-09-02T16:21:35.696167
2693,Sugar Rush (Offensive Line #2),24.42,In stock,star-rating One,https://books.toscrape.com/catalogue/sugar-rush-offensive-line-2_108/index.html,2026-09-02T16:21:35.893914
2694,"Saga, Volume 2 (Saga (Collected Editions) #2)",11.75,In stock,star-rating Three,https://books.toscrape.com/catalogue/saga-volume-2-saga-collected-editions-2_107/index.html,2026-09-02T16:21:36.045111
2695,"Run, Spot, Run: The Ethics of Keeping Pets",20.02,In stock,star-rating One,https://books.toscrape.com/catalogue/run-spot-run-the-ethics-of-keeping-pets_106/index.html,2026-09-02T16:21:36.161068
2696,New Moon (Twilight #2),12.86,In stock,star-rating Four,https://books.toscrape.com/catalogue/new-moon-twilight-2_105/index.html,2026-09-02T16:21:36.275688
2697,Life,31.58,In stock,star-rating Five,https://books.toscrape.com/catalogue/life_104/index.html,2026-09-02T16:21:36.382831
2698,Kindle Paperwhite User's Guide,34.0,In stock,star-rating Three,https://books.toscrape.com/catalogue/kindle-paperwhite-users-guide_103/index.html,2026-09-02T16:21:36.509006
2699,H is for Hawk,57.42,In stock,star-rating Five,https://books.toscrape.com/catalogue/h-is-for-hawk_102/index.html,2026-09-02T16:21:36.607132
2700,Girl Online On Tour (Girl Online #2),53.47,In stock,star-rating One,https://books.toscrape.com/catalogue/girl-online-on-tour-girl-online-2_101/index.html,2026-09-02T16:21:36.744079
2701,"Fruits Basket, Vol. 2 (Fruits Basket #2)",11.64,In stock,star-rating Five,https://books.toscrape.com/catalogue/fruits-basket-vol-2-fruits-basket-2_100/index.html,2026-09-02T16:21:40.709553
2702,Diary of a Minecraft Zombie Book 1: A Scare of a Dare (An Unofficial Minecraft Book),52.88,In stock,star-rating Four,https://books.toscrape.com/catalogue/diary-of-a-minecraft-zombie-book-1-a-scare-of-a-dare-an-unofficial-minecraft-book_99/index.html,2026-09-02T16:21:40.880168
2703,"Y: The Last Man, Vol. 1: Unmanned (Y: The Last Man #1)",18.51,In stock,star-rating Four,https://books.toscrape.com/catalogue/y-the-last-man-vol-1-unmanned-y-the-last-man-1_98/index.html,2026-09-02T16:21:41.015142
2704,While You Were Mine,41.32,In stock,star-rating Five,https://books.toscrape.com/catalogue/while-you-were-mine_97/index.html,2026-09-02T16:21:41.211408
2705,Where Lightning Strikes (Bleeding Stars #3),39.77,In stock,star-rating Three,https://books.toscrape.com/catalogue/where-lightning-strikes-bleeding-stars-3_96/index.html,2026-09-02T16:21:41.313725
2706,When I'm Gone,51.96,In stock,star-rating Three,https://books.toscrape.com/catalogue/when-im-gone_95/index.html,2026-09-02T16:21:41.455528
2707,Ways of Seeing,39.51,In stock,star-rating Five,https://books.toscrape.com/catalogue/ways-of-seeing_94/index.html,2026-09-02T16:21:41.573960
2708,"Vampire Knight, Vol. 1 (Vampire Knight #1)",15.4,In stock,star-rating One,https://books.toscrape.com/catalogue/vampire-knight-vol-1-vampire-knight-1_93/index.html,2026-09-02T16:21:41.715266
2709,Vampire Girl (Vampire Girl #1),53.82,In stock,star-rating Two,https://books.toscrape.com/catalogue/vampire-girl-vampire-girl-1_92/index.html,2026-09-02T16:21:41.878644
2710,Twenty Love Poems and a Song of Despair,30.95,In stock,star-rating Four,https://books.toscrape.com/catalogue/twenty-love-poems-and-a-song-of-despair_91/index.html,2026-09-02T16:21:41.993711
2711,Travels with Charley: In Search of America,57.82,In stock,star-rating Five,https://books.toscrape.com/catalogue/travels-with-charley-in-search-of-america_90/index.html,2026-09-02T16:21:42.079418
2712,Three Wishes (River of Time: California #1),44.18,In stock,star-rating Two,https://books.toscrape.com/catalogue/three-wishes-river-of-time-california-1_89/index.html,2026-09-02T16:21:42.167145
2713,This One Moment (Pushing Limits #1),48.71,In stock,star-rating One,https://books.toscrape.com/catalogue/this-one-moment-pushing-limits-1_88/index.html,2026-09-02T16:21:42.241001
2714,The Zombie Room,19.69,In stock,star-rating Five,https://books.toscrape.com/catalogue/the-zombie-room_87/index.html,2026-09-02T16:21:42.317537
2715,"The Wicked + The Divine, Vol. 1: The Faust Act (The Wicked + The Divine)",36.52,In stock,star-rating Two,https://books.toscrape.com/catalogue/the-wicked-the-divine-vol-1-the-faust-act-the-wicked-the-divine_86/index.html,2026-09-02T16:21:42.400817
2716,The Tumor,41.56,In stock,star-rating Five,https://books.toscrape.com/catalogue/the-tumor_85/index.html,2026-09-02T16:21:42.494297
2717,The Story of Hong Gildong,43.19,In stock,star-rating Four,https://books.toscrape.com/catalogue/the-story-of-hong-gildong_84/index.html,2026-09-02T16:21:42.570821
2718,The Silent Wife,12.34,In stock,star-rating Five,https://books.toscrape.com/catalogue/the-silent-wife_83/index.html,2026-09-02T16:21:42.648671
2719,The Silent Twin (Detective Jennifer Knight #3),36.25,In stock,star-rating Three,https://books.toscrape.com/catalogue/the-silent-twin-detective-jennifer-knight-3_82/index.html,2026-09-02T16:21:42.724309
2720,The Selfish Gene,29.45,In stock,star-rating One,https://books.toscrape.com/catalogue/the-selfish-gene_81/index.html,2026-09-02T16:21:42.805591
2721,The Secret Healer,34.56,In stock,star-rating Three,https://books.toscrape.com/catalogue/the-secret-healer_80/index.html,2026-09-02T16:21:49.458992
2722,"The Sandman, Vol. 1: Preludes and Nocturnes (The Sandman (volumes) #1)",54.12,In stock,star-rating Three,https://books.toscrape.com/catalogue/the-sandman-vol-1-preludes-and-nocturnes-the-sandman-volumes-1_79/index.html,2026-09-02T16:21:49.565867
2723,The Republic,33.78,In stock,star-rating Three,https://books.toscrape.com/catalogue/the-republic_78/index.html,2026-09-02T16:21:49.694202
2724,The Odyssey,29.64,In stock,star-rating Three,https://books.toscrape.com/catalogue/the-odyssey_77/index.html,2026-09-02T16:21:49.815157
2725,The No. 1 Ladies' Detective Agency (No. 1 Ladies' Detective Agency #1),57.7,In stock,star-rating Four,https://books.toscrape.com/catalogue/the-no-1-ladies-detective-agency-no-1-ladies-detective-agency-1_76/index.html,2026-09-02T16:21:49.929355
2726,The Nicomachean Ethics,36.34,In stock,star-rating One,https://books.toscrape.com/catalogue/the-nicomachean-ethics_75/index.html,2026-09-02T16:21:50.083706
2727,The Name of the Wind (The Kingkiller Chronicle #1),50.59,In stock,star-rating Three,https://books.toscrape.com/catalogue/the-name-of-the-wind-the-kingkiller-chronicle-1_74/index.html,2026-09-02T16:21:50.218874
2728,The Mirror & the Maze (The Wrath and the Dawn #1.5),29.38,In stock,star-rating One,https://books.toscrape.com/catalogue/the-mirror-the-maze-the-wrath-and-the-dawn-15_73/index.html,2026-09-02T16:21:50.333140
2729,The Little Prince,45.42,In stock,star-rating Two,https://books.toscrape.com/catalogue/the-little-prince_72/index.html,2026-09-02T16:21:50.426785
2730,The Light of the Fireflies,54.43,In stock,star-rating One,https://books.toscrape.com/catalogue/the-light-of-the-fireflies_71/index.html,2026-09-02T16:21:50.526216
2731,The Last Girl (The Dominion Trilogy #1),36.26,In stock,star-rating Two,https://books.toscrape.com/catalogue/the-last-girl-the-dominion-trilogy-1_70/index.html,2026-09-02T16:21:50.603488
2732,The Iliad,16.16,In stock,star-rating One,https://books.toscrape.com/catalogue/the-iliad_69/index.html,2026-09-02T16:21:50.757569
2733,The Hook Up (Game On #1),36.29,In stock,star-rating Five,https://books.toscrape.com/catalogue/the-hook-up-game-on-1_68/index.html,2026-09-02T16:21:50.908513
2734,The Haters,27.89,In stock,star-rating Five,https://books.toscrape.com/catalogue/the-haters_67/index.html,2026-09-02T16:21:51.018522
2735,The Girl You Lost,12.29,In stock,star-rating Five,https://books.toscrape.com/catalogue/the-girl-you-lost_66/index.html,2026-09-02T16:21:51.094817
2736,The Girl In The Ice (DCI Erika Foster #1),15.85,In stock,star-rating Three,https://books.toscrape.com/catalogue/the-girl-in-the-ice-dci-erika-foster-1_65/index.html,2026-09-02T16:21:51.168655
2737,The End of the Jesus Era (An Investigation #1),14.4,In stock,star-rating One,https://books.toscrape.com/catalogue/the-end-of-the-jesus-era-an-investigation-1_64/index.html,2026-09-02T16:21:51.250135
2738,The Edge of Reason (Bridget Jones #2),19.18,In stock,star-rating Four,https://books.toscrape.com/catalogue/the-edge-of-reason-bridget-jones-2_63/index.html,2026-09-02T16:21:51.367561
2739,The Complete Maus (Maus #1-2),10.64,In stock,star-rating Three,https://books.toscrape.com/catalogue/the-complete-maus-maus-1-2_62/index.html,2026-09-02T16:21:51.449305
2740,The Communist Manifesto,14.76,In stock,star-rating Three,https://books.toscrape.com/catalogue/the-communist-manifesto_61/index.html,2026-09-02T16:21:51.536963
2741,The Bhagavad Gita,57.49,In stock,star-rating Three,https://books.toscrape.com/catalogue/the-bhagavad-gita_60/index.html,2026-09-02T16:21:55.873990
2742,The Bette Davis Club,30.66,In stock,star-rating Three,https://books.toscrape.com/catalogue/the-bette-davis-club_59/index.html,2026-09-02T16:21:55.984907
2743,The Art of Not Breathing,40.83,In stock,star-rating Four,https://books.toscrape.com/catalogue/the-art-of-not-breathing_58/index.html,2026-09-02T16:21:56.140399
2744,Taking Shots (Assassins #1),18.88,In stock,star-rating Two,https://books.toscrape.com/catalogue/taking-shots-assassins-1_57/index.html,2026-09-02T16:21:56.247521
2745,Starlark,25.83,In stock,star-rating Three,https://books.toscrape.com/catalogue/starlark_56/index.html,2026-09-02T16:21:56.336840
2746,"Skip Beat!, Vol. 01 (Skip Beat! #1)",42.12,In stock,star-rating Three,https://books.toscrape.com/catalogue/skip-beat-vol-01-skip-beat-1_55/index.html,2026-09-02T16:21:56.429428
2747,Sister Sable (The Mad Queen #1),13.33,In stock,star-rating Three,https://books.toscrape.com/catalogue/sister-sable-the-mad-queen-1_54/index.html,2026-09-02T16:21:56.514169
2748,Shatter Me (Shatter Me #1),42.4,In stock,star-rating One,https://books.toscrape.com/catalogue/shatter-me-shatter-me-1_53/index.html,2026-09-02T16:21:56.597003
2749,Shameless,58.35,In stock,star-rating Three,https://books.toscrape.com/catalogue/shameless_52/index.html,2026-09-02T16:21:56.675873
2750,Shadow Rites (Jane Yellowrock #10),21.72,In stock,star-rating Four,https://books.toscrape.com/catalogue/shadow-rites-jane-yellowrock-10_51/index.html,2026-09-02T16:21:56.776019
2751,Settling the Score (The Summer Games #1),44.91,In stock,star-rating Two,https://books.toscrape.com/catalogue/settling-the-score-the-summer-games-1_50/index.html,2026-09-02T16:21:56.899806
2752,Sense and Sensibility,37.46,In stock,star-rating One,https://books.toscrape.com/catalogue/sense-and-sensibility_49/index.html,2026-09-02T16:21:56.990050
2753,"Saga, Volume 1 (Saga (Collected Editions) #1)",28.48,In stock,star-rating One,https://books.toscrape.com/catalogue/saga-volume-1-saga-collected-editions-1_48/index.html,2026-09-02T16:21:57.106779
2754,"Rhythm, Chord & Malykhin",28.34,In stock,star-rating Two,https://books.toscrape.com/catalogue/rhythm-chord-malykhin_47/index.html,2026-09-02T16:21:57.257979
2755,"Rat Queens, Vol. 1: Sass & Sorcery (Rat Queens (Collected Editions) #1-5)",46.96,In stock,star-rating Five,https://books.toscrape.com/catalogue/rat-queens-vol-1-sass-sorcery-rat-queens-collected-editions-1-5_46/index.html,2026-09-02T16:21:57.400778
2756,Paradise Lost (Paradise #1),24.96,In stock,star-rating One,https://books.toscrape.com/catalogue/paradise-lost-paradise-1_45/index.html,2026-09-02T16:21:57.525341
2757,"Paper Girls, Vol. 1 (Paper Girls #1-5)",21.71,In stock,star-rating Four,https://books.toscrape.com/catalogue/paper-girls-vol-1-paper-girls-1-5_44/index.html,2026-09-02T16:21:57.674782
2758,"Ouran High School Host Club, Vol. 1 (Ouran High School Host Club #1)",29.87,In stock,star-rating Three,https://books.toscrape.com/catalogue/ouran-high-school-host-club-vol-1-ouran-high-school-host-club-1_43/index.html,2026-09-02T16:21:57.766630
2759,Origins (Alphas 0.5),28.99,In stock,star-rating One,https://books.toscrape.com/catalogue/origins-alphas-05_42/index.html,2026-09-02T16:21:57.884941
2760,One Second (Seven #7),52.94,In stock,star-rating Two,https://books.toscrape.com/catalogue/one-second-seven-7_41/index.html,2026-09-02T16:21:58.023019
2761,On the Road (Duluoz Legend),32.36,In stock,star-rating Three,https://books.toscrape.com/catalogue/on-the-road-duluoz-legend_40/index.html,2026-09-02T16:22:02.084148
2762,Old Records Never Die: One Man's Quest for His Vinyl and His Past,55.66,In stock,star-rating Two,https://books.toscrape.com/catalogue/old-records-never-die-one-mans-quest-for-his-vinyl-and-his-past_39/index.html,2026-09-02T16:22:02.270533
2763,Off Sides (Off #1),39.45,In stock,star-rating Five,https://books.toscrape.com/catalogue/off-sides-off-1_38/index.html,2026-09-02T16:22:02.401590
2764,Of Mice and Men,47.11,In stock,star-rating Two,https://books.toscrape.com/catalogue/of-mice-and-men_37/index.html,2026-09-02T16:22:02.477619
2765,Myriad (Prentor #1),58.75,In stock,star-rating Four,https://books.toscrape.com/catalogue/myriad-prentor-1_36/index.html,2026-09-02T16:22:02.560320
2766,My Perfect Mistake (Over the Top #1),38.92,In stock,star-rating Two,https://books.toscrape.com/catalogue/my-perfect-mistake-over-the-top-1_35/index.html,2026-09-02T16:22:02.658393
2767,"Ms. Marvel, Vol. 1: No Normal (Ms. Marvel (2014-2015) #1)",39.39,In stock,star-rating Four,https://books.toscrape.com/catalogue/ms-marvel-vol-1-no-normal-ms-marvel-2014-2015-1_34/index.html,2026-09-02T16:22:02.807581
2768,Meditations,25.89,In stock,star-rating Two,https://books.toscrape.com/catalogue/meditations_33/index.html,2026-09-02T16:22:02.907907
2769,Matilda,28.34,In stock,star-rating One,https://books.toscrape.com/catalogue/matilda_32/index.html,2026-09-02T16:22:03.010137
2770,Lost Among the Living,27.7,In stock,star-rating Four,https://books.toscrape.com/catalogue/lost-among-the-living_31/index.html,2026-09-02T16:22:03.091522
2771,Lord of the Flies,24.89,In stock,star-rating Three,https://books.toscrape.com/catalogue/lord-of-the-flies_30/index.html,2026-09-02T16:22:03.185153
2772,Listen to Me (Fusion #1),58.99,In stock,star-rating Three,https://books.toscrape.com/catalogue/listen-to-me-fusion-1_29/index.html,2026-09-02T16:22:03.327366
2773,Kitchens of the Great Midwest,57.2,In stock,star-rating Five,https://books.toscrape.com/catalogue/kitchens-of-the-great-midwest_28/index.html,2026-09-02T16:22:03.432010
2774,Jane Eyre,38.43,In stock,star-rating Five,https://books.toscrape.com/catalogue/jane-eyre_27/index.html,2026-09-02T16:22:03.554654
2775,Imperfect Harmony,34.74,In stock,star-rating Four,https://books.toscrape.com/catalogue/imperfect-harmony_26/index.html,2026-09-02T16:22:03.647524
2776,Icing (Aces Hockey #2),40.44,In stock,star-rating Four,https://books.toscrape.com/catalogue/icing-aces-hockey-2_25/index.html,2026-09-02T16:22:03.753473
2777,"Hawkeye, Vol. 1: My Life as a Weapon (Hawkeye #1)",45.24,In stock,star-rating Three,https://books.toscrape.com/catalogue/hawkeye-vol-1-my-life-as-a-weapon-hawkeye-1_24/index.html,2026-09-02T16:22:03.894285
2778,Having the Barbarian's Baby (Ice Planet Barbarians #7.5),34.96,In stock,star-rating Four,https://books.toscrape.com/catalogue/having-the-barbarians-baby-ice-planet-barbarians-75_23/index.html,2026-09-02T16:22:03.984091
2779,"Giant Days, Vol. 1 (Giant Days #1-4)",56.76,In stock,star-rating Four,https://books.toscrape.com/catalogue/giant-days-vol-1-giant-days-1-4_22/index.html,2026-09-02T16:22:04.065151
2780,"Fruits Basket, Vol. 1 (Fruits Basket #1)",40.28,In stock,star-rating Five,https://books.toscrape.com/catalogue/fruits-basket-vol-1-fruits-basket-1_21/index.html,2026-09-02T16:22:04.151767
2781,Frankenstein,38.0,In stock,star-rating Two,https://books.toscrape.com/catalogue/frankenstein_20/index.html,2026-09-02T16:22:09.738437
2782,Forever Rockers (The Rocker #12),28.8,In stock,star-rating Three,https://books.toscrape.com/catalogue/forever-rockers-the-rocker-12_19/index.html,2026-09-02T16:22:09.823108
2783,Fighting Fate (Fighting #6),39.24,In stock,star-rating Three,https://books.toscrape.com/catalogue/fighting-fate-fighting-6_18/index.html,2026-09-02T16:22:09.890106
2784,Emma,32.93,In stock,star-rating Two,https://books.toscrape.com/catalogue/emma_17/index.html,2026-09-02T16:22:09.954640
2785,"Eat, Pray, Love",51.32,In stock,star-rating Three,https://books.toscrape.com/catalogue/eat-pray-love_16/index.html,2026-09-02T16:22:10.062393
2786,Deep Under (Walker Security #1),47.09,In stock,star-rating Five,https://books.toscrape.com/catalogue/deep-under-walker-security-1_15/index.html,2026-09-02T16:22:10.166541
2787,Choosing Our Religion: The Spiritual Lives of America's Nones,28.42,In stock,star-rating Four,https://books.toscrape.com/catalogue/choosing-our-religion-the-spiritual-lives-of-americas-nones_14/index.html,2026-09-02T16:22:10.245863
2788,Charlie and the Chocolate Factory (Charlie Bucket #1),22.85,In stock,star-rating Three,https://books.toscrape.com/catalogue/charlie-and-the-chocolate-factory-charlie-bucket-1_13/index.html,2026-09-02T16:22:10.314168
2789,Charity's Cross (Charles Towne Belles #4),41.24,In stock,star-rating One,https://books.toscrape.com/catalogue/charitys-cross-charles-towne-belles-4_12/index.html,2026-09-02T16:22:10.381049
2790,Bright Lines,39.07,In stock,star-rating Five,https://books.toscrape.com/catalogue/bright-lines_11/index.html,2026-09-02T16:22:10.450656
2791,Bridget Jones's Diary (Bridget Jones #1),29.82,In stock,star-rating One,https://books.toscrape.com/catalogue/bridget-joness-diary-bridget-jones-1_10/index.html,2026-09-02T16:22:10.524074
2792,Bounty (Colorado Mountain #7),37.26,In stock,star-rating Four,https://books.toscrape.com/catalogue/bounty-colorado-mountain-7_9/index.html,2026-09-02T16:22:10.608263
2793,Blood Defense (Samantha Brinkman #1),20.3,In stock,star-rating Three,https://books.toscrape.com/catalogue/blood-defense-samantha-brinkman-1_8/index.html,2026-09-02T16:22:10.690797
2794,"Bleach, Vol. 1: Strawberry and the Soul Reapers (Bleach #1)",34.65,In stock,star-rating Five,https://books.toscrape.com/catalogue/bleach-vol-1-strawberry-and-the-soul-reapers-bleach-1_7/index.html,2026-09-02T16:22:10.768223
2795,Beyond Good and Evil,43.38,In stock,star-rating One,https://books.toscrape.com/catalogue/beyond-good-and-evil_6/index.html,2026-09-02T16:22:10.863311
2796,Alice in Wonderland (Alice's Adventures in Wonderland #1),55.53,In stock,star-rating One,https://books.toscrape.com/catalogue/alice-in-wonderland-alices-adventures-in-wonderland-1_5/index.html,2026-09-02T16:22:10.950013
2797,"Ajin: Demi-Human, Volume 1 (Ajin: Demi-Human #1)",57.06,In stock,star-rating Four,https://books.toscrape.com/catalogue/ajin-demi-human-volume-1-ajin-demi-human-1_4/index.html,2026-09-02T16:22:11.058348
2798,A Spy's Devotion (The Regency Spies of London #1),16.97,In stock,star-rating Five,https://books.toscrape.com/catalogue/a-spys-devotion-the-regency-spies-of-london-1_3/index.html,2026-09-02T16:22:11.152349
2799,1st to Die (Women's Murder Club #1),53.98,In stock,star-rating One,https://books.toscrape.com/catalogue/1st-to-die-womens-murder-club-1_2/index.html,2026-09-02T16:22:11.271376
2800,"1,000 Places to See Before You Die",26.08,In stock,star-rating Five,https://books.toscrape.com/catalogue/1000-places-to-see-before-you-die_1/index.html,2026-09-02T16:22:11.344557
